insee,nom,score,reseau,n_manquants,parametres_manquants
27514,SAINT-AUBIN-DU-THENNEY,,,6,"ca_hardness,alkalinity,ph,tds,na,cl"
27552,SAINT-JEAN-DU-THENNEY,,,6,"ca_hardness,alkalinity,ph,tds,na,cl"
45105,CORTRAT,,,4,"ca_hardness,alkalinity,na,cl"
76218,DOUDEAUVILLE,,,4,"ca_hardness,alkalinity,na,cl"
45016,AUTRY-LE-CHATEL,,,4,"ca_hardness,alkalinity,na,cl"
45251,PIERREFITTE-ES-BOIS,,,4,"ca_hardness,alkalinity,na,cl"
51246,FAVRESSE,,,4,"ca_hardness,alkalinity,na,cl"
80063,BEAUCHAMPS,,,4,"ca_hardness,alkalinity,na,cl"
76463,NEUF-MARCHE,,,4,"ca_hardness,alkalinity,na,cl"
45085,CHATILLON-COLIGNY,,,4,"ca_hardness,alkalinity,na,cl"
80120,BOUILLANCOURT-EN-SERY,,,4,"ca_hardness,alkalinity,na,cl"
02406,LANDRICOURT,,,4,"ca_hardness,alkalinity,na,cl"
02619,PREMONTRE,,,4,"ca_hardness,alkalinity,na,cl"
25269,GERMONDANS,,,4,"ca_hardness,alkalinity,na,cl"
45160,GRENEVILLE-EN-BEAUCE,,,4,"ca_hardness,alkalinity,na,cl"
45226,NEUVY-EN-SULLIAS,,,4,"ca_hardness,alkalinity,na,cl"
02386,IRON,,,4,"ca_hardness,alkalinity,na,cl"
45185,LOMBREUIL,,,4,"ca_hardness,alkalinity,na,cl"
51183,COURCY,,,4,"ca_hardness,alkalinity,na,cl"
76242,ERNEMONT-LA-VILLETTE,,,4,"ca_hardness,alkalinity,na,cl"
28183,GOMMERVILLE ,,,4,"ca_hardness,alkalinity,na,cl"
60093,BOULOGNE-LA-GRASSE,,,4,"ca_hardness,alkalinity,na,cl"
76352,HAYE (LA),,,4,"ca_hardness,alkalinity,na,cl"
25615,VILLARS-LES-BLAMONT,,,4,"ca_hardness,alkalinity,na,cl"
2A032,BASTELICACCIA,,,4,"ca_hardness,alkalinity,na,cl"
02561,NOUVION-LE-VINEUX,,,4,"ca_hardness,alkalinity,na,cl"
14087,BONNOEIL,0.2,,4,"ca_hardness,ph,tds,na"
14650,SAINT-PIERRE-DU-FRESNE,0.2,,4,"ca_hardness,ph,tds,na"
15007,ANTERRIEUX,0.5243,LES VERGNES,4,"ca_hardness,ph,tds,na"
15034,CHALIERS,0.552,CHALIERS - CLAVIERES - LORCIERES,4,"ca_hardness,ph,tds,na"
15073,FRIDEFONT,0.5243,LES VERGNES,4,"ca_hardness,ph,tds,na"
15170,SAINT-AMANDIN,0.8865,LAQUAIRIE - BAGIL - ST AMANDIN,4,"ca_hardness,ph,tds,na"
18270,VALLENAY,0.6133,SMEACL (SIDIAILLES),4,"ca_hardness,ph,tds,na"
19009,ANGLES-SUR-CORREZE (LES),0.7147,LA BITARELLE - LES ANGLES (UDI),4,"ca_hardness,ph,tds,na"
21036,AUXANT,0.1987,"SIAEP D'ARNAY, R. DE THOISY LE D.",4,"ca_hardness,ph,tds,na"
21042,BAGNOT,0.1987,"SIAEP DE SEURRE, R. GLANON NORD",4,"ca_hardness,ph,tds,na"
21197,CORPOYER-LA-CHAPELLE,0.1987,CORPOYER LA CHAPELLE,4,"ca_hardness,ph,tds,na"
21216,CULETRE,0.198,"SIAEP D'ARNAY, R. DE THOISY LE D.",4,"ca_hardness,ph,tds,na"
21222,CUSSY-LE-CHATEL,0.1993,"SIAEP D'ARNAY, R. DE THOISY LE D.",4,"ca_hardness,ph,tds,na"
21274,FOISSY,0.1973,"SIAEP D'ARNAY, R. DE THOISY LE D.",4,"ca_hardness,ph,tds,na"
21354,LONGECOURT-LES-CULETRE,0.1996,"SIAEP D'ARNAY, R. DE THOISY LE D.",4,"ca_hardness,ph,tds,na"
21368,MAGNY-LES-VILLERS,0.2,"CC GEVREY ET NUITS, R. CABCS",4,"ca_hardness,ph,tds,na"
21414,MIMEURE,0.2,"SIAEP D'ARNAY, R. DE THOISY LE D.",4,"ca_hardness,ph,tds,na"
21476,PAINBLANC,0.2,"SIAEP D'ARNAY, R. DE THOISY LE D.",4,"ca_hardness,ph,tds,na"
21629,THOISY-LA-BERCHERE,0.9253,"SESAM, R. THOISY VILLARGOIX",4,"ca_hardness,ph,tds,na"
21653,VANNAIRE,0.1982,SIAEP DE CHAUMONT/OBTREE,4,"ca_hardness,ph,tds,na"
21660,VEILLY,0.1993,"SIAEP D'ARNAY, R. DE THOISY LE D.",4,"ca_hardness,ph,tds,na"
21677,VIC-DES-PRES,0.196,"SIAEP D'ARNAY, R. DE THOISY LE D.",4,"ca_hardness,ph,tds,na"
21708,VILLY-LE-MOUTIER,0.2,"CC GEVREY ET NUITS, R. CABCS",4,"ca_hardness,ph,tds,na"
22088,KERIEN,0.8773,,4,"ca_hardness,ph,tds,na"
22103,LANGROLAY-SUR-RANCE,0.968,,4,"ca_hardness,ph,tds,na"
22139,MAGOAR,0.7387,,4,"ca_hardness,ph,tds,na"
22189,PLESIDY,0.8436,,4,"ca_hardness,ph,tds,na"
22249,PONT-MELVEZ,0.8827,,4,"ca_hardness,ph,tds,na"
22302,SAINT-JACUT-DE-LA-MER,0.9979,,4,"ca_hardness,ph,tds,na"
23045,CHAMBON-SUR-VOUEIZE,0.971,EVAUX BUDELIERE CHAMBON,4,"ca_hardness,ph,tds,na"
23128,MAZEIRAT,0.848,PIONNAT,4,"ca_hardness,ph,tds,na"
24418,SAINT-GERMAIN-DU-SALEMBRE,0.2,NEUVIC,4,"ca_hardness,ph,tds,na"
25312,HYEVRE-MAGNY,0.2,CCDB RESEAU CLERVAL,4,"ca_hardness,ph,tds,na"
25588,VAUCLUSE,0.2,VAUCLUSE,4,"ca_hardness,ph,tds,na"
27014,AMFREVILLE-SUR-ITON,0.1986,ACQUIGNY OUEST,4,"ca_hardness,ph,tds,na"
27057,BERNIENVILLE,0.2,QUITTEBEUF,4,"ca_hardness,ph,tds,na"
27061,BERTHOUVILLE,0.2,FONTAINE LA SORET,4,"ca_hardness,ph,tds,na"
27071,BOIS-HELLAIN (LE),0.2,BEUZEVILLE SUD,4,"ca_hardness,ph,tds,na"
27074,BOISNEY,0.2,FONTAINE LA SORET,4,"ca_hardness,ph,tds,na"
27099,BOULAY-MORIN (LE),0.2,EPN BROSVILLE,4,"ca_hardness,ph,tds,na"
27110,BRESTOT,0.2,ROUGEMONTIERS,4,"ca_hardness,ph,tds,na"
27146,CHAPELLE-BAYVEL (LA),0.2,BEUZEVILLE SUD,4,"ca_hardness,ph,tds,na"
27147,CHAPELLE-DU-BOIS-DES-FAULX (LA),0.2,EPN BROSVILLE,4,"ca_hardness,ph,tds,na"
27182,COURTEILLES,0.1977,VERNEUIL EST,4,"ca_hardness,ph,tds,na"
27200,DARDEZ,0.2,EPN BROSVILLE,4,"ca_hardness,ph,tds,na"
27212,ECAUVILLE,0.2,QUITTEBEUF,4,"ca_hardness,ph,tds,na"
27216,EMALLEVILLE,0.2,EPN BROSVILLE,4,"ca_hardness,ph,tds,na"
27228,ETURQUERAYE,0.2,ROUGEMONTIERS,4,"ca_hardness,ph,tds,na"
27240,FERRIERE-SUR-RISLE (LA),0.2,AJOU,4,"ca_hardness,ph,tds,na"
27266,FRANQUEVILLE,0.2,FONTAINE LA SORET,4,"ca_hardness,ph,tds,na"
27290,GOUPIL-OTHON,0.1999,GOUPILLIERES,4,"ca_hardness,ph,tds,na"
27317,HAYE-AUBREE (LA),0.2,ROUGEMONTIERS,4,"ca_hardness,ph,tds,na"
27319,HAYE-DE-ROUTOT (LA),0.2,ROUGEMONTIERS,4,"ca_hardness,ph,tds,na"
27325,HECMANVILLE,0.2,FONTAINE LA SORET,4,"ca_hardness,ph,tds,na"
27341,HOSMES (L'),0.2,VERNEUIL EST,4,"ca_hardness,ph,tds,na"
27361,LANDE-SAINT-LEGER (LA),0.2,BEUZEVILLE SUD,4,"ca_hardness,ph,tds,na"
27389,MARBEUF,0.2,QUITTEBEUF,4,"ca_hardness,ph,tds,na"
27403,MESNIL-JOURDAIN (LE),0.2,SURVILLE,4,"ca_hardness,ph,tds,na"
27457,PISEUX,0.2,VERNEUIL EST,4,"ca_hardness,ph,tds,na"
27476,PREAUX (LES),0.2,BEUZEVILLE SUD,4,"ca_hardness,ph,tds,na"
27485,QUILLEBEUF-SUR-SEINE,0.2,QUILLEBEUF SUR SEINE,4,"ca_hardness,ph,tds,na"
27497,ROUGEMONTIER,0.1988,ROUGEMONTIERS,4,"ca_hardness,ph,tds,na"
27518,SAINT-AUBIN-SUR-QUILLEBEUF,0.2,QUILLEBEUF SUR SEINE,4,"ca_hardness,ph,tds,na"
27527,SAINT-CYR-DE-SALERNE,0.2,FONTAINE LA SORET,4,"ca_hardness,ph,tds,na"
27606,SAINT-SYMPHORIEN,0.2,BEUZEVILLE SUD,4,"ca_hardness,ph,tds,na"
27620,SELLES,0.2,BEUZEVILLE SUD,4,"ca_hardness,ph,tds,na"
27650,TOURNEDOS-BOIS-HUBERT,0.2,QUITTEBEUF,4,"ca_hardness,ph,tds,na"
27671,VANNECROCQ,0.2,BEUZEVILLE SUD,4,"ca_hardness,ph,tds,na"
27678,VENTES (LES),0.1993,BAUX SAINTE CROIX,4,"ca_hardness,ph,tds,na"
27686,VIEUX-PORT,0.2,QUILLEBEUF SUR SEINE,4,"ca_hardness,ph,tds,na"
28265,MONTLANDON,0.5253,SIE DE MONTLANDON-MONTIREAU,4,"ca_hardness,ph,tds,na"
2B020,AREGNO,0.984,ILE ROUSSE BAS COTIER,4,"ca_hardness,ph,tds,na"
33156,ESCOUSSANS,0.2,RIONS,4,"ca_hardness,ph,tds,na"
33231,LAROQUE,0.2,RIONS,4,"ca_hardness,ph,tds,na"
36188,SAINT-CYRAN-DU-JAMBOT,0.2,CHATILLON SUR INDRE,4,"ca_hardness,ph,tds,na"
37268,VERNEUIL-LE-CHATEAU,0.2,RILLY SUR VIENNE,4,"ca_hardness,ph,tds,na"
38211,LIEUDIEU,0.2,PONT ECLOSE CCBI,4,"ca_hardness,ph,tds,na"
38512,TRAMOLE,0.2,PONT ECLOSE CCBI,4,"ca_hardness,ph,tds,na"
39004,ABERGEMENT-LES-THESY,0.2,SIAEP DE CENTRE EST ARESCHES,4,"ca_hardness,ph,tds,na"
39060,BOIS-DE-GAND,0.2,SIE 3 RIVIÈRES - SECTEUR COLONNE,4,"ca_hardness,ph,tds,na"
39084,CERNANS,0.2,SIAEP DE CENTRE EST ARESCHES,4,"ca_hardness,ph,tds,na"
39094,CHAMOLE,0.2,SIAEP DE CENTRE EST MONTROND,4,"ca_hardness,ph,tds,na"
39100,CHAMPROUGIER,0.2,SIE 3 RIVIÈRES - SECTEUR COLONNE,4,"ca_hardness,ph,tds,na"
39119,CHATELEY (LE),0.2,SIE 3 RIVIÈRES - SECTEUR COLONNE,4,"ca_hardness,ph,tds,na"
39132,CHAUX-EN-BRESSE (LA),0.2,SIE 3 RIVIÈRES - SECTEUR COLONNE,4,"ca_hardness,ph,tds,na"
39133,CHAUX-CHAMPAGNY,0.199,SIAEP DE CENTRE EST CHILLY,4,"ca_hardness,ph,tds,na"
39136,CHEMENOT,0.2,SIE 3 RIVIÈRES - SECTEUR COLONNE,4,"ca_hardness,ph,tds,na"
39159,COLONNE,0.2,SIE 3 RIVIÈRES - SECTEUR COLONNE,4,"ca_hardness,ph,tds,na"
39202,DOURNON,0.2,SIAEP DE CENTRE EST ARESCHES,4,"ca_hardness,ph,tds,na"
39248,GERAISE,0.2,SIAEP DE CENTRE EST ARESCHES,4,"ca_hardness,ph,tds,na"
39302,LOUVATANGE,0.2,SIAEP DU VAL D'OGNON - JURA,4,"ca_hardness,ph,tds,na"
39343,MONNETAY,0.2,SIAEP DE LOUVENNE MONTREVEL,4,"ca_hardness,ph,tds,na"
39359,MONTMARLON,0.198,SIAEP DE CENTRE EST ARESCHES,4,"ca_hardness,ph,tds,na"
39363,MONTREVEL,0.2,SIAEP DE LOUVENNE MONTREVEL,4,"ca_hardness,ph,tds,na"
39364,MONTROND,0.2,SIAEP DE CENTRE EST MONTROND,4,"ca_hardness,ph,tds,na"
39386,NEUVILLEY,0.2,SIE 3 RIVIÈRES - SECTEUR COLONNE,4,"ca_hardness,ph,tds,na"
39401,OUSSIERES,0.1987,SIE 3 RIVIÈRES - SECTEUR COLONNE,4,"ca_hardness,ph,tds,na"
39402,PAGNEY,0.2,SIAEP DU VAL D'OGNON - JURA,4,"ca_hardness,ph,tds,na"
39522,SUPT,0.1973,SIAEP DE CENTRE EST ARESCHES,4,"ca_hardness,ph,tds,na"
39529,THESY,0.1993,SIAEP DE CENTRE EST ARESCHES,4,"ca_hardness,ph,tds,na"
39540,VALEMPOULIERES,0.1987,SIAEP DE CENTRE EST MONTROND,4,"ca_hardness,ph,tds,na"
39575,VILLEY (LE),0.2,SIE 3 RIVIÈRES - SECTEUR COLONNE,4,"ca_hardness,ph,tds,na"
40166,LUSSAGNET,0.1987,PAYS_GRENADOIS_PAR_ST-GEIN,4,"ca_hardness,ph,tds,na"
40329,VIGNAU (LE),0.1995,PAYS_GRENADOIS_PAR_ST-GEIN,4,"ca_hardness,ph,tds,na"
41098,GOMBERGEAN,0.2,ST GOURGON,4,"ca_hardness,ph,tds,na"
41286,VILLEPORCHER,0.2,ST GOURGON,4,"ca_hardness,ph,tds,na"
43085,DESGES,0.4128,DESGES-PINOLS-TAILHAC,4,"ca_hardness,ph,tds,na"
43106,JAX,0.807,,4,"ca_hardness,ph,tds,na"
43231,SALETTES,0.9564,SAINT MARTIN-SALETTES,4,"ca_hardness,ph,tds,na"
43263,VIELPRAT,0.9563,,4,"ca_hardness,ph,tds,na"
44054,ERBRAY,0.1997,SECTEUR-PAYS DE LA MEE-SUD,4,"ca_hardness,ph,tds,na"
44075,ISSE,0.1995,SECTEUR-PAYS DE LA MEE-SUD,4,"ca_hardness,ph,tds,na"
44085,LOUISFERT,0.2,SECTEUR-PAYS DE LA MEE-SUD,4,"ca_hardness,ph,tds,na"
44095,MEILLERAYE-DE-BRETAGNE (LA),0.1997,SECTEUR-PAYS DE LA MEE-SUD,4,"ca_hardness,ph,tds,na"
44099,MOISDON-LA-RIVIERE,0.199,SECTEUR-PAYS DE LA MEE-SUD,4,"ca_hardness,ph,tds,na"
44193,SAINT-VINCENT-DES-LANDES,0.1998,SECTEUR-PAYS DE LA MEE-SUD,4,"ca_hardness,ph,tds,na"
45011,ATTRAY,0.2,ATTRAY,4,"ca_hardness,ph,tds,na"
47085,DURANCE,0.2,PDL - BOUSSES,4,"ca_hardness,ph,tds,na"
49011,ARTANNES-SUR-THOUET,0.4814,DOUESSIN,4,"ca_hardness,ph,tds,na"
49053,BROSSAY,0.48,DOUESSIN,4,"ca_hardness,ph,tds,na"
49112,COUDRAY-MACOUARD (LE),0.4814,DOUESSIN,4,"ca_hardness,ph,tds,na"
49182,LOURESSE-ROCHEMENIER,0.4814,DOUESSIN,4,"ca_hardness,ph,tds,na"
49262,ROU-MARSON,0.4814,DOUESSIN,4,"ca_hardness,ph,tds,na"
49359,ULMES (LES),0.4807,DOUESSIN,4,"ca_hardness,ph,tds,na"
50268,LESTRE,0.3813,,4,"ca_hardness,ph,tds,na"
50495,SAINT-JEAN-DU-CORAIL-DES-BOIS,0.6533,,4,"ca_hardness,ph,tds,na"
50607,TRINITE (LA),0.9573,,4,"ca_hardness,ph,tds,na"
51546,SOMME-SUIPPE,0.2,,4,"ca_hardness,ph,tds,na"
53230,SAINT-JULIEN-DU-TERROUX,0.1993,LA BAROCHE,4,"ca_hardness,ph,tds,na"
59048,BANTIGNY,0.2,CUVILLERS,4,"ca_hardness,ph,tds,na"
59109,BRILLON,0.2,LANDAS,4,"ca_hardness,ph,tds,na"
59167,CUVILLERS,0.2,,4,"ca_hardness,ph,tds,na"
59511,ROSULT,0.2,LECELLES,4,"ca_hardness,ph,tds,na"
59596,TILLOY-LEZ-MARCHIENNES,0.2,LANDAS,4,"ca_hardness,ph,tds,na"
59643,WARNETON,0.2,VERLINGHEM,4,"ca_hardness,ph,tds,na"
61259,MENIL-BERARD (LE),0.2,,4,"ca_hardness,ph,tds,na"
61439,SAINT-OUEN-LE-BRISOULT,0.712,,4,"ca_hardness,ph,tds,na"
61499,VENTES-DE-BOURSE (LES),0.2,,4,"ca_hardness,ph,tds,na"
70027,ARGILLIERES,0.2,SIAEP DU VANNON HAUT SERVICE,4,"ca_hardness,ph,tds,na"
70126,CHANCEY,0.2,SIEVO ALIM PAR COURCHAPON AP RECHLO,4,"ca_hardness,ph,tds,na"
70181,COURCUIRE,0.2,RESEAU SECTEUR AVRIGNEY,4,"ca_hardness,ph,tds,na"
70183,COURTESOULT-ET-GATEY,0.2,SIAEP DU VANNON HAUT SERVICE,4,"ca_hardness,ph,tds,na"
70187,CREVANS-ET-LA-CHAPELLE-LES-GRANGES,0.7867,RESEAU SIX BOEUFS AVANT RECHLORATION,4,"ca_hardness,ph,tds,na"
70193,CULT,0.2,RESEAU SECTEUR AVRIGNEY,4,"ca_hardness,ph,tds,na"
70199,DAMPVALLEY-LES-COLOMBE,0.2,SIAEP DE VILLERS LE SEC AVAL,4,"ca_hardness,ph,tds,na"
70233,FESSEY (LES),0.4507,,4,"ca_hardness,ph,tds,na"
70286,HUGIER,0.2,SIEVO ALIM PAR COURCHAPON,4,"ca_hardness,ph,tds,na"
70353,MONTAGNEY,0.2,SIEVO ALIM PAR COURCHAPON,4,"ca_hardness,ph,tds,na"
70374,MOTEY-BESUCHE,0.2,SIEVO ALIM PAR COURCHAPON,4,"ca_hardness,ph,tds,na"
70509,TROMAREY,0.2,SIEVO ALIM PAR COURCHAPON AP RECHLO,4,"ca_hardness,ph,tds,na"
70576,VOUGECOURT,0.2,SIAEP DU HAUT DU POMMIER,4,"ca_hardness,ph,tds,na"
71030,BERGESSERIN,0.2,HAUTE GROSNE-SAONE GROSNE,4,"ca_hardness,ph,tds,na"
71050,BOURGVILAIN,0.2,HAUTE GROSNE-SAONE GROSNE,4,"ca_hardness,ph,tds,na"
71082,CHAMPLECY,0.6122,BOURBINCE OUDRACHE-VARENNE,4,"ca_hardness,ph,tds,na"
71203,FONTENAY,0.6122,BOURBINCE OUDRACHE-VARENNE,4,"ca_hardness,ph,tds,na"
71224,GRANDVAUX,0.6122,BOURBINCE OUDRACHE-VARENNE,4,"ca_hardness,ph,tds,na"
71240,JALOGNY,0.2,HAUTE GROSNE-SAONE GROSNE,4,"ca_hardness,ph,tds,na"
71290,MAZILLE,0.2,HAUTE GROSNE-SAONE GROSNE,4,"ca_hardness,ph,tds,na"
71343,PARIS-L'HOPITAL,0.2,COZANNE,4,"ca_hardness,ph,tds,na"
71388,SAINT-AUBIN-EN-CHAROLLAIS,0.6122,BOURBINCE OUDRACHE-VARENNE,4,"ca_hardness,ph,tds,na"
71397,SAINTE-CECILE,0.2,HAUTE GROSNE-SAONE GROSNE,4,"ca_hardness,ph,tds,na"
71439,SAINT-LEGER-LES-PARAY,0.6122,BOURBINCE OUDRACHE-VARENNE,4,"ca_hardness,ph,tds,na"
71441,SAINT-LEGER-SOUS-LA-BUSSIERE,0.2,HAUTE GROSNE-SAONE GROSNE,4,"ca_hardness,ph,tds,na"
71470,SAINT-POINT,0.2,HAUTE GROSNE-SAONE GROSNE,4,"ca_hardness,ph,tds,na"
71518,SERRIERES,0.2,SERRIERES,4,"ca_hardness,ph,tds,na"
71590,VOLESVRES,0.6122,BOURBINCE OUDRACHE-VARENNE,4,"ca_hardness,ph,tds,na"
74078,CLERMONT,0.2,PRINCIPALE DE CLERMONT,4,"ca_hardness,ph,tds,na"
76428,MESNIL-DURDENT (LE),0.2,STE COLOMBE,4,"ca_hardness,ph,tds,na"
76440,MOLAGNIES,0.2,CUY ST FIACRE,4,"ca_hardness,ph,tds,na"
76504,PLEINE-SEVE,0.2,STE COLOMBE,4,"ca_hardness,ph,tds,na"
76725,VATTETOT-SOUS-BEAUMONT,0.2,BREAUTE VATTETOT BORNANBUSC,4,"ca_hardness,ph,tds,na"
77230,ICHY,0.2,ICHY,4,"ca_hardness,ph,tds,na"
90024,CHAVANATTE,0.2,LEPUIX NEUF,4,"ca_hardness,ph,tds,na"
90025,CHAVANNES-LES-GRANDS,0.2,LEPUIX NEUF,4,"ca_hardness,ph,tds,na"
90059,LACOLLONGE,0.9389,EGUENIGUE,4,"ca_hardness,ph,tds,na"
90067,MENONCOURT,0.9376,EGUENIGUE,4,"ca_hardness,ph,tds,na"
91112,BROUY,0.1992,BLANDY BROUY,4,"ca_hardness,ph,tds,na"
95119,BUHY,0.2,BUHY MONTREUIL SUR EPTE,4,"ca_hardness,ph,tds,na"
95543,SAINT-CYR-EN-ARTHIES,0.2,SYNDICAT DE LA MONTCIENT (95),4,"ca_hardness,ph,tds,na"
97601,ACOUA,0.1996,,4,"ca_hardness,ph,tds,na"
41251,SOUVIGNY-EN-SOLOGNE,0.1899,,3,"ca_hardness,tds,na"
41083,FERTE-BEAUHARNAIS (LA),0.1855,,3,"ca_hardness,tds,na"
41225,SAINT-MARTIN-DES-BOIS,0.2,,3,"ca_hardness,tds,na"
41160,NEUVY,0.1843,,3,"ca_hardness,tds,na"
41012,BAILLOU,0.191,,3,"ca_hardness,tds,na"
41213,SAINT-GOURGON,0.1888,,3,"ca_hardness,tds,na"
41034,CHAMBORD,0.1882,,3,"ca_hardness,tds,na"
41013,BAUZY,0.191,,3,"ca_hardness,tds,na"
41178,PLESSIS-L'ECHELLE (LE),0.1933,,3,"ca_hardness,tds,na"
41245,SERIS,0.1983,,3,"ca_hardness,tds,na"
36223,TILLY,0.2,,3,"ca_hardness,tds,na"
36036,CHALAIS,0.1978,,3,"ca_hardness,tds,na"
41036,CHAON,0.1888,,3,"ca_hardness,tds,na"
41112,LASSAY-SUR-CROISNE,0.1731,,3,"ca_hardness,tds,na"
36101,LUANT,0.1944,,3,"ca_hardness,tds,na"
36131,MOSNAY,0.2,,3,"ca_hardness,tds,na"
41127,MAROLLE-EN-SOLOGNE (LA),0.1906,,3,"ca_hardness,tds,na"
45063,CERDON,0.1936,,3,"ca_hardness,na,cl"
45291,SAINT-MARTIN-SUR-OCRE,0.1793,,3,"ca_hardness,na,cl"
45077,CHAPELLE-SUR-AVEYRON (LA),0.5583,,3,"ca_hardness,na,cl"
45257,PRESSIGNY-LES-PINS,0.6313,,3,"ca_hardness,na,cl"
51292,HERPONT,0.1955,,3,"ca_hardness,tds,na"
26318,SAINT-MAY,0.1978,,3,"ca_hardness,tds,na"
05091,MOYDANS,0.1955,,3,"ca_hardness,tds,na"
26062,BRETTE,0.191,,3,"ca_hardness,tds,na"
01100,CHEIGNIEU-LA-BALME,0.2,CHEIGNIEU-LA-BALME ROSSILLON,3,"ph,tds,na"
01162,FLAXIEU,0.2,,3,"ph,tds,na"
02253,CUISY-EN-ALMONT,0.2,UDI CUISY TARTIERS VAUXREZIS,3,"ph,tds,na"
02736,TARTIERS,0.2,UDI CUISY TARTIERS VAUXREZIS,3,"ph,tds,na"
02767,VAUXREZIS,0.2,UDI CUISY TARTIERS VAUXREZIS,3,"ph,tds,na"
02773,VAUXTIN,0.2,UDI BAZOCHES PAARS,3,"ph,tds,na"
03180,MONTBEUGNY,0.3804,RESEAU MELANGE LOIRE-ALLIER,3,"ph,tds,na"
03206,PETITE-MARCHE (LA),0.4941,RESEAU HAUT-CHER,3,"ph,tds,na"
03231,SAINT-FARGEOL,0.4941,RESEAU HAUT-CHER,3,"ph,tds,na"
03283,THIEL-SUR-ACOLIN,0.3804,RESEAU MELANGE LOIRE-ALLIER,3,"ph,tds,na"
06021,BONSON,0.2,RESEAU PLAN DU VAR,3,"ca_hardness,ph,tds"
06028,CAILLE,0.2,CAILLE-ANDON-SERANON-VALDEROURE,3,"ca_hardness,ph,tds"
06107,ROQUE-EN-PROVENCE (LA),0.2,RESEAU SIEVI VEGAY,3,"ca_hardness,ph,tds"
08147,DRICOURT,0.2287,S17 CHEMIN BELOEUVRE,3,"ph,tds,na"
08240,JUSTINE-HERBIGNY,0.2,S57 HERBIGNY,3,"ph,tds,na"
08378,SAINT-CLEMENT-A-ARNES,0.2,S45 ST CLEMENT ET ST PIERRE,3,"ph,tds,na"
09048,BELLOC,0.4387,LAVELANET/HAUT CANTON MIREPOIX,3,"ph,tds,na"
09078,CARCANIERES,0.5999,QUERIGUT CARCANIERES LE PUCH,3,"ph,tds,na"
09108,DURBAN-SUR-ARIZE,0.2,DURBAN MONTSERON,3,"ph,tds,na"
09150,LAGARDE,0.4387,LAVELANET/HAUT CANTON MIREPOIX,3,"ph,tds,na"
09154,LARBONT,0.2,ESPLAS DE SEROU/LARBONT,3,"ph,tds,na"
09166,LEYCHERT,0.9407,FREYCHENET NALZEN LEYCHERT,3,"ph,tds,na"
09169,LIMBRASSAC,0.4387,LAVELANET/HAUT CANTON MIREPOIX,3,"ph,tds,na"
09215,NALZEN,0.9407,FREYCHENET NALZEN LEYCHERT,3,"ph,tds,na"
09233,PRADETTES,0.4387,LAVELANET/HAUT CANTON MIREPOIX,3,"ph,tds,na"
09237,PUCH (LE),0.5999,QUERIGUT CARCANIERES LE PUCH,3,"ph,tds,na"
09326,VEBRE,0.4801,,3,"ph,tds,na"
10041,BERTIGNOLLES,0.2,,3,"ph,tds,na"
10087,CHASEREY,0.2,,3,"ph,tds,na"
10097,CHERVEY,0.2,CHACENAY-CHERVEY-BERTIGNOLLES RESEAU,3,"ph,tds,na"
10176,JAUCOURT,0.2,ARSONVAL JAUCOURT RESEAU,3,"ph,tds,na"
10218,MAISONS-LES-CHAOURCE,0.2,,3,"ph,tds,na"
10290,PLANTY,0.2,SENS NORD EST SEVY RESEAU,3,"ph,tds,na"
10312,RACINES,0.2,,3,"ph,tds,na"
10318,RIGNY-LA-NONNEUSE,0.2,AVON LA PEZE-RIGNY LA NONNEUSE RESEAU,3,"ph,tds,na"
10338,SAINT-ETIENNE-SOUS-BARBUISE,0.2,VALLEE DE LA BARBUISE RESEAU,3,"ph,tds,na"
12154,MONTLAUR,0.2225,RG - BELMONT - SAINT-VINCENT,3,"ph,tds,na"
26291,SAINT-ANDEOL,0.2,S VALLEE DU QUINT,3,"ph,tds,na"
26359,VACHERES-EN-QUINT,0.2,S VALLEE DU QUINT,3,"ph,tds,na"
31217,GENOS,0.2,MALVEZIE GENOS,3,"ph,tds,na"
31369,MONT-DE-GALIE,0.2,LOURDE MONT DE GALIE,3,"ph,tds,na"
42018,BESSEY,0.7652,CCPR RBM PUITS SOURCE,3,"ph,tds,na"
42131,MAIZILLY,0.6744,SI DU SORNIN- MAIZILLY,3,"ph,tds,na"
51046,BEINE-NAUROY,0.2,CUGR BERRU-BEINE-NOGENT,3,"ph,tds,na"
51069,BLIGNY,0.2,CUGR BLIGNY,3,"ph,tds,na"
51105,CERNAY-LES-REIMS,0.2,CUGR CERNAY LES REIMS,3,"ph,tds,na"
51128,CHAPELLE-SOUS-ORBAIS (LA),0.2,CCPC LA CHAPELLE SS ORBAIS,3,"ph,tds,na"
51169,CORBEIL,0.5482,CCVCD BREBAN CORBEIL,3,"ph,tds,na"
51233,ESCARDES,0.2,CCSSOM COURGIVAUX,3,"ph,tds,na"
51240,ETREPY,0.1981,SIAEP DE BIGNICOURT ETREPY,3,"ph,tds,na"
51255,FONTAINE-EN-DORMOIS,0.2,CCAC FONTAINE GRATREUIL ROUVROY,3,"ph,tds,na"
51328,LOISY-SUR-MARNE,0.2,CCVCD VITRY HM LES INDES LOISY-SUR-MARNE,3,"ph,tds,na"
51373,MONCETZ-L'ABBAYE,0.2,SIAEP DE CLOYES SUR MARNE,3,"ph,tds,na"
51378,MONTHELON,0.2,CAECPC SECTEUR MOSLINS,3,"ph,tds,na"
51406,NORROIS,0.2,SIAEP DE CLOYES SUR MARNE,3,"ph,tds,na"
51433,PLICHANCOURT,0.199,PLICHANCOURT,3,"ph,tds,na"
51441,PONTHION,0.2,PONTHION-BRUSSON,3,"ph,tds,na"
51444,POUILLON,0.2,CUGR REGION SAINT THIERRY-CAUROY LES H.,3,"ph,tds,na"
51455,REIMS-LA-BRULEE,0.2,SIAEP DE VIVAULUX,3,"ph,tds,na"
51475,SAINT-CHERON,0.2,CCVCD RIVIERES HENRUEL SAINT CHERON,3,"ph,tds,na"
51568,THIL,0.2,CUGR REGION SAINT THIERRY-CAUROY LES H.,3,"ph,tds,na"
51598,VAUCLERC,0.2,SIAEP DE VIVAULUX,3,"ph,tds,na"
51633,VILLERS-FRANQUEUX,0.2,CUGR REGION SAINT THIERRY-CAUROY LES H.,3,"ph,tds,na"
51634,VILLERS-LE-CHATEAU,0.2,SAINT PIERRE,3,"ph,tds,na"
51639,VILLE-SOUS-ORBAIS (LA),0.2,CCPC ORBAIS LA VILLE SS ORBAIS,3,"ph,tds,na"
52042,BEAUCHEMIN,0.1973,SYNDICAT DES EAUX DU MORGON,3,"ph,tds,na"
52091,CERISIERES,0.2,SIAEP LA VIVE HAIE,3,"ph,tds,na"
52145,COUBLANC,0.2524,SYNDICAT DE MAATZ-COUBLANC,3,"ph,tds,na"
52214,GENEVROYE (LA),0.2,SIAEP LA VIVE HAIE,3,"ph,tds,na"
52319,MENNOUVEAUX,0.2,SYNDICAT LA SUEURRE ET DU LONZ,3,"ph,tds,na"
52352,NINVILLE,0.2,NINVILLE,3,"ph,tds,na"
52452,SAINT-MARTIN-LES-LANGRES,0.2,SYNDICAT DES EAUX DU MORGON,3,"ph,tds,na"
54438,PULNEY,0.2,RESEAU GRIMONVILLER II,3,"ph,tds,na"
55018,AUTREVILLE-SAINT-LAMBERT,0.2,MOULINS ST HUBERT-AUTREVILLE,3,"ph,tds,na"
55055,BLANZEE,0.2,CHATILLON-BLANZEE,3,"ph,tds,na"
55460,SAINT-JULIEN-SOUS-LES-COTES,0.2,,3,"ph,tds,na"
57114,BROUVILLER,0.6374,WINTERSBOURG,3,"ph,tds,na"
57197,ERNESTVILLER,0.2,SARRALBE,3,"ph,tds,na"
57216,FLEISHEIM,0.6374,WINTERSBOURG,3,"ph,tds,na"
57263,GRUNDVILLER,0.2,SARRALBE,3,"ph,tds,na"
57264,GUEBENHOUSE,0.2,SARRALBE,3,"ph,tds,na"
57280,GUNTZVILLER,0.6374,WINTERSBOURG,3,"ph,tds,na"
57291,HANGVILLER,0.6374,WINTERSBOURG,3,"ph,tds,na"
57308,HAZEMBOURG,0.2,SARRALBE,3,"ph,tds,na"
57315,HENRIDORFF,0.6374,WINTERSBOURG,3,"ph,tds,na"
57317,HERANGE,0.6374,WINTERSBOURG,3,"ph,tds,na"
57324,HILBESHEIM,0.6374,WINTERSBOURG,3,"ph,tds,na"
57325,HILSPRICH,0.2,SARRALBE,3,"ph,tds,na"
57333,HOMMARTING,0.6374,WINTERSBOURG,3,"ph,tds,na"
57335,HONSKIRCH,0.2,VALLEE DE LA ROSE,3,"ph,tds,na"
57357,KAPPELKINGER,0.2,SARRALBE,3,"ph,tds,na"
57366,KIRVILLER,0.2,VALLEE DE LA ROSE,3,"ph,tds,na"
57397,LEY,0.1218,BENAMONT S.I.E (57),3,"ph,tds,na"
57462,METTING,0.6374,WINTERSBOURG,3,"ph,tds,na"
57468,MITTELBRONN,0.6374,WINTERSBOURG,3,"ph,tds,na"
57494,MUNSTER,0.2,VALLEE DE LA ROSE,3,"ph,tds,na"
57556,PUTTELANGE-AUX-LACS,0.2,SARRALBE,3,"ph,tds,na"
57571,REMERING-LES-PUTTELANGE,0.2,SARRALBE,3,"ph,tds,na"
57581,RICHELING,0.2,SARRALBE,3,"ph,tds,na"
57615,SAINT-JEAN-ROHRBACH,0.2,SARRALBE,3,"ph,tds,na"
57629,SARRALTROFF,0.6374,WINTERSBOURG,3,"ph,tds,na"
57635,SCHALBACH,0.6374,WINTERSBOURG,3,"ph,tds,na"
57709,VESCHEIM,0.6374,WINTERSBOURG,3,"ph,tds,na"
57713,VIEUX-LIXHEIM,0.6374,WINTERSBOURG,3,"ph,tds,na"
57725,VITTERSBOURG,0.2,VALLEE DE LA ROSE,3,"ph,tds,na"
57743,WALTEMBOURG,0.6374,WINTERSBOURG,3,"ph,tds,na"
57746,WILLERWALD,0.2,SARRALBE,3,"ph,tds,na"
57747,WINTERSBOURG,0.6374,WINTERSBOURG,3,"ph,tds,na"
58013,ARTHEL,0.2,GIRY,3,"ca_hardness,ph,tds"
58029,BEUVRON,0.2,CHEVANNES-CHANGY,3,"ca_hardness,ph,tds"
58054,CHAMPLIN,0.2,GIRY,3,"ca_hardness,ph,tds"
58064,CHATEAUNEUF-VAL-DE-BARGIS,0.6027,DOMPIERRE,3,"ca_hardness,ph,tds"
58081,COLMERY,0.6027,DOMPIERRE,3,"ca_hardness,ph,tds"
58084,CORVOL-D'EMBERNARD,0.2,CHEVANNES-CHANGY,3,"ca_hardness,ph,tds"
58101,DOMPIERRE-SUR-NIEVRE,0.199,,3,"ca_hardness,ph,tds"
58147,LURCY-LE-BOURG,0.2,GIRY,3,"ca_hardness,ph,tds"
58184,MOUSSY,0.2,GIRY,3,"ca_hardness,ph,tds"
58186,MURLIN,0.2,CHASNAY,3,"ca_hardness,ph,tds"
58188,NANNAY,0.2,CHASNAY,3,"ca_hardness,ph,tds"
58203,OULON,0.2,GIRY,3,"ca_hardness,ph,tds"
58206,PARIGNY-LA-ROSE,0.2,CHEVANNES-CHANGY,3,"ca_hardness,ph,tds"
58234,SAINT-BONNOT,0.2,GIRY,3,"ca_hardness,ph,tds"
58252,SAINT-MALO-EN-DONZIOIS,0.6027,DOMPIERRE,3,"ca_hardness,ph,tds"
63239,MONTMORIN,0.6314,ISSERTEAUX FAYET MONTMORIN,3,"ph,tds,na"
63405,SALLEDES,0.8633,MANGLIEU SALLEDES PIGNOLS,3,"ph,tds,na"
63416,SAVENNES,0.5715,MESSEIX-SAVENNES,3,"ph,tds,na"
65149,CLARAC,0.265,ARROS-PEYRAUBE,3,"ph,tds,na"
65176,FERRIERES,0.4247,,3,"ph,tds,na"
65204,GONEZ,0.2659,ARROS-PEYRAUBE,3,"ph,tds,na"
65234,JEZEAU,0.9467,,3,"ph,tds,na"
65243,LAFITOLE,0.507,SIAEP LAFITOLE,3,"ph,tds,na"
65256,LANESPEDE,0.3079,ARROS-TOURNAY,3,"ph,tds,na"
65273,LIAC,0.507,SIAEP LAFITOLE,3,"ph,tds,na"
65324,MOULEDOUS,0.2659,ARROS-PEYRAUBE,3,"ph,tds,na"
65341,OROIX,0.3629,OROIX-PINTAC-TARASTEIX,3,"ph,tds,na"
65357,PEYRAUBE,0.2659,ARROS-PEYRAUBE,3,"ph,tds,na"
65364,PINTAC,0.3649,OROIX-PINTAC-TARASTEIX,3,"ph,tds,na"
65426,SINZOS,0.2639,ARROS-PEYRAUBE,3,"ph,tds,na"
65439,TARASTEIX,0.3649,OROIX-PINTAC-TARASTEIX,3,"ph,tds,na"
69035,CENVES,0.2,CENVES JULIENAS,3,"ph,tds,na"
69075,DIEME,0.2,REGION DE TARARE PRINCIPALE,3,"ph,tds,na"
69188,SAINT-CLEMENT-SUR-VALSONNE,0.2,REGION DE TARARE PRINCIPALE,3,"ph,tds,na"
77157,DHUISY,0.2,COULOMBS EN VALOIS - CDC PDO,3,"ph,tds,na"
77204,GERMIGNY-SOUS-COULOMBS,0.2,COULOMBS EN VALOIS - CDC PDO,3,"ph,tds,na"
77207,GIRONVILLE,0.2,GIRONVILLE - SIAEP ARVILLE-GIRONVILLE,3,"ph,tds,na"
77480,VALENCE-EN-BRIE,0.2,VALENCE EN BRIE - CDC BRC,3,"ph,tds,na"
78608,TERTRE-SAINT-DENIS (LE),0.2,JOUY MAUVOISIN PERDREAUVILLE,3,"ph,tds,na"
80397,GUEUDECOURT,0.2,COMBLES UDI,3,"ph,tds,na"
80401,GUILLEMONT,0.2,COMBLES UDI,3,"ph,tds,na"
80418,HARDECOURT-AUX-BOIS,0.2,COMBLES UDI,3,"ph,tds,na"
80490,LONGUEVAL,0.2,COMBLES UDI,3,"ph,tds,na"
80538,MESNIL-EN-ARROUAISE,0.2,COMBLES UDI,3,"ph,tds,na"
80664,RANCOURT,0.2,COMBLES UDI,3,"ph,tds,na"
80695,SAILLY-SAILLISEL,0.2,COMBLES UDI,3,"ph,tds,na"
80756,THIEVRES,0.2,THIEVRES MARIEUX UDI,3,"ph,tds,na"
81098,FREJEVILLE,0.7081,SYNDICAT VSP DADOU,3,"ph,tds,na"
85083,EPINE (L'),0.391,ILE DE NOIRMOUTIER,3,"ph,tds,na"
85099,GIROUARD (LE),0.4577,RESERVOIR DU FOUR,3,"ph,tds,na"
85147,MONTOURNAIS,0.5005,HAUT BOCAGE,3,"ph,tds,na"
85149,MOREILLES,0.4057,NALLIERS,3,"ph,tds,na"
85159,NALLIERS,0.4056,NALLIERS,3,"ph,tds,na"
85187,REAUMUR,0.5014,HAUT BOCAGE,3,"ph,tds,na"
85199,SAINT-AUBIN-LA-PLAINE,0.4066,NALLIERS,3,"ph,tds,na"
85216,SAINTE-GEMME-LA-PLAINE,0.4053,NALLIERS,3,"ph,tds,na"
85218,SAINT-GEORGES-DE-POINTINDOUX,0.4581,RESERVOIR DU FOUR,3,"ph,tds,na"
85267,SAINTE-RADEGONDE-DES-NOYERS,0.4057,NALLIERS,3,"ph,tds,na"
88280,MADEGNEY,0.2,SDE HAUT DU MONT (6 COMMUNES),3,"ph,tds,na"
88378,REGNEY,0.2,SDE HAUT DU MONT (6 COMMUNES),3,"ph,tds,na"
88437,SAINT-VALLIER,0.2,SDE HAUT DU MONT (6 COMMUNES),3,"ph,tds,na"
88477,TRAMPOT,0.2,RESEAU ORQUEVAUX (88),3,"ph,tds,na"
14487,OUILLY-LE-VICOMTE,0.176,,2,"ph,tds"
59337,LEDERZEELE,0.1,EBBLINGHEM,2,"ph,tds"
97226,SAINTE-ANNE,0.6412,,2,"na,cl"
97217,MARIN (LE),0.6509,,2,"na,cl"
97228,SAINTE-MARIE,0.6117,,2,"na,cl"
49012,AUBIGNE-SUR-LAYON,0.1886,,2,"ca_hardness,na"
49028,BEHUARD,0.1841,,2,"ca_hardness,na"
44154,SAINT-BREVIN-LES-PINS,0.5,,2,"ca_hardness,na"
39057,BLOIS-SUR-SEILLE,0.1786,,2,"ca_hardness,na"
89012,ANNOUX,0.1605,,2,"ca_hardness,na"
70437,RANZEVELLE,0.1337,,2,"ca_hardness,na"
89064,CENSY,0.1677,,2,"ca_hardness,na"
70327,MALANS,0.1409,,2,"ca_hardness,na"
70192,CUGNEY,0.1932,,2,"ca_hardness,na"
70092,BRESILLEY,0.1856,,2,"ca_hardness,na"
70039,AUTOREILLE,0.1918,,2,"ca_hardness,na"
89376,SARRY,0.1678,,2,"ca_hardness,na"
70454,ROSIERES-SUR-MANCE,0.1458,,2,"ca_hardness,na"
70102,BRUSSEY,0.1826,,2,"ca_hardness,na"
70548,VERNOIS-SUR-MANCE,0.2,,2,"ca_hardness,na"
70119,CHAMBORNAY-LES-PIN,0.1856,,2,"ca_hardness,na"
49330,SCEAUX-D'ANJOU,0.4467,,2,"ca_hardness,na"
21214,CRUGEY,0.1558,,2,"ca_hardness,na"
70268,GEZIER-ET-FONTENELAY,0.1841,,2,"ca_hardness,na"
70135,CHARMES-SAINT-VALBERT,0.6786,,2,"ca_hardness,na"
21120,BUSSIERE-SUR-OUCHE (LA),0.1578,,2,"ca_hardness,na"
43192,SAINT-HAON,0.985,,2,"ca_hardness,na"
05049,ESPARRON,0.1937,,2,"ca_hardness,na"
21350,LIGNEROLLES,0.1697,,2,"ca_hardness,na"
05035,CHATEAUNEUF-D'OZE,0.1596,,2,"ca_hardness,na"
39387,NEVY-LES-DOLE,0.1604,,2,"ca_hardness,na"
53220,SAINT-GEORGES-LE-FLECHARD,0.1437,,2,"ca_hardness,na"
43180,SAINT-ETIENNE-DU-VIGAN,0.952,,2,"ca_hardness,na"
19001,AFFIEUX,0.3566,,2,"ca_hardness,na"
43215,SAINT-PAUL-DE-TARTAS,0.9893,,2,"ca_hardness,na"
23063,CLAIRAVAUX,0.439,,2,"ca_hardness,na"
23091,GIOUX,0.3861,,2,"ca_hardness,na"
04199,SAINT-VINCENT-SUR-JABRON,0.1899,,2,"ca_hardness,na"
21688,VILLARS-FONTAINE,0.1481,,2,"ca_hardness,na"
43168,SAINT-ARCONS-DE-BARGES,0.9467,,2,"ca_hardness,na"
04072,DRAIX,0.1939,,2,"ca_hardness,na"
70308,LONGINE (LA),0.6776,,2,"ca_hardness,na"
04139,NOYERS-SUR-JABRON,0.1969,,2,"ca_hardness,na"
70546,VEREUX,0.1852,,2,"ca_hardness,na"
62892,WILLERVAL,0.1298,,2,"ca_hardness,na"
21305,GRANCEY-SUR-OURCE,0.1585,,2,"ca_hardness,na"
21392,MARTROIS,0.8235,,2,"ca_hardness,na"
43109,LAFARRE,0.8932,,2,"ca_hardness,na"
70204,DENEVRE,0.1919,,2,"ca_hardness,na"
38062,BUISSIERE (LA),0.1694,,2,"ca_hardness,na"
70425,PROISELIERE-ET-LANGLE (LA),0.3611,,2,"ca_hardness,na"
2B208,PERELLI,0.9387,,2,"ca_hardness,na"
29033,CLOITRE-PLEYBEN (LE),0.1916,,2,"ca_hardness,na"
21141,CHAMPRENAULT,0.1656,,2,"ca_hardness,na"
62099,BEAURAINS,0.1327,,2,"ca_hardness,na"
56157,PLAUDREN,0.8775,,2,"ca_hardness,na"
72275,SAINT-CORNEILLE,0.1573,,2,"ca_hardness,na"
84023,BUOUX,0.1811,,2,"ca_hardness,na"
22048,CORSEUL,0.9487,,2,"ca_hardness,na"
76224,ECRAINVILLE,0.1356,,2,"ca_hardness,na"
19089,GROS-CHASTANG,0.2312,,2,"ca_hardness,na"
22209,BEAUSSAIS-SUR-MER,0.9173,,2,"ca_hardness,na"
28232,MANOU,0.4613,,2,"ca_hardness,na"
13034,EYGALIERES,0.1352,,2,"ca_hardness,na"
19221,SAINT-MARTIAL-ENTRAYGUES,0.9829,,2,"ca_hardness,na"
23076,EVAUX-LES-BAINS,0.9882,,2,"ca_hardness,na"
22273,SAINT-ALBAN,0.952,,2,"ca_hardness,na"
44143,REZE,0.7175,,2,"ca_hardness,na"
22268,RUCA,0.9721,,2,"ca_hardness,na"
38036,BEAUVOIR-EN-ROYANS,0.1747,,2,"ca_hardness,na"
04012,AUBENAS-LES-ALPES,0.1433,,2,"ca_hardness,na"
28335,SAINT-ELIPH,0.5253,,2,"ca_hardness,na"
62894,WIMILLE,0.132,,2,"ca_hardness,na"
17004,ILE-D'AIX,0.156,,2,"ca_hardness,na"
38322,PRESLES,0.1828,,2,"ca_hardness,na"
38443,SAINT-PIERRE-DE-CHERENNES,0.1609,,2,"ca_hardness,na"
38330,QUINCIEU,0.1928,,2,"ca_hardness,na"
97353,MARIPASOULA,0.6375,,2,"ca_hardness,na"
97362,PAPAICHTON,0.7333,,2,"ca_hardness,na"
76118,BORNAMBUSC,0.1466,,2,"ca_hardness,na"
25451,PETITE-CHAUX,0.1956,,2,"ca_hardness,na"
05165,SAVOURNON,0.1294,,2,"ca_hardness,na"
62695,REBREUVIETTE,0.1534,,2,"ca_hardness,na"
22198,PLEUMEUR-BODOU,0.8804,,2,"ca_hardness,na"
21032,AUBIGNY-LA-RONCE,0.1274,,2,"ca_hardness,na"
39083,CENSEAU,0.1894,,2,"ca_hardness,na"
76446,MONTIGNY,0.1616,,2,"ca_hardness,na"
22343,TREBEURDEN,0.8895,,2,"ca_hardness,na"
43095,FIX-SAINT-GENEYS,0.9535,,2,"ca_hardness,na"
21180,CLERY,0.185,,2,"ca_hardness,na"
21050,BAUBIGNY,0.1558,,2,"ca_hardness,na"
39165,CONTE,0.1789,,2,"ca_hardness,na"
49222,MOZE-SUR-LOUET,0.3933,,2,"ca_hardness,na"
39497,SAIZENAY,0.1889,,2,"ca_hardness,na"
43076,CONNANGLES,0.7987,,2,"ca_hardness,na"
21450,NANTOUX,0.1314,,2,"ca_hardness,na"
39239,FRASNEE (LA),0.1978,,2,"ca_hardness,na"
05116,REOTIER,0.1923,,2,"ca_hardness,na"
25096,BREY-ET-MAISON-DU-BOIS,0.1801,,2,"ca_hardness,na"
38333,RENCUREL,0.1958,,2,"ca_hardness,na"
56237,SAINT-THURIAU,0.8686,,2,"ca_hardness,na"
70456,RUHANS,0.1928,,2,"ca_hardness,na"
70499,THEULEY,0.1904,,2,"ca_hardness,na"
43054,CHANALEILLES,0.4491,,2,"ca_hardness,na"
93059,PIERREFITTE-SUR-SEINE,0.1617,,2,"ca_hardness,na"
62269,DIEVAL,0.142,,2,"ca_hardness,na"
21279,FONTAINES-LES-SECHES,0.159,,2,"ca_hardness,na"
05184,VITROLLES,0.1639,,2,"ca_hardness,na"
39430,PLUMONT,0.4226,,2,"ca_hardness,na"
21415,MINOT,0.1762,,2,"ca_hardness,na"
38066,CHALON,0.1818,,2,"ca_hardness,na"
04040,CASTELLARD-MELAN (LE),0.1909,,2,"ca_hardness,na"
38049,BOSSIEU,0.1652,,2,"ca_hardness,na"
41035,CHAMPIGNY-EN-BEAUCE,0.1607,,2,"ca_hardness,na"
39218,ETREPIGNEY,0.177,,2,"ca_hardness,na"
21418,MOITRON,0.1646,,2,"ca_hardness,na"
28211,LOGRON,0.1479,,2,"ca_hardness,na"
70395,OPPENANS,0.1643,,2,"ca_hardness,na"
21289,FUSSEY,0.1713,,2,"ca_hardness,na"
21396,MAUVILLY,0.1748,,2,"ca_hardness,na"
39380,NANCUISE,0.1786,,2,"ca_hardness,na"
38101,CHEYSSIEU,0.1452,,2,"ca_hardness,na"
43150,PERTUIS (LE),0.5284,,2,"ca_hardness,na"
39581,VITREUX,0.1968,,2,"ca_hardness,na"
22149,MERLEAC,0.7906,,2,"ca_hardness,na"
49260,ROMAGNE (LA),0.2382,,2,"ca_hardness,na"
76650,SAINT-SAUVEUR-D'EMALLEVILLE,0.1361,,2,"ca_hardness,na"
22267,ROUILLAC,0.9213,,2,"ca_hardness,na"
04074,ENTRAGES,0.172,,2,"ca_hardness,na"
04180,SAINT-JACQUES,0.1804,,2,"ca_hardness,na"
04187,SAINT-LIONS,0.1926,,2,"ca_hardness,na"
26147,GUMIANE,0.1911,,2,"ca_hardness,na"
23253,THAURON,0.4279,,2,"ca_hardness,na"
23264,VILLEDIEU (LA),0.4267,,2,"ca_hardness,na"
70468,SAINT-MARCEL,0.1944,,2,"ca_hardness,na"
26363,VALOUSE,0.1855,,2,"ca_hardness,na"
62298,EPINOY,0.1306,,2,"ca_hardness,na"
25422,NEUCHATEL-URTIERE,0.1986,,2,"ca_hardness,na"
21129,CHAMBAIN,0.1857,,2,"ca_hardness,na"
28329,SAINT-CHRISTOPHE,0.1662,,2,"ca_hardness,na"
25478,RANDEVILLERS,0.1696,,2,"ca_hardness,na"
22116,LANRODEC,0.7762,,2,"ca_hardness,na"
25145,CHAZOT,0.1694,,2,"ca_hardness,na"
04017,AUZET,0.1878,,2,"ca_hardness,na"
21549,SAINT-GERMAIN-LE-ROCHEUX,0.1673,,2,"ca_hardness,na"
70423,PREIGNEY,0.9307,,2,"ca_hardness,na"
95078,BOISSY-L'AILLERIE,0.161,,2,"ca_hardness,na"
21647,TRUGNY,0.1432,,2,"ca_hardness,na"
49201,MENITRE (LA),0.1918,,2,"ca_hardness,na"
70153,CINTREY,0.895,,2,"ca_hardness,na"
72129,FATINES,0.1571,,2,"ca_hardness,na"
25439,OUGNEY-DOUVOT,0.1751,,2,"ca_hardness,na"
53160,MONTREUIL-POULAY,0.6883,,2,"ca_hardness,na"
21035,AUVILLARS-SUR-SAONE,0.15,,2,"ca_hardness,na"
38112,CLAVANS-EN-HAUT-OISANS,0.9955,,2,"ca_hardness,na"
38141,CULIN,0.1637,,2,"ca_hardness,na"
05028,CHABESTAN,0.1668,,2,"ca_hardness,na"
05066,HAUTE-BEAUME (LA),0.1762,,2,"ca_hardness,na"
89228,LINDRY,0.174,,2,"ca_hardness,na"
37092,CROTELLES,0.158,,2,"ca_hardness,na"
26221,OMBLEZE,0.1917,,2,"ca_hardness,na"
89295,PERRIGNY,0.1782,,2,"ca_hardness,na"
44078,JUIGNE-DES-MOUTIERS,0.1523,,2,"ca_hardness,na"
38199,JARDIN,0.1735,,2,"ca_hardness,na"
95011,AMBLEVILLE,0.1285,,2,"ca_hardness,na"
38350,SAINTE-AGNES,0.9319,,2,"ca_hardness,na"
62746,SAINT-ETIENNE-AU-MONT,0.146,,2,"ca_hardness,na"
76569,SAINTE-COLOMBE,0.1508,,2,"ca_hardness,na"
95504,PRESLES,0.1294,,2,"ca_hardness,na"
38404,SAINT-JEAN-LE-VIEUX,0.3973,,2,"ca_hardness,na"
62652,PERNES,0.1498,,2,"ca_hardness,na"
05011,AVANCON,0.1897,,2,"ca_hardness,na"
37172,NOTRE-DAME-D'OE,0.4336,,2,"ca_hardness,na"
22354,TREGLAMUS,0.9318,,2,"ca_hardness,na"
44101,MONTAGNE (LA),0.6017,,2,"ca_hardness,na"
05018,BATIE-VIEILLE (LA),0.1918,,2,"ca_hardness,na"
28317,ROINVILLE,0.1583,,2,"ca_hardness,na"
19135,MESTES,0.7115,,2,"ca_hardness,na"
38092,CHATELUS,0.1928,,2,"ca_hardness,na"
06146,TOURNEFORT,0.1959,,2,"ca_hardness,na"
71546,TRAMBLY,0.1419,,2,"ca_hardness,na"
05095,NOYER (LE),0.1957,,2,"ca_hardness,na"
19154,ORGNAC-SUR-VEZERE,0.9287,,2,"ca_hardness,na"
38472,SARCENAS,0.1931,,2,"ca_hardness,na"
43136,MONISTROL-D'ALLIER,0.8007,,2,"ca_hardness,na"
21642,TOUTRY,0.1707,,2,"ca_hardness,na"
89183,FRESNES,0.1634,,2,"ca_hardness,na"
19106,LAPLEAU,0.4492,,2,"ca_hardness,na"
22323,SAINT-POTAN,0.9454,,2,"ca_hardness,na"
05044,CREVOUX,0.1942,,2,"ca_hardness,na"
05090,MOTTE-EN-CHAMPSAUR (LA),0.7886,,2,"ca_hardness,na"
19264,SOURSAC,0.4979,,2,"ca_hardness,na"
19061,CORNIL,0.4799,,2,"ca_hardness,na"
70162,COLOMBE-LES-VESOUL,0.1928,,2,"ca_hardness,na"
62202,CAMPAGNE-LES-BOULONNAIS,0.1534,,2,"ca_hardness,na"
19097,LAFAGE-SUR-SOMBRE,0.3546,,2,"ca_hardness,na"
71285,MARTIGNY-LE-COMTE,0.6031,,2,"ca_hardness,na"
22201,PLEVENON,0.9535,,2,"ca_hardness,na"
43053,CHAMPCLAUSE,0.4755,,2,"ca_hardness,na"
89259,MOLAY,0.1795,,2,"ca_hardness,na"
61423,SAINT-MARTIN-D'ECUBLEI,0.1657,,2,"ca_hardness,na"
62309,ESQUERDES,0.1481,,2,"ca_hardness,na"
38285,ORNON,0.4181,,2,"ca_hardness,na"
38286,OULLES,0.4953,,2,"ca_hardness,na"
21465,OBTREE,0.1724,,2,"ca_hardness,na"
05146,SAINT-JULIEN-EN-BEAUCHENE,0.1964,,2,"ca_hardness,na"
70352,MONTAGNE (LA),0.6035,,2,"ca_hardness,na"
33355,RIONS,0.1223,,2,"ca_hardness,na"
70217,ESMOULIERES,0.5889,,2,"ca_hardness,na"
21459,NOIRON-SUR-BEZE,0.1502,,2,"ca_hardness,na"
05080,MONTBRAND,0.1808,,2,"ca_hardness,na"
43028,BESSAMOREL,0.5876,,2,"ca_hardness,na"
62037,ANZIN-SAINT-AUBIN,0.1295,,2,"ca_hardness,na"
70146,CHAUX-LES-PORT,0.1552,,2,"ca_hardness,na"
39255,GIZIA,0.183,,2,"ca_hardness,na"
39185,CUISIA,0.171,,2,"ca_hardness,na"
13020,CADOLIVE,0.1859,,2,"ca_hardness,na"
39025,AUGEA,0.1493,,2,"ca_hardness,na"
43210,SAINT-MARTIN-DE-FUGERES,0.9573,,2,"ca_hardness,na"
25017,AMONDANS,0.1504,,2,"ca_hardness,na"
62324,FARBUS,0.1307,,2,"ca_hardness,na"
05033,CHANOUSSE,0.1611,,2,"ca_hardness,na"
39336,MOLAIN,0.191,,2,"ca_hardness,na"
04028,BEYNES,0.1429,,2,"ca_hardness,na"
70440,RECOLOGNE,0.1864,,2,"ca_hardness,na"
05086,MONTJAY,0.1723,,2,"ca_hardness,na"
89040,BESSY-SUR-CURE,0.1518,,2,"ca_hardness,na"
05169,SORBIERS,0.1682,,2,"ca_hardness,na"
39334,MOIRON,0.1769,,2,"ca_hardness,na"
62810,THELUS,0.1384,,2,"ca_hardness,na"
38427,SAINT-MICHEL-DE-SAINT-GEOIRS,0.1784,,2,"ca_hardness,na"
43037,BOUCHET-SAINT-NICOLAS (LE),0.9998,,2,"ca_hardness,na"
39328,MEUSSIA,0.1802,,2,"ca_hardness,na"
62039,ARLEUX-EN-GOHELLE,0.1276,,2,"ca_hardness,na"
21082,BLANCEY,0.1627,,2,"ca_hardness,na"
43225,SAINT-VENERAND,0.8917,,2,"ca_hardness,na"
43211,SAINT-MAURICE-DE-LIGNON,0.6823,,2,"ca_hardness,na"
95181,COURCELLES-SUR-VIOSNE,0.1303,,2,"ca_hardness,na"
62355,FRESNES-LES-MONTAUBAN,0.1315,,2,"ca_hardness,na"
21066,BESSEY-LA-COUR,0.1572,,2,"ca_hardness,na"
58250,SAINT-LEGER-DES-VIGNES,0.7333,,2,"ca_hardness,na"
43245,THORAS ,0.4178,,2,"ca_hardness,na"
21499,POTHIERES,0.1569,,2,"ca_hardness,na"
62880,WAST (LE),0.1585,,2,"ca_hardness,na"
89266,MONTILLOT,0.1666,,2,"ca_hardness,na"
21243,ECUTIGNY,0.1581,,2,"ca_hardness,na"
05081,MONTCLUS,0.1855,,2,"ca_hardness,na"
39505,SAUGEOT,0.1885,,2,"ca_hardness,na"
39192,DENEZIERES,0.1872,,2,"ca_hardness,na"
21014,ANTHEUIL,0.1573,,2,"ca_hardness,na"
21700,VILLERS-PATRAS,0.1448,,2,"ca_hardness,na"
39326,MESNOIS,0.1731,,2,"ca_hardness,na"
2B219,PIEDICROCE,0.8356,,2,"ca_hardness,na"
05075,MANTEYER,0.1948,,2,"ca_hardness,na"
89427,VALLAN,0.1678,,2,"ca_hardness,na"
89315,PREHY,0.1636,,2,"ca_hardness,na"
95422,MONTGEROULT,0.1296,,2,"ca_hardness,na"
05134,SAINT-CLEMENT-SUR-DURANCE,0.1929,,2,"ca_hardness,na"
59112,BRUAY-SUR-L'ESCAUT,0.1294,,2,"ca_hardness,na"
71383,SAINT-ALBAIN,0.161,,2,"ca_hardness,na"
59294,HAYNECOURT,0.134,,2,"ca_hardness,na"
23173,SOUBREBOST,0.4131,,2,"ca_hardness,na"
40156,LIPOSTHEY,0.5796,,2,"ca_hardness,na"
23155,PONTARION,0.4071,,2,"ca_hardness,na"
23078,FAUX-MAZURAS,0.6819,,2,"ca_hardness,na"
62735,SAILLY-LABOURSE,0.1294,,2,"ca_hardness,na"
19244,SAINT-SULPICE-LES-BOIS,0.3494,,2,"ca_hardness,na"
23260,VIDAILLAT,0.4234,,2,"ca_hardness,na"
62845,VERLINCTHUN,0.152,,2,"ca_hardness,na"
72029,BEAUMONT-SUR-SARTHE,0.1424,,2,"ca_hardness,na"
36045,CHATILLON-SUR-INDRE,0.1579,,2,"ca_hardness,na"
19041,CHANAC-LES-MINES,0.5196,,2,"ca_hardness,na"
62300,EQUIHEN-PLAGE,0.1416,,2,"ca_hardness,na"
19052,CHAVANAC,0.3934,,2,"ca_hardness,na"
19226,SAINT-MERD-LES-OUSSINES,0.3556,,2,"ca_hardness,na"
44020,BOUGUENAIS,0.6052,,2,"ca_hardness,na"
24135,CORNILLE,0.1699,,2,"ca_hardness,na"
04228,VALAVOIRE,0.1962,,2,"ca_hardness,na"
25003,ABBENANS,0.1697,,2,"ca_hardness,na"
04057,CLAMENSANE,0.1946,,2,"ca_hardness,na"
22358,TREGONNEAU,0.958,,2,"ca_hardness,na"
43024,BEAUX,0.8131,,2,"ca_hardness,na"
19245,SAINT-SYLVAIN,0.6034,,2,"ca_hardness,na"
71350,PIERRECLOS,0.1465,,2,"ca_hardness,na"
06156,VENANSON,0.1935,,2,"ca_hardness,na"
25072,BONNAL,0.1742,,2,"ca_hardness,na"
45059,BUCY-SAINT-LIPHARD,0.1572,,2,"ca_hardness,na"
05155,SAINT-PIERRE-AVEZ,0.1961,,2,"ca_hardness,na"
53023,BAZOUGE-DES-ALLEUX (LA),0.1494,,2,"ca_hardness,na"
49338,SOULAINES-SUR-AUBANCE,0.4397,,2,"ca_hardness,na"
89475,VILLON,0.1648,,2,"ca_hardness,na"
56188,QUISTINIC,0.9288,,2,"ca_hardness,na"
21085,BLIGNY-LE-SEC,0.1579,,2,"ca_hardness,na"
64340,LICHANS-SUNHAR,0.7004,,2,"ca_hardness,na"
89409,THAROISEAU,0.1616,,2,"ca_hardness,na"
22224,PLOULEC'H,0.9508,,2,"ca_hardness,na"
19021,BELLECHASSAGNE,0.4494,,2,"ca_hardness,na"
22349,TREDREZ-LOCQUEMEAU,0.9743,,2,"ca_hardness,na"
15133,MONTMURAT,0.8827,,2,"ca_hardness,na"
25567,TOURNANS,0.1533,,2,"ca_hardness,na"
26013,ARPAVON,0.1835,,2,"ca_hardness,na"
19259,SEXCLES,0.4124,,2,"ca_hardness,na"
89403,STIGNY,0.1714,,2,"ca_hardness,na"
56089,INGUINIEL,0.867,,2,"ca_hardness,na"
70457,RUPT-SUR-SAONE,0.2,,2,"ca_hardness,na"
15242,TRIOULOU (LE),0.8918,,2,"ca_hardness,na"
21370,MAGNY-SUR-TILLE,0.1778,,2,"ca_hardness,na"
19006,ALLEYRAT,0.3646,,2,"ca_hardness,na"
39307,MAISOD,0.1893,,2,"ca_hardness,na"
43073,CISTRIERES,0.4751,,2,"ca_hardness,na"
2B096,CORTE,0.4301,,2,"ca_hardness,na"
44047,COUERON,0.6427,,2,"ca_hardness,na"
06124,SAINT-LEGER,0.2044,,2,"ca_hardness,na"
21209,COUTERNON,0.1666,,2,"ca_hardness,na"
70231,FERRIERES-LES-RAY,0.1762,,2,"ca_hardness,na"
39116,CHATELAINE (LA),0.1902,,2,"ca_hardness,na"
06100,REVEST-LES-ROCHES,0.1907,,2,"ca_hardness,na"
89486,YROUERRE,0.1781,,2,"ca_hardness,na"
39436,PONT-D'HERY,0.1857,,2,"ca_hardness,na"
28331,SAINTIGNY,0.1918,,2,"ca_hardness,na"
89108,CHITRY,0.1715,,2,"ca_hardness,na"
39283,LAVANCIA-EPERCY,0.1861,,2,"ca_hardness,na"
70368,MONTOT,0.1694,,2,"ca_hardness,na"
70469,SAINTE-MARIE-EN-CHANOIS,0.3733,,2,"ca_hardness,na"
37002,AMBILLOU,0.1428,,2,"ca_hardness,na"
28237,MAROLLES-LES-BUIS,0.1723,,2,"ca_hardness,na"
45285,SAINT-JEAN-DE-LA-RUELLE,0.194,,2,"ca_hardness,na"
19104,LAMONGERIE,0.6067,,2,"ca_hardness,na"
70016,AMONT-ET-EFFRENEY,0.8613,,2,"ca_hardness,na"
19215,SAINT-JULIEN-LE-PELERIN,0.435,,2,"ca_hardness,na"
25487,RENEDALE,0.1851,,2,"ca_hardness,na"
21099,BOUZE-LES-BEAUNE,0.1565,,2,"ca_hardness,na"
43259,VERNASSAL,0.8398,,2,"ca_hardness,na"
70573,VOIVRE (LA),0.7663,,2,"ca_hardness,na"
15103,LEUCAMP,0.904,,2,"ca_hardness,na"
25415,MOUTHIER-HAUTE-PIERRE,0.175,,2,"ca_hardness,na"
89153,EPINEUIL,0.1799,,2,"ca_hardness,na"
86195,PORT-DE-PILES,0.1613,,2,"ca_hardness,na"
95058,BERNES-SUR-OISE,0.1463,,2,"ca_hardness,na"
28068,CHALLET,0.1656,,2,"ca_hardness,na"
89023,AUGY,0.1702,,2,"ca_hardness,na"
19193,SAINT-CIRGUES-LA-LOUTRE,0.3629,,2,"ca_hardness,na"
39103,CHAPELLE-SUR-FURIEUSE (LA),0.1719,,2,"ca_hardness,na"
39547,VAUX-LES-SAINT-CLAUDE,0.1867,,2,"ca_hardness,na"
19205,SAINT-GENIEZ-O-MERLE,0.4428,,2,"ca_hardness,na"
39495,SAINT-THIEBAUD,0.1999,,2,"ca_hardness,na"
39318,MARTIGNA,0.1872,,2,"ca_hardness,na"
70274,GRANDECOURT,0.1587,,2,"ca_hardness,na"
43214,SAINT-PAL-DE-SENOUIRE,0.9413,,2,"ca_hardness,na"
39289,LECT,0.1962,,2,"ca_hardness,na"
04219,THORAME-HAUTE,0.1916,,2,"ca_hardness,na"
39259,GRANGE-DE-VAIVRE,0.1615,,2,"ca_hardness,na"
25098,BUFFARD,0.1506,,2,"ca_hardness,na"
87181,SAINT-SULPICE-LAURIERE,0.3554,,2,"ca_hardness,na"
22229,PLOUNEVEZ-QUINTIN,0.778,,2,"ca_hardness,na"
22266,ROSTRENEN,0.8585,,2,"ca_hardness,na"
26242,POET-EN-PERCIP (LE),0.1891,,2,"ca_hardness,na"
70200,DAMPVALLEY-SAINT-PANCRAS,0.744,,2,"ca_hardness,na"
50262,LANDE-D'AIROU (LA),0.7285,,2,"ca_hardness,na"
21402,MENESBLE,0.1858,,2,"ca_hardness,na"
21104,BREMUR-ET-VAUROIS,0.1748,,2,"ca_hardness,na"
40070,CASTANDET,0.17,,2,"ca_hardness,na"
25503,ROSIERES-SUR-BARBECHE,0.1699,,2,"ca_hardness,na"
39070,BOURG-DE-SIROD,0.1975,,2,"ca_hardness,na"
21074,BILLEY,0.184,,2,"ca_hardness,na"
21063,BENEUVRE,0.1952,,2,"ca_hardness,na"
28401,VAUPILLON,0.368,,2,"ca_hardness,na"
25595,VELLEROT-LES-BELVOIR,0.1932,,2,"ca_hardness,na"
21006,AISEY-SUR-SEINE,0.1729,,2,"ca_hardness,na"
25635,VYT-LES-BELVOIR,0.1971,,2,"ca_hardness,na"
89184,FULVY,0.1694,,2,"ca_hardness,na"
70378,NAVENNE,0.1594,,2,"ca_hardness,na"
25583,VALONNE,0.1851,,2,"ca_hardness,na"
62340,FLORINGHEM,0.1458,,2,"ca_hardness,na"
22185,PLENEE-JUGON,0.9556,,2,"ca_hardness,na"
22337,SEVIGNAC,0.9621,,2,"ca_hardness,na"
14712,TROARN,0.1294,,2,"ca_hardness,na"
44028,CELLIER (LE),0.5833,,2,"ca_hardness,na"
28016,AUTELS-VILLEVILLON (LES),0.1753,,2,"ca_hardness,na"
22114,LANRELAS,0.8954,,2,"ca_hardness,na"
62198,CAMBLIGNEUL,0.138,,2,"ca_hardness,na"
89004,AISY-SUR-ARMANCON,0.1909,,2,"ca_hardness,na"
22305,SAINT-JOUAN-DE-L'ISLE,0.9534,,2,"ca_hardness,na"
62113,BERLES-MONCHEL,0.1294,,2,"ca_hardness,na"
28327,SAINT-BOMER,0.1359,,2,"ca_hardness,na"
41094,FRESNES,0.1565,,2,"ca_hardness,na"
59383,MARLY,0.1599,,2,"ca_hardness,na"
64085,AYDIUS,0.2975,,2,"ca_hardness,na"
15080,JOURSAC,0.6694,,2,"ca_hardness,na"
15172,SAINT-ANTOINE,0.8613,,2,"ca_hardness,na"
59080,BEUVRY-LA-FORET,0.1317,,2,"ca_hardness,na"
62754,SAINT-LEGER,0.1399,,2,"ca_hardness,na"
19071,DAVIGNAC,0.3508,,2,"ca_hardness,na"
23242,SAINT-SILVAIN-MONTAIGUT,0.6511,,2,"ca_hardness,na"
16229,MONTJEAN,0.162,,2,"ca_hardness,na"
17179,GONDS (LES),0.174,,2,"ca_hardness,na"
04174,SAINT-BENOIT,0.175,,2,"ca_hardness,na"
19088,GRANDSAIGNE,0.3469,,2,"ca_hardness,na"
23208,SAINT-LEGER-LE-GUERETOIS,0.4917,,2,"ca_hardness,na"
87193,SURDOUX,0.3762,,2,"ca_hardness,na"
26117,ECHEVIS,0.1954,,2,"ca_hardness,na"
36233,VERNELLE (LA),0.1735,,2,"ca_hardness,na"
15084,LABESSERETTE,0.4985,,2,"ca_hardness,na"
38216,MALLEVAL-EN-VERCORS,0.1942,,2,"ca_hardness,na"
49113,COURCHAMPS,0.5661,,2,"ca_hardness,na"
19027,BONNEFOND,0.3459,,2,"ca_hardness,na"
95436,MOURS,0.1377,,2,"ca_hardness,na"
19058,COMBRESSOL,0.3531,,2,"ca_hardness,na"
18040,BUSSY,0.1723,,2,"ca_hardness,na"
23248,SAINT-VICTOR-EN-MARCHE,0.617,,2,"ca_hardness,na"
59611,VERLINGHEM,0.1294,,2,"ca_hardness,na"
19070,DARNETS,0.3697,,2,"ca_hardness,na"
2B134,ILE-ROUSSE (L'),0.984,,2,"ca_hardness,na"
76099,BLACQUEVILLE,0.1612,,2,"ca_hardness,na"
76378,JUMIEGES,0.1657,,2,"ca_hardness,na"
04202,SAUSSES,0.1956,,2,"ca_hardness,na"
23232,SAINT-PIERRE-BELLEVUE,0.4023,,2,"ca_hardness,na"
05058,FREISSINIERES,0.2265,,2,"ca_hardness,na"
87123,REMPNAT,0.446,,2,"ca_hardness,na"
22271,SAINT-ADRIEN,0.2244,,2,"ca_hardness,na"
25329,LAVAL-LE-PRIEURE,0.168,,2,"ca_hardness,na"
22013,BOURBRIAC,0.865,,2,"ca_hardness,na"
19241,SAINT-SETIERS,0.3459,,2,"ca_hardness,na"
70542,VENERE,0.1895,,2,"ca_hardness,na"
22040,COADOUT,0.8531,,2,"ca_hardness,na"
19164,PEYRELEVADE,0.4391,,2,"ca_hardness,na"
15058,CROS-DE-RONESQUE,0.5311,,2,"ca_hardness,na"
70150,CHENEVREY-ET-MOROGNE,0.1893,,2,"ca_hardness,na"
43256,VENTEUGES,0.4755,,2,"ca_hardness,na"
19265,TARNAC,0.3435,,2,"ca_hardness,na"
22161,PABU,0.9629,,2,"ca_hardness,na"
43194,SAINT-HOSTIEN,0.6093,,2,"ca_hardness,na"
59428,NEUVILLE-SAINT-REMY,0.1356,,2,"ca_hardness,na"
04190,SAINT-MARTIN-LES-EAUX,0.1452,,2,"ca_hardness,na"
18221,SAINT-LOUP-DES-CHAUMES,0.7581,,2,"ca_hardness,na"
2B013,ALZI,0.887,,2,"ca_hardness,na"
43068,CHAZELLES,0.7584,,2,"ca_hardness,na"
59028,AUBY,0.1294,,2,"ca_hardness,na"
2B292,SANT'ANDREA-DI-BOZIO,0.7787,,2,"ca_hardness,na"
14385,MAGNY-EN-BESSIN,0.128,,2,"ca_hardness,na"
44201,SUCE-SUR-ERDRE,0.3971,,2,"ca_hardness,na"
49347,TIERCE,0.7214,,2,"ca_hardness,na"
53083,COURCITE,0.488,,2,"ca_hardness,na"
43065,CHASTEL,0.3834,,2,"ca_hardness,na"
97607,DEMBENI,0.944,,2,"ca_hardness,na"
39280,LARRIVOIRE,0.1935,,2,"ca_hardness,na"
76451,MONT-SAINT-AIGNAN,0.1551,,2,"ca_hardness,na"
24479,SAINT-PARDOUX-LA-RIVIERE,0.155,,2,"ca_hardness,na"
39118,CHATEL-DE-JOUX,0.1935,,2,"ca_hardness,na"
43027,BERBEZIT,0.5299,,2,"ca_hardness,na"
05111,PUY-SANIERES,0.1919,,2,"ca_hardness,na"
59554,SARS-ET-ROSIERES,0.1333,,2,"ca_hardness,na"
53236,SAINT-MARS-DU-DESERT,0.488,,2,"ca_hardness,na"
49288,SAINT-JEAN-DE-LA-CROIX,0.7054,,2,"ca_hardness,na"
39114,CHATEAU-CHALON,0.1834,,2,"ca_hardness,na"
39321,MENETRU-LE-VIGNOBLE,0.186,,2,"ca_hardness,na"
25485,REMONDANS-VAIVRE,0.1885,,2,"ca_hardness,na"
06096,PIERLAS,0.3683,,2,"ca_hardness,na"
71468,SAINT-PIERRE-DE-VARENNES,0.8472,,2,"ca_hardness,na"
21420,MOLINOT,0.1393,,2,"ca_hardness,na"
21250,ESSAROIS,0.1788,,2,"ca_hardness,na"
26091,CHAUVAC-LAUX-MONTAUX,0.1928,,2,"ca_hardness,na"
21438,MONTMOYEN,0.177,,2,"ca_hardness,na"
22011,BOQUEHO,0.899,,2,"ca_hardness,na"
26161,LEMPS,0.1957,,2,"ca_hardness,na"
61308,NEUVY-AU-HOULME,0.1406,,2,"ca_hardness,na"
97602,BANDRABOUA,0.5401,,2,"ca_hardness,na"
25591,VAUFREY,0.1913,,2,"ca_hardness,na"
21471,ORRET,0.1745,,2,"ca_hardness,na"
21313,GURGY-LE-CHATEAU,0.179,,2,"ca_hardness,na"
06078,MALAUSSENE,0.1732,,2,"ca_hardness,na"
43169,SAINT-AUSTREMOINE,0.9627,,2,"ca_hardness,na"
21312,GURGY-LA-VILLE,0.1724,,2,"ca_hardness,na"
2B226,PIETRASERENA,0.6732,,2,"ca_hardness,na"
53264,THORIGNE-EN-CHARNIE,0.1294,,2,"ca_hardness,na"
17128,COURCOURY,0.1526,,2,"ca_hardness,na"
28184,GOUILLONS,0.1564,,2,"ca_hardness,na"
22286,SAINT-DENOUAL,0.9685,,2,"ca_hardness,na"
22054,ERQUY,0.9308,,2,"ca_hardness,na"
22076,HENANBIHEN,0.9119,,2,"ca_hardness,na"
22077,HENANSAL,0.8984,,2,"ca_hardness,na"
28109,CORVEES-LES-YYS (LES),0.8933,,2,"ca_hardness,na"
28282,NONVILLIERS-GRANDHOUX,0.7707,,2,"ca_hardness,na"
05135,SAINTE-COLOMBE,0.1755,,2,"ca_hardness,na"
61072,CANAPVILLE,0.1595,,2,"ca_hardness,na"
04129,MONTJUSTIN,0.1635,,2,"ca_hardness,na"
04128,MONTFURON,0.1541,,2,"ca_hardness,na"
28162,FRESNAY-LE-COMTE,0.1557,,2,"ca_hardness,na"
05172,TRESCLEOUX,0.1804,,2,"ca_hardness,na"
22346,TREDANIEL,0.8388,,2,"ca_hardness,na"
56141,MOUSTOIR-AC,0.9176,,2,"ca_hardness,na"
04240,VILLARS-COLMARS,0.1959,,2,"ca_hardness,na"
18036,BRINAY,0.1634,,2,"ca_hardness,na"
04241,VILLEMUS,0.1792,,2,"ca_hardness,na"
15060,DEUX-VERGES,0.4321,,2,"ca_hardness,na"
28370,SAUMERAY,0.1896,,2,"ca_hardness,na"
29126,LOC-BREVALAIRE,0.6212,,2,"ca_hardness,na"
49216,MONTREUIL-SUR-LOIR,0.7453,,2,"ca_hardness,na"
15121,MAURINES,0.4693,,2,"ca_hardness,na"
28285,OINVILLE-SOUS-AUNEAU,0.1614,,2,"ca_hardness,na"
59053,BAVAY,0.134,,2,"ca_hardness,na"
24502,SAINT-SEVERIN-D'ESTISSAC,0.1848,,2,"ca_hardness,na"
61331,PLANTIS (LE),0.1497,,2,"ca_hardness,na"
62320,ETRUN,0.1398,,2,"ca_hardness,na"
38418,SAINTE-MARIE-DU-MONT,0.1957,,2,"ca_hardness,na"
97605,CHICONI,0.848,,2,"ca_hardness,na"
76108,BOIS-GUILLAUME,0.1544,,2,"ca_hardness,na"
61251,MARCHEMAISONS,0.1458,,2,"ca_hardness,na"
97606,CHIRONGUI,0.8373,,2,"ca_hardness,na"
39157,COISERETTE,0.1883,,2,"ca_hardness,na"
71251,LAIZY,0.4802,,2,"ca_hardness,na"
89422,TRICHEY,0.1685,,2,"ca_hardness,na"
21286,FRENOIS,0.1788,,2,"ca_hardness,na"
21528,ROCHE-VANNEAU (LA),0.1545,,2,"ca_hardness,na"
22172,PLANCOET,0.9684,,2,"ca_hardness,na"
21489,POISEUL-LA-GRANGE,0.1826,,2,"ca_hardness,na"
14343,ISLES-BARDEL (LES),0.8558,,2,"ca_hardness,na"
97603,BANDRELE,0.1759,,2,"ca_hardness,na"
22371,TREMOREL,0.9436,,2,"ca_hardness,na"
22368,TREMEREUC,0.9171,,2,"ca_hardness,na"
21338,LAMARGELLE,0.1778,,2,"ca_hardness,na"
21494,PONCEY-SUR-L'IGNON,0.1721,,2,"ca_hardness,na"
62557,MAROEUIL,0.1301,,2,"ca_hardness,na"
19157,PALISSE,0.3559,,2,"ca_hardness,na"
97609,KANI-KELI,0.1878,,2,"ca_hardness,na"
06129,SAINT-SAUVEUR-SUR-TINEE,0.7409,,2,"ca_hardness,na"
39381,NANS (LES),0.1951,,2,"ca_hardness,na"
39291,LEMUY,0.1941,,2,"ca_hardness,na"
50022,AUMEVILLE-LESTRE,0.2876,,2,"ca_hardness,na"
95611,THEUVILLE,0.1502,,2,"ca_hardness,na"
70578,VREGILLE,0.1807,,2,"ca_hardness,na"
39172,COURTEFONTAINE,0.1745,,2,"ca_hardness,na"
25619,VILLEDIEU (LES),0.1921,,2,"ca_hardness,na"
23195,SAINT-FIEL,0.5413,,2,"ca_hardness,na"
70045,AVRIGNEY-VIREY,0.1937,,2,"ca_hardness,na"
62696,RECLINGHEM,0.155,,2,"ca_hardness,na"
21168,CHEVANNAY,0.16,,2,"ca_hardness,na"
70130,CHARCENNE,0.1914,,2,"ca_hardness,na"
43171,SAINT-BERAIN,0.8293,,2,"ca_hardness,na"
21395,MASSINGY-LES-VITTEAUX,0.1536,,2,"ca_hardness,na"
53066,CHEMAZE,0.3999,,2,"ca_hardness,na"
23136,MORTROUX,0.5413,,2,"ca_hardness,na"
21580,SALMAISE,0.1737,,2,"ca_hardness,na"
43155,PRADES,0.8812,,2,"ca_hardness,na"
39111,CHARNOD,0.1884,,2,"ca_hardness,na"
49003,TUFFALUN ,0.3259,,2,"ca_hardness,na"
21670,VERREY-SOUS-SALMAISE,0.1807,,2,"ca_hardness,na"
39392,OFFLANGES,0.4647,,2,"ca_hardness,na"
38268,MOUTARET (LE),0.153,,2,"ca_hardness,na"
21404,MENETREUX-LE-PITOIS,0.1696,,2,"ca_hardness,na"
28289,ORMOY,0.1682,,2,"ca_hardness,na"
21448,MUSSY-LA-FOSSE,0.1664,,2,"ca_hardness,na"
71174,DEZIZE-LES-MARANGES,0.1485,,2,"ca_hardness,na"
39425,PLANCHES-PRES-ARBOIS (LES),0.1836,,2,"ca_hardness,na"
23002,AJAIN,0.8648,,2,"ca_hardness,na"
39267,IVORY,0.1786,,2,"ca_hardness,na"
76285,FRESNE-LE-PLAN,0.163,,2,"ca_hardness,na"
23154,PIONNAT,0.8667,,2,"ca_hardness,na"
45058,BUCY-LE-ROI,0.1594,,2,"ca_hardness,na"
70238,FLEUREY-LES-SAINT-LOUP,0.1957,,2,"ca_hardness,na"
25138,TERRES-DE-CHAUX (LES),0.1798,,2,"ca_hardness,na"
39107,CHARCIER,0.1849,,2,"ca_hardness,na"
21298,GISSEY-LE-VIEIL,0.1413,,2,"ca_hardness,na"
39122,CHATILLON,0.1724,,2,"ca_hardness,na"
23035,BUDELIERE,0.9608,,2,"ca_hardness,na"
70449,ROCHE-SUR-LINOTTE-ET-SORANS-LES-CORDIERS,0.1956,,2,"ca_hardness,na"
21627,THENISSEY,0.1728,,2,"ca_hardness,na"
22289,SAINT-FIACRE,0.3969,,2,"ca_hardness,na"
28102,CLEVILLIERS,0.1724,,2,"ca_hardness,na"
70397,ORMENANS,0.163,,2,"ca_hardness,na"
36022,BOUESSE,0.1733,,2,"ca_hardness,na"
21321,JAILLY-LES-MOULINS,0.1588,,2,"ca_hardness,na"
23101,JOUILLAT,0.6294,,2,"ca_hardness,na"
25544,SERVIN,0.1983,,2,"ca_hardness,na"
70296,LARIANS-ET-MUNANS,0.1717,,2,"ca_hardness,na"
39268,IVREY,0.4366,,2,"ca_hardness,na"
21527,ROCHEPOT (LA),0.164,,2,"ca_hardness,na"
43198,SAINT-JEAN-LACHALM,0.9729,,2,"ca_hardness,na"
89346,SAINT-GEORGES-SUR-BAULCHE,0.1769,,2,"ca_hardness,na"
22019,BRINGOLO,0.8126,,2,"ca_hardness,na"
62898,WISQUES,0.1494,,2,"ca_hardness,na"
25324,LANANS,0.2,,2,"ca_hardness,na"
25551,SOULCE-CERNAY,0.1727,,2,"ca_hardness,na"
43145,OUIDES,0.8187,,2,"ca_hardness,na"
26047,BELLEGARDE-EN-DIOIS,0.1834,,2,"ca_hardness,na"
89288,PAROY-EN-OTHE,0.1851,,2,"ca_hardness,na"
26152,JONCHERES,0.184,,2,"ca_hardness,na"
45013,AUGERVILLE-LA-RIVIERE,0.1759,,2,"ca_hardness,na"
26253,POYOLS,0.1865,,2,"ca_hardness,na"
59252,FRELINGHIEN,0.1539,,2,"ca_hardness,na"
28264,MONTIREAU,0.3678,,2,"ca_hardness,na"
28071,CHAMPROND-EN-GATINE,0.9547,,2,"ca_hardness,na"
41090,FORTAN,0.1731,,2,"ca_hardness,na"
62105,BELLE-ET-HOULLEFORT,0.1569,,2,"ca_hardness,na"
26303,SAINTE-EUPHEMIE-SUR-OUVEZE,0.17,,2,"ca_hardness,na"
05051,ETOILE-SAINT-CYRICE,0.1736,,2,"ca_hardness,na"
26374,VILLEBOIS-LES-PINS,0.1928,,2,"ca_hardness,na"
27694,VILLEZ-SOUS-BAILLEUL,0.157,,2,"ca_hardness,na"
76367,HOUPPEVILLE,0.1532,,2,"ca_hardness,na"
26369,VERCLAUSE,0.1825,,2,"ca_hardness,na"
22137,MAEL-CARHAIX,0.9067,,2,"ca_hardness,na"
59330,LANDAS,0.1333,,2,"ca_hardness,na"
45144,FEROLLES,0.1955,,2,"ca_hardness,na"
15038,CHAMPS-SUR-TARENTAINE-MARCHAL,0.7623,,2,"ca_hardness,na"
44065,GRAND-AUVERNE,0.1592,,2,"ca_hardness,na"
38192,HURTIERES,0.938,,2,"ca_hardness,na"
74261,SAXEL,0.3222,,2,"ca_hardness,na"
2B136,LAMA,0.693,,2,"ca_hardness,na"
45176,JURANVILLE,0.1614,,2,"ca_hardness,na"
15046,CHAUSSENAC,0.7948,,2,"ca_hardness,na"
39058,BLYE,0.1616,,2,"ca_hardness,na"
04027,BEVONS,0.1591,,2,"ca_hardness,na"
61208,IRAI,0.1912,,2,"ca_hardness,na"
70337,MELIN,0.9947,,2,"ca_hardness,na"
71028,BEAUVERNOIS,0.1456,,2,"ca_hardness,na"
70392,OIGNEY,0.808,,2,"ca_hardness,na"
43060,CHARRAIX,0.365,,2,"ca_hardness,na"
21523,REULLE-VERGY,0.1418,,2,"ca_hardness,na"
45158,GONDREVILLE,0.1986,,2,"ca_hardness,na"
37199,RILLY-SUR-VIENNE,0.1414,,2,"ca_hardness,na"
15040,CHANTERELLE,0.8102,,2,"ca_hardness,na"
39324,MERONA,0.1719,,2,"ca_hardness,na"
70177,CORRE,0.1623,,2,"ca_hardness,na"
39423,PLAISIA,0.1759,,2,"ca_hardness,na"
62874,WANQUETIN,0.133,,2,"ca_hardness,na"
38258,MONT-SAINT-MARTIN,0.1829,,2,"ca_hardness,na"
89182,FOURONNES,0.1603,,2,"ca_hardness,na"
43242,TAILHAC,0.3581,,2,"ca_hardness,na"
06101,RIGAUD,0.1413,,2,"ca_hardness,na"
25299,GUILLON-LES-BAINS,0.1687,,2,"ca_hardness,na"
39143,CHEVROTAINE,0.2126,,2,"ca_hardness,na"
26239,PLAISIANS,0.1954,,2,"ca_hardness,na"
87022,BREUILAUFA,0.4133,,2,"ca_hardness,na"
21378,MARCENAY,0.1595,,2,"ca_hardness,na"
15116,MARCHASTEL,0.73,,2,"ca_hardness,na"
15110,LUGARDE,0.7354,,2,"ca_hardness,na"
89133,CUDOT,0.167,,2,"ca_hardness,na"
43035,BONNEVAL,0.5018,,2,"ca_hardness,na"
23141,NAILLAT,0.5358,,2,"ca_hardness,na"
89034,BEINE,0.182,,2,"ca_hardness,na"
70052,BASSIGNEY,0.3602,,2,"ca_hardness,na"
25629,VOILLANS,0.1659,,2,"ca_hardness,na"
44074,INDRE,0.7062,,2,"ca_hardness,na"
40143,LAMOTHE,0.1957,,2,"ca_hardness,na"
15009,APCHON,0.6648,,2,"ca_hardness,na"
43128,MALVIERES,0.5996,,2,"ca_hardness,na"
19171,REYGADE,0.3538,,2,"ca_hardness,na"
39156,COGNA,0.1671,,2,"ca_hardness,na"
58011,ARMES,0.173,,2,"ca_hardness,na"
23082,FLEURAT,0.4905,,2,"ca_hardness,na"
25365,MANCENANS,0.1578,,2,"ca_hardness,na"
70157,CLAIREGOUTTE,0.3822,,2,"ca_hardness,na"
28078,CHAPELLE-GUILLAUME,0.9413,,2,"ca_hardness,na"
19212,SAINT-HILAIRE-TAURIEUX,0.4147,,2,"ca_hardness,na"
70254,FREDERIC-FONTAINE,0.7529,,2,"ca_hardness,na"
29008,BEUZEC-CAP-SIZUN,0.6635,,2,"ca_hardness,na"
25618,VILLARS-SOUS-ECOT,0.1739,,2,"ca_hardness,na"
19048,CHASTANG (LE),0.5532,,2,"ca_hardness,na"
39426,PLASNE,0.1875,,2,"ca_hardness,na"
37253,SUBLAINES,0.1294,,2,"ca_hardness,na"
62651,PENIN,0.1407,,2,"ca_hardness,na"
25570,TRESSANDANS,0.2,,2,"ca_hardness,na"
25279,GOUHELANS,0.1596,,2,"ca_hardness,na"
21447,MUSIGNY,0.9097,,2,"ca_hardness,na"
19262,SOUDAINE-LAVINADIERE,0.3698,,2,"ca_hardness,na"
71551,UCHON,0.6928,,2,"ca_hardness,na"
39032,AVIGNON-LES-SAINT-CLAUDE,0.1891,,2,"ca_hardness,na"
70096,BREVILLIERS,0.7669,,2,"ca_hardness,na"
15211,SAINT-SANTIN-CANTALES,0.5275,,2,"ca_hardness,na"
21247,EPOISSES,0.1655,,2,"ca_hardness,na"
27218,EPAIGNES,0.1559,,2,"ca_hardness,na"
29086,IRVILLAC,0.7386,,2,"ca_hardness,na"
26240,PLAN-DE-BAIX,0.1767,,2,"ca_hardness,na"
21098,BOUX-SOUS-SALMAISE,0.1622,,2,"ca_hardness,na"
21186,COMBLANCHIEN,0.1682,,2,"ca_hardness,na"
90036,EGUENIGUE,0.9559,,2,"ca_hardness,na"
13101,SAINT-SAVOURNIN,0.193,,2,"ca_hardness,na"
89115,COMPIGNY,0.1674,,2,"ca_hardness,na"
17363,SAINT-MARTIAL-DE-VITATERNE,0.1677,,2,"ca_hardness,na"
21314,HAUTEROCHE,0.1576,,2,"ca_hardness,na"
41268,VEILLEINS,0.1941,,2,"ca_hardness,na"
89159,ETAULE,0.7907,,2,"ca_hardness,na"
39586,ARESCHES,0.1924,,2,"ca_hardness,na"
05060,FURMEYER,0.1737,,2,"ca_hardness,na"
38008,AMBEL,0.1942,,2,"ca_hardness,na"
18078,CREZANCAY-SUR-CHER,0.6262,,2,"ca_hardness,na"
89102,CHEVANNES,0.1752,,2,"ca_hardness,na"
89352,SAINT-MARTIN-DES-CHAMPS,0.1722,,2,"ca_hardness,na"
95429,MONTREUIL-SUR-EPTE,0.1294,,2,"ca_hardness,na"
18177,PARNAY,0.1625,,2,"ca_hardness,na"
62247,COUPELLE-VIEILLE,0.1656,,2,"ca_hardness,na"
19084,FORGES,0.8078,,2,"ca_hardness,na"
27180,COURCELLES-SUR-SEINE,0.1511,,2,"ca_hardness,na"
37047,CERELLES,0.1554,,2,"ca_hardness,na"
22179,FREHEL,0.9319,,2,"ca_hardness,na"
27483,QUATREMARE,0.1565,,2,"ca_hardness,na"
24442,SAINT-LEON-SUR-L'ISLE,0.1866,,2,"ca_hardness,na"
27623,SURTAUVILLE,0.1428,,2,"ca_hardness,na"
19204,SAINT-FREJOUX,0.4126,,2,"ca_hardness,na"
22143,MATIGNON,0.9686,,2,"ca_hardness,na"
76266,FLOCQUES,0.1529,,2,"ca_hardness,na"
91067,BLANDY,0.1858,,2,"ca_hardness,na"
05025,BUISSARD,0.1907,,2,"ca_hardness,na"
19233,SAINT-PARDOUX-LE-VIEUX,0.5765,,2,"ca_hardness,na"
28144,ETILLEUX (LES),0.1849,,2,"ca_hardness,na"
04095,HOSPITALET (L'),0.193,,2,"ca_hardness,na"
44198,SORINIERES (LES),0.1879,,2,"ca_hardness,na"
19206,SAINT-GERMAIN-LAVOLPS,0.362,,2,"ca_hardness,na"
19139,MILLEVACHES,0.3624,,2,"ca_hardness,na"
22341,TRAMAIN,0.9759,,2,"ca_hardness,na"
19242,SAINT-SOLVE,0.6311,,2,"ca_hardness,na"
04144,PALUD-SUR-VERDON (LA),0.1856,,2,"ca_hardness,na"
06131,SALLAGRIFFON,0.1752,,2,"ca_hardness,na"
50069,BOURGUENOLLES,0.7275,,2,"ca_hardness,na"
21106,BRETENIERE,0.1747,,2,"ca_hardness,na"
70054,BATTRANS,0.1725,,2,"ca_hardness,na"
43008,ARLEMPDES,0.9103,,2,"ca_hardness,na"
43019,BARGES,0.9605,,2,"ca_hardness,na"
97312,SINNAMARY,0.9573,,2,"ca_hardness,na"
71115,CHATEL-MORON,0.1708,,2,"ca_hardness,na"
72300,SAINT-MARS-LA-BRIERE,0.1575,,2,"ca_hardness,na"
49308,SAINT-MELAINE-SUR-AUBANCE,0.6976,,2,"ca_hardness,na"
19225,SAINT-MERD-DE-LAPLEAU,0.7205,,2,"ca_hardness,na"
74295,VERNAZ (LA),0.1928,,2,"ca_hardness,na"
89156,ESNON,0.1666,,2,"ca_hardness,na"
71321,MOREY,0.1673,,2,"ca_hardness,na"
19111,LAVAL-SUR-LUZEGE,0.5193,,2,"ca_hardness,na"
27001,ACLOU,0.1599,,2,"ca_hardness,na"
22366,TREMEL,0.8777,,2,"ca_hardness,na"
04211,SOURRIBES,0.1617,,2,"ca_hardness,na"
71430,SAINT-JEAN-DE-VAUX,0.145,,2,"ca_hardness,na"
53263,THUBOEUF,0.1754,,2,"ca_hardness,na"
15222,SANSAC-VEINAZES,0.4379,,2,"ca_hardness,na"
70132,CHARGEY-LES-GRAY,0.1632,,2,"ca_hardness,na"
89369,SAINT-SEROTIN,0.1778,,2,"ca_hardness,na"
89200,HAUTERIVE,0.1326,,2,"ca_hardness,na"
62189,BUS,0.1394,,2,"ca_hardness,na"
21682,VIEVIGNE,0.1746,,2,"ca_hardness,na"
05032,CHAMPOLEON,0.8848,,2,"ca_hardness,na"
19208,SAINT-HILAIRE-FOISSAC,0.3603,,2,"ca_hardness,na"
19046,CHAPELLE-SPINASSE,0.365,,2,"ca_hardness,na"
04216,THEZE,0.1294,,2,"ca_hardness,na"
04207,SIGOYER,0.1601,,2,"ca_hardness,na"
70064,BELVERNE,0.8178,,2,"ca_hardness,na"
39203,DOYE,0.1882,,2,"ca_hardness,na"
62608,NEUVILLE-BOURJONVAL,0.1385,,2,"ca_hardness,na"
70182,COURMONT,0.968,,2,"ca_hardness,na"
25420,NANS-SOUS-SAINTE-ANNE,0.1831,,2,"ca_hardness,na"
05106,PRUNIERES,0.1907,,2,"ca_hardness,na"
04021,BARRAS,0.1967,,2,"ca_hardness,na"
70091,BOUSSERAUCOURT,0.1368,,2,"ca_hardness,na"
70579,VYANS-LE-VAL,0.1795,,2,"ca_hardness,na"
70350,MOLAY,0.1986,,2,"ca_hardness,na"
62739,SAINS-LES-MARQUION,0.1294,,2,"ca_hardness,na"
74108,DUINGT,0.192,,2,"ca_hardness,na"
21456,NOGENT-LES-MONTBARD,0.1577,,2,"ca_hardness,na"
44157,SAINT-ETIENNE-DE-MER-MORTE,0.1792,,2,"ca_hardness,na"
15249,VAULMIER (LE),0.7181,,2,"ca_hardness,na"
33429,SAINT-LEGER-DE-BALSON,0.5191,,2,"ca_hardness,na"
70089,BOURGUIGNON-LES-MOREY,0.1909,,2,"ca_hardness,na"
43203,SAINT-JULIEN-DU-PINET,0.846,,2,"ca_hardness,na"
74148,LESCHAUX,0.188,,2,"ca_hardness,na"
39282,LATETTE (LA),0.1794,,2,"ca_hardness,na"
76605,SAINTE-MARGUERITE-SUR-MER,0.139,,2,"ca_hardness,na"
74027,BALME-DE-THUY (LA),0.1964,,2,"ca_hardness,na"
21550,SAINT-GERMAIN-LES-SENAILLY,0.1481,,2,"ca_hardness,na"
71525,SOLOGNY,0.1397,,2,"ca_hardness,na"
13013,BELCODENE,0.1879,,2,"ca_hardness,na"
40055,BRETAGNE-DE-MARSAN,0.1861,,2,"ca_hardness,na"
40175,MAURRIN,0.1691,,2,"ca_hardness,na"
71282,MARMAGNE,0.5885,,2,"ca_hardness,na"
39556,VERTAMBOZ,0.1659,,2,"ca_hardness,na"
21220,CUSSEY-LES-FORGES,0.1683,,2,"ca_hardness,na"
62891,WILLENCOURT,0.157,,2,"ca_hardness,na"
21705,VILLOTTE-SAINT-SEINE,0.1715,,2,"ca_hardness,na"
39244,FRONTENAY,0.1861,,2,"ca_hardness,na"
33098,CARDAN,0.1294,,2,"ca_hardness,na"
74041,BONNEVAUX,0.1957,,2,"ca_hardness,na"
39222,FAY-EN-MONTAGNE,0.1764,,2,"ca_hardness,na"
33464,SAINT-PIERRE-DE-BAT,0.1294,,2,"ca_hardness,na"
70252,FRAMONT,0.1695,,2,"ca_hardness,na"
25552,SOURANS,0.1662,,2,"ca_hardness,na"
39418,PICARREAU,0.192,,2,"ca_hardness,na"
27511,SAINT-AUBIN-D'ECROSVILLE,0.1572,,2,"ca_hardness,na"
64258,HAUX,0.1889,,2,"ca_hardness,na"
43183,SAINTE-EUGENIE-DE-VILLENEUVE,0.8449,,2,"ca_hardness,na"
43175,SAINT-CIRGUES,0.552,,2,"ca_hardness,na"
25067,BLUSSANS,0.808,,2,"ca_hardness,na"
70496,TARTECOURT,0.7867,,2,"ca_hardness,na"
43188,SAINT-GEORGES-D'AURAC,0.6878,,2,"ca_hardness,na"
39127,CHAUSSENANS,0.1826,,2,"ca_hardness,na"
70409,PIERRECOURT,0.1574,,2,"ca_hardness,na"
05078,MONETIER-ALLEMONT,0.1735,,2,"ca_hardness,na"
04022,BARREME,0.1918,,2,"ca_hardness,na"
70297,LARRET,0.1663,,2,"ca_hardness,na"
87016,BILLANGES (LES),0.3912,,2,"ca_hardness,na"
04087,FONTIENNE,0.1544,,2,"ca_hardness,na"
22032,CAULNES,0.9576,,2,"ca_hardness,na"
45305,SEICHEBRIERES,0.1691,,2,"ca_hardness,na"
22036,CHAPELLE-BLANCHE (LA),0.9726,,2,"ca_hardness,na"
89167,FLEURY-LA-VALLEE,0.1701,,2,"ca_hardness,na"
22071,GUITTE,0.9409,,2,"ca_hardness,na"
59357,LONGUEVILLE (LA),0.1339,,2,"ca_hardness,na"
62375,GOMMECOURT,0.1465,,2,"ca_hardness,na"
62341,FONCQUEVILLERS,0.1368,,2,"ca_hardness,na"
45316,SURY-AUX-BOIS,0.1819,,2,"ca_hardness,na"
28079,CHAPELLE-ROYALE,0.1867,,2,"ca_hardness,na"
64240,GERE-BELESTEN,0.24,,2,"ca_hardness,na"
05131,SAINT-AUBAN-D'OZE,0.1772,,2,"ca_hardness,na"
64471,SAINT-BOES,0.1817,,2,"ca_hardness,na"
62836,VAUDRICOURT,0.1294,,2,"ca_hardness,na"
05031,CHAMPCELLA,0.1905,,2,"ca_hardness,na"
50456,SAINT-CLEMENT-RANCOUDRAY,0.3396,,2,"ca_hardness,na"
19268,TOY-VIAM,0.3323,,2,"ca_hardness,na"
15260,VIEILLEVIE,0.5663,,2,"ca_hardness,na"
28080,CHARBONNIERES,0.1665,,2,"ca_hardness,na"
15186,SAINTE-EULALIE,0.9875,,2,"ca_hardness,na"
62053,AUDINCTHUN,0.1542,,2,"ca_hardness,na"
19186,SAINT-BONNET-ELVERT,0.5804,,2,"ca_hardness,na"
38063,BURCIN,0.191,,2,"ca_hardness,na"
2B339,VALLICA,0.8667,,2,"ca_hardness,na"
25460,VAL (LE),0.1564,,2,"ca_hardness,na"
56062,GAVRES,0.37,,2,"ca_hardness,na"
25132,CHATILLON-GUYOTTE,0.1697,,2,"ca_hardness,na"
25104,BY,0.1694,,2,"ca_hardness,na"
70302,LIEUCOURT,0.1779,,2,"ca_hardness,na"
39557,VESCLES,0.1971,,2,"ca_hardness,na"
28240,MEAUCE,0.8453,,2,"ca_hardness,na"
87130,ROZIERS-SAINT-GEORGES,0.3822,,2,"ca_hardness,na"
04182,SAINT-JULIEN-D'ASSE,0.1343,,2,"ca_hardness,na"
19189,SAINT-BONNET-LES-TOURS-DE-MERLE,0.3732,,2,"ca_hardness,na"
39163,CONDES,0.1865,,2,"ca_hardness,na"
25490,RIGNEY,0.1994,,2,"ca_hardness,na"
25416,MYON,0.1731,,2,"ca_hardness,na"
64128,BILHERES,0.1944,,2,"ca_hardness,na"
70462,SAINT-FERJEUX,0.1737,,2,"ca_hardness,na"
05009,ASPRES-LES-CORPS,0.1938,,2,"ca_hardness,na"
19155,ORLIAC-DE-BAR,0.8056,,2,"ca_hardness,na"
39269,JEURRE,0.1887,,2,"ca_hardness,na"
70273,GRAMMONT,0.167,,2,"ca_hardness,na"
56201,SAINT (LE),0.7404,,2,"ca_hardness,na"
21553,SAINT-JEAN-DE-BOEUF,0.1591,,2,"ca_hardness,na"
62609,NEUVILLE-SAINT-VAAST,0.1394,,2,"ca_hardness,na"
21293,GERGUEIL,0.1484,,2,"ca_hardness,na"
44194,SAUTRON,0.6629,,2,"ca_hardness,na"
19016,BAR,0.8754,,2,"ca_hardness,na"
28156,FONTAINE-SIMON,0.6779,,2,"ca_hardness,na"
05014,BARRET-SUR-MEOUGE,0.1972,,2,"ca_hardness,na"
70484,SECENANS,0.5477,,2,"ca_hardness,na"
19258,SERVIERES-LE-CHATEAU,0.5203,,2,"ca_hardness,na"
39561,VILLARDS-D'HERIA,0.1993,,2,"ca_hardness,na"
21018,ARCEY,0.1528,,2,"ca_hardness,na"
15033,CEZENS,0.7245,,2,"ca_hardness,na"
19045,CHAPELLE-SAINT-GERAUD (LA),0.4926,,2,"ca_hardness,na"
74184,MINZIER,0.1721,,2,"ca_hardness,na"
43250,VALS-LE-CHASTEL,0.7048,,2,"ca_hardness,na"
05047,EOURRES,0.1947,,2,"ca_hardness,na"
59099,BOUSIES,0.1419,,2,"ca_hardness,na"
19137,MEYRIGNAC-L'EGLISE,0.6209,,2,"ca_hardness,na"
27033,BACQUEPUIS,0.1585,,2,"ca_hardness,na"
64506,SARRANCE,0.1949,,2,"ca_hardness,na"
43186,SAINT-FRONT,0.4197,,2,"ca_hardness,na"
64433,OSSE-EN-ASPE,0.4812,,2,"ca_hardness,na"
53059,CHAPELLE-RAINSOUIN (LA),0.1589,,2,"ca_hardness,na"
05057,FOUILLOUSE,0.1317,,2,"ca_hardness,na"
70076,BONNEVENT-VELLOREILLE,0.1655,,2,"ca_hardness,na"
43143,MONTUSCLAT,0.6513,,2,"ca_hardness,na"
19095,LACELLE,0.3598,,2,"ca_hardness,na"
19284,VIAM,0.4253,,2,"ca_hardness,na"
22313,SAINT-MARTIN-DES-PRES,0.8514,,2,"ca_hardness,na"
38094,CHATONNAY,0.1646,,2,"ca_hardness,na"
87206,VILLEFAVARD,0.4097,,2,"ca_hardness,na"
97614,OUANGANI,0.84,,2,"ca_hardness,na"
04184,SAINT-JURS,0.1619,,2,"ca_hardness,na"
70129,CHAPELLE-SAINT-QUILLAIN (LA),0.1855,,2,"ca_hardness,na"
21084,SOURCE-SEINE,0.1661,,2,"ca_hardness,na"
97616,SADA,0.84,,2,"ca_hardness,na"
90095,SUARCE,0.1713,,2,"ca_hardness,na"
22033,CAUREL,0.8283,,2,"ca_hardness,na"
64542,URDOS,0.5704,,2,"ca_hardness,na"
21403,MENESSAIRE,0.5924,,2,"ca_hardness,na"
15020,BEAULIEU,0.5078,,2,"ca_hardness,na"
39184,CROZETS (LES),0.1986,,2,"ca_hardness,na"
71395,SAINT-BONNET-DE-VIEILLE-VIGNE,0.5947,,2,"ca_hardness,na"
41152,MONTRIEUX-EN-SOLOGNE,0.1778,,2,"ca_hardness,na"
18228,SAINT-OUTRILLE,0.1489,,2,"ca_hardness,na"
43133,MERCOEUR,0.3611,,2,"ca_hardness,na"
70582,VY-LES-RUPT,0.3173,,2,"ca_hardness,na"
21136,CHAMPAGNY,0.1519,,2,"ca_hardness,na"
71021,BARON,0.6,,2,"ca_hardness,na"
21687,VILLARGOIX,0.8933,,2,"ca_hardness,na"
70232,FERRIERES-LES-SCEY,0.5093,,2,"ca_hardness,na"
04054,CHATEAUREDON,0.1398,,2,"ca_hardness,na"
36195,SAINT-GEORGES-SUR-ARNON,0.1407,,2,"ca_hardness,na"
39216,ETIVAL,0.1942,,2,"ca_hardness,na"
2B231,PIGNA,0.4256,,2,"ca_hardness,na"
70494,SORNAY,0.1953,,2,"ca_hardness,na"
70514,VALAY,0.187,,2,"ca_hardness,na"
71217,GERMOLLES-SUR-GROSNE,0.1405,,2,"ca_hardness,na"
71469,SAINT-PIERRE-LE-VIEUX,0.143,,2,"ca_hardness,na"
27464,PLESSIS-GROHAN (LE),0.1623,,2,"ca_hardness,na"
64047,ARNEGUY,0.1942,,2,"ca_hardness,na"
04085,FAUCON-DU-CAIRE,0.1827,,2,"ca_hardness,na"
04093,GIGORS,0.1568,,2,"ca_hardness,na"
64322,LASSE,0.4934,,2,"ca_hardness,na"
19263,SOUDEILLES,0.3708,,2,"ca_hardness,na"
70371,MONTUREUX-ET-PRANTIGNY,0.17,,2,"ca_hardness,na"
43204,SAINT-JULIEN-MOLHESABATE,0.3417,,2,"ca_hardness,na"
89262,MOLOSMES,0.1805,,2,"ca_hardness,na"
15253,VERNOLS,0.968,,2,"ca_hardness,na"
39503,SAPOIS,0.1924,,2,"ca_hardness,na"
39545,VAUDIOUX (LE),0.1993,,2,"ca_hardness,na"
70463,SAINT-GAND,0.1945,,2,"ca_hardness,na"
21112,BROIN,0.1518,,2,"ca_hardness,na"
38221,MARNANS,0.1913,,2,"ca_hardness,na"
23146,NOUZERINES,0.6466,,2,"ca_hardness,na"
19277,VALIERGUES,0.744,,2,"ca_hardness,na"
59285,HASPRES,0.1294,,2,"ca_hardness,na"
15091,LANDEYRAT,0.734,,2,"ca_hardness,na"
24309,NEUVIC,0.1834,,2,"ca_hardness,na"
25433,ORGEANS-BLANCHEFONTAINE,0.1752,,2,"ca_hardness,na"
21322,JALLANGES,0.1388,,2,"ca_hardness,na"
21429,MONTIGNY-MONTFORT,0.1458,,2,"ca_hardness,na"
39120,CHATELNEUF,0.1913,,2,"ca_hardness,na"
24005,ALLES-SUR-DORDOGNE,0.2,,2,"ca_hardness,na"
89320,QUINCEROT,0.1684,,2,"ca_hardness,na"
39278,LARGILLAY-MARSONNAY,0.1741,,2,"ca_hardness,na"
25584,VALOREILLE,0.1878,,2,"ca_hardness,na"
49022,BEAULIEU-SUR-LAYON,0.1789,,2,"ca_hardness,na"
39408,PATORNAY,0.178,,2,"ca_hardness,na"
70537,VELLEMINFROY,0.1561,,2,"ca_hardness,na"
89413,THOREY,0.1818,,2,"ca_hardness,na"
39523,SYAM,0.1884,,2,"ca_hardness,na"
25061,BIEF,0.1902,,2,"ca_hardness,na"
39393,ONGLIERES,0.1785,,2,"ca_hardness,na"
59243,FONTAINE-AU-PIRE,0.1294,,2,"ca_hardness,na"
22014,BOURSEUL,0.968,,2,"ca_hardness,na"
28260,MONTHARVILLE,0.1592,,2,"ca_hardness,na"
62817,TILLOY-LES-MOFFLAINES,0.1318,,2,"ca_hardness,na"
22094,LANCIEUX,0.9548,,2,"ca_hardness,na"
62254,COYECQUES,0.1546,,2,"ca_hardness,na"
22311,SAINT-LORMEL,0.9318,,2,"ca_hardness,na"
76436,MESNIL-SOUS-JUMIEGES (LE),0.1667,,2,"ca_hardness,na"
15231,TALIZAT,0.5706,,2,"ca_hardness,na"
61091,CHAMPSECRET,0.3969,,2,"ca_hardness,na"
53223,SAINT-GERMAIN-DE-COULAMER,0.4773,,2,"ca_hardness,na"
76684,TANCARVILLE,0.1541,,2,"ca_hardness,na"
38114,CLONAS-SUR-VAREZE,0.1519,,2,"ca_hardness,na"
79289,SAINT-PIERRE-DES-ECHAUBROGNES,0.1941,,2,"ca_hardness,na"
62185,BULLECOURT,0.1258,,2,"ca_hardness,na"
97352,SAUL,0.808,,2,"ca_hardness,na"
43067,CHAVANIAC-LAFAYETTE,0.8747,,2,"ca_hardness,na"
97356,CAMOPI,0.3139,,2,"ca_hardness,na"
70201,DELAIN,0.1917,,2,"ca_hardness,na"
38173,FRENEY-D'OISANS (LE),0.2369,,2,"ca_hardness,na"
70107,BUSSIERES,0.1866,,2,"ca_hardness,na"
97617,TSINGONI,0.3773,,2,"ca_hardness,na"
38040,BESSE,0.1425,,2,"ca_hardness,na"
45262,ROUVRAY-SAINTE-CROIX,0.177,,2,"ca_hardness,na"
38237,MIZOEN,0.8342,,2,"ca_hardness,na"
89010,ANNAY-SUR-SEREIN,0.177,,2,"ca_hardness,na"
49120,DENEE,0.4506,,2,"ca_hardness,na"
38177,GARDE (LA),0.1846,,2,"ca_hardness,na"
04138,NIOZELLES,0.1586,,2,"ca_hardness,na"
04009,ARCHAIL,0.197,,2,"ca_hardness,na"
27206,DROISY,0.1628,,2,"ca_hardness,na"
27500,ROUTOT,0.1648,,2,"ca_hardness,na"
04177,HAUTES-DUYES,0.1777,,2,"ca_hardness,na"
38549,VILLARD-NOTRE-DAME,0.4633,,2,"ca_hardness,na"
25281,GOUX-LES-DAMBELIN,0.1795,,2,"ca_hardness,na"
38551,VILLARD-REYMOND,0.3712,,2,"ca_hardness,na"
90080,PHAFFANS,0.9253,,2,"ca_hardness,na"
62163,BOURET-SUR-CANCHE,0.1507,,2,"ca_hardness,na"
71232,HAUTEFOND,0.632,,2,"ca_hardness,na"
59173,DEULEMONT,0.152,,2,"ca_hardness,na"
25313,HYEVRE-PAROISSE,0.1636,,2,"ca_hardness,na"
25607,VERNOIS-LES-BELVOIR,0.1772,,2,"ca_hardness,na"
14614,SAINTE-MARGUERITE-D'ELLE,0.872,,2,"ca_hardness,na"
22242,PLURIEN,0.9626,,2,"ca_hardness,na"
27463,PLASNES,0.1568,,2,"ca_hardness,na"
18103,GRACAY,0.1529,,2,"ca_hardness,na"
71017,BALLORE,0.7053,,2,"ca_hardness,na"
39105,CHAPOIS,0.1876,,2,"ca_hardness,na"
74203,NOVEL,0.1569,,2,"ca_hardness,na"
62278,DROUVIN-LE-MARAIS,0.1294,,2,"ca_hardness,na"
22304,SAINT-JEAN-KERDANIEL,0.8197,,2,"ca_hardness,na"
45056,BROMEILLES,0.1553,,2,"ca_hardness,na"
49259,ROCHEFORT-SUR-LOIRE,0.178,,2,"ca_hardness,na"
41196,RUAN-SUR-EGVONNE,0.4232,,2,"ca_hardness,na"
74122,FAUCIGNY,0.1465,,2,"ca_hardness,na"
22045,COHINIAC,0.7809,,2,"ca_hardness,na"
62639,OPPY,0.1294,,2,"ca_hardness,na"
74209,PEILLONNEX,0.1473,,2,"ca_hardness,na"
76157,CANTELEU,0.1709,,2,"ca_hardness,na"
50130,CHERENCE-LE-HERON,0.3621,,2,"ca_hardness,na"
22174,PLEBOULLE,0.919,,2,"ca_hardness,na"
15164,ROFFIAC,0.6818,,2,"ca_hardness,na"
76434,MESNIL-RAOUL,0.1523,,2,"ca_hardness,na"
76448,MONTMAIN,0.1559,,2,"ca_hardness,na"
22295,SAINT-GILLES-VIEUX-MARCHE,0.8648,,2,"ca_hardness,na"
64360,LURBE-SAINT-CHRISTAU,0.1957,,2,"ca_hardness,na"
28374,SERAZEREUX,0.162,,2,"ca_hardness,na"
76297,GANCOURT-SAINT-ETIENNE,0.1607,,2,"ca_hardness,na"
61415,SAINT-LEGER-SUR-SARTHE,0.1447,,2,"ca_hardness,na"
74231,SAINT-EUSEBE,0.1434,,2,"ca_hardness,na"
15240,TREMOUILLE,0.8675,,2,"ca_hardness,na"
90085,RIERVESCEMONT,0.519,,2,"ca_hardness,na"
71112,CHATEAU,0.144,,2,"ca_hardness,na"
27398,MENNEVAL,0.1494,,2,"ca_hardness,na"
39469,ROUFFANGE,0.1904,,2,"ca_hardness,na"
97314,OUANARY,0.2978,,2,"ca_hardness,na"
27624,SURVILLE,0.1565,,2,"ca_hardness,na"
70251,FRANCOURT,0.1665,,2,"ca_hardness,na"
71490,SAINT-VINCENT-BRAGNY,0.568,,2,"ca_hardness,na"
70003,ACHEY,0.1698,,2,"ca_hardness,na"
15219,SALERS,0.6666,,2,"ca_hardness,na"
27662,TRIQUEVILLE,0.1539,,2,"ca_hardness,na"
21161,CHAUMONT-LE-BOIS,0.1688,,2,"ca_hardness,na"
15152,PIERREFORT,0.8346,,2,"ca_hardness,na"
70383,NEUVELLE-LES-CROMARY,0.2,,2,"ca_hardness,na"
62816,TILLOY-LES-HERMAVILLE,0.1354,,2,"ca_hardness,na"
49370,VERRIE,0.5242,,2,"ca_hardness,na"
70502,TINCEY-ET-PONTREBEAU,0.1889,,2,"ca_hardness,na"
43005,ALLEYRAS,0.9983,,2,"ca_hardness,na"
70230,FEDRY,0.1757,,2,"ca_hardness,na"
70488,SENONCOURT,0.3626,,2,"ca_hardness,na"
43101,GOUDET,0.8754,,2,"ca_hardness,na"
64404,MONTORY,0.3692,,2,"ca_hardness,na"
28049,BONCE,0.1507,,2,"ca_hardness,na"
43004,ALLEYRAC,0.7008,,2,"ca_hardness,na"
70170,CONTREGLISE,0.1521,,2,"ca_hardness,na"
64222,ETCHEBAR,0.701,,2,"ca_hardness,na"
21264,FETE (LE),0.7953,,2,"ca_hardness,na"
70372,MONTUREUX-LES-BAULAY,0.1808,,2,"ca_hardness,na"
25548,SOLEMONT,0.1711,,2,"ca_hardness,na"
21194,CORGOLOIN,0.1734,,2,"ca_hardness,na"
21526,ROCHEFORT-SUR-BREVON,0.1771,,2,"ca_hardness,na"
76252,ETALONDES,0.1517,,2,"ca_hardness,na"
25574,UZELLE,0.1636,,2,"ca_hardness,na"
25083,BOURNOIS,0.1803,,2,"ca_hardness,na"
15002,ALLEUZE,0.8613,,2,"ca_hardness,na"
25449,PESEUX,0.1717,,2,"ca_hardness,na"
21410,MEULSON,0.17,,2,"ca_hardness,na"
70486,SEMMADON,0.6925,,2,"ca_hardness,na"
25377,MESANDANS,0.1697,,2,"ca_hardness,na"
95110,BRIGNANCOURT,0.1274,,2,"ca_hardness,na"
89207,JOUANCY,0.169,,2,"ca_hardness,na"
89092,CHATEL-GERARD,0.1736,,2,"ca_hardness,na"
04106,LURS,0.1507,,2,"ca_hardness,na"
44121,PETIT-AUVERNE,0.3332,,2,"ca_hardness,na"
49121,DENEZE-SOUS-DOUE,0.4267,,2,"ca_hardness,na"
95452,NOINTEL,0.1294,,2,"ca_hardness,na"
14238,ENGLESQUEVILLE-EN-AUGE,0.1522,,2,"ca_hardness,na"
83114,SAINT-MARTIN-DE-PALLIERES,0.1857,,2,"ca_hardness,na"
76030,AUBERMESNIL-BEAUMAIS,0.1515,,2,"ca_hardness,na"
45277,SAINT-FLORENT,0.5893,,2,"ca_hardness,na"
45184,LION-EN-SULLIAS,0.1843,,2,"ca_hardness,na"
45205,MEZIERES-EN-GATINAIS,0.1957,,2,"ca_hardness,na"
64223,ETSAUT,0.1913,,2,"ca_hardness,na"
38019,AUBERIVES-SUR-VAREZE,0.1541,,2,"ca_hardness,na"
64185,CETTE-EYGUN,0.3954,,2,"ca_hardness,na"
95008,AINCOURT,0.1294,,2,"ca_hardness,na"
15125,MENTIERES,0.6017,,2,"ca_hardness,na"
15194,SAINT-JULIEN-DE-TOURSAC,0.5947,,2,"ca_hardness,na"
05158,SAIX (LE),0.1823,,2,"ca_hardness,na"
06001,AIGLUN,0.1919,,2,"ca_hardness,na"
59488,RAILLENCOURT-SAINTE-OLLE,0.1352,,2,"ca_hardness,na"
86197,POUANT,0.1449,,2,"ca_hardness,na"
15075,GIRGOLS,0.7852,,2,"ca_hardness,na"
71479,SAINT-SERNIN-DU-BOIS,0.6127,,2,"ca_hardness,na"
2B296,SANT'ANTONINO,0.4312,,2,"ca_hardness,na"
14367,LISON,0.9394,,2,"ca_hardness,na"
45084,CHATENOY,0.187,,2,"ca_hardness,na"
87043,CHEISSOUX,0.3732,,2,"ca_hardness,na"
71031,BERZE-LE-CHATEL,0.1486,,2,"ca_hardness,na"
38437,SAINT-PAUL-D'IZEAUX,0.1872,,2,"ca_hardness,na"
27044,BAUX-SAINTE-CROIX (LES),0.1605,,2,"ca_hardness,na"
97604,BOUENI,0.5627,,2,"ca_hardness,na"
15093,LAPEYRUGUE,0.5212,,2,"ca_hardness,na"
39174,COYRIERE,0.1955,,2,"ca_hardness,na"
43094,FERRUSSAC,0.4907,,2,"ca_hardness,na"
43082,CRONCE,0.4446,,2,"ca_hardness,na"
18063,CHAVANNES,0.4281,,2,"ca_hardness,na"
19053,CHAVEROCHE,0.9444,,2,"ca_hardness,na"
49292,VAL-DU-LAYON,0.1787,,2,"ca_hardness,na"
74066,CHAVANNAZ,0.1547,,2,"ca_hardness,na"
27486,QUITTEBEUF,0.1552,,2,"ca_hardness,na"
74222,REYVROZ,0.1791,,2,"ca_hardness,na"
39155,CLUCY,0.1798,,2,"ca_hardness,na"
87058,DOMPS,0.3562,,2,"ca_hardness,na"
39147,CHILLY-SUR-SALINS,0.1895,,2,"ca_hardness,na"
39355,MONTIGNY-LES-ARSURES,0.1745,,2,"ca_hardness,na"
06102,RIMPLAS,0.7,,2,"ca_hardness,na"
74162,MARCELLAZ,0.1459,,2,"ca_hardness,na"
06142,TOUET-DE-L'ESCARENE,0.1747,,2,"ca_hardness,na"
22156,MOUSTERU,0.7878,,2,"ca_hardness,na"
70118,CHAMBORNAY-LES-BELLEVAUX,0.1944,,2,"ca_hardness,na"
59001,ABANCOURT,0.126,,2,"ca_hardness,na"
25322,LAIRE,0.8156,,2,"ca_hardness,na"
15157,QUEZAC,0.6,,2,"ca_hardness,na"
21603,SEMUR-EN-AUXOIS,0.1714,,2,"ca_hardness,na"
70288,HYET,0.1996,,2,"ca_hardness,na"
25470,PRETIERE (LA),0.1591,,2,"ca_hardness,na"
39040,BARRETAINE,0.182,,2,"ca_hardness,na"
45198,MARSAINVILLIERS,0.1605,,2,"ca_hardness,na"
24157,DOUZILLAC,0.1921,,2,"ca_hardness,na"
49132,ETRICHE,0.598,,2,"ca_hardness,na"
38542,VEYSSILIEU,0.1512,,2,"ca_hardness,na"
83147,VERIGNON,0.1749,,2,"ca_hardness,na"
62909,YTRES,0.1373,,2,"ca_hardness,na"
62731,RUYAULCOURT,0.1301,,2,"ca_hardness,na"
47039,BOUSSES,0.1913,,2,"ca_hardness,na"
06111,ROURE,0.9536,,2,"ca_hardness,na"
70202,DEMANGEVELLE,0.1401,,2,"ca_hardness,na"
22128,LOCARN,0.8647,,2,"ca_hardness,na"
70410,PIN,0.1838,,2,"ca_hardness,na"
70057,BAY,0.192,,2,"ca_hardness,na"
25483,RECULFOZ,0.1948,,2,"ca_hardness,na"
24434,SAINT-JUST,0.166,,2,"ca_hardness,na"
70075,BONBOILLON,0.1899,,2,"ca_hardness,na"
25501,RONDEFONTAINE,0.1986,,2,"ca_hardness,na"
25504,ROSUREUX,0.1901,,2,"ca_hardness,na"
25131,CHATELBLANC,0.1957,,2,"ca_hardness,na"
70175,CORNOT,0.6048,,2,"ca_hardness,na"
97612,MTSAMBORO,0.2528,,2,"ca_hardness,na"
70293,LAMBREY,0.165,,2,"ca_hardness,na"
39236,FRANCHEVILLE,0.1533,,2,"ca_hardness,na"
33040,BEGUEY,0.1287,,2,"ca_hardness,na"
70078,BOUGEY,0.52,,2,"ca_hardness,na"
25059,BEUTAL,0.1751,,2,"ca_hardness,na"
43172,SAINT-BONNET-LE-FROID,0.3569,,2,"ca_hardness,na"
43083,CUBELLES,0.5367,,2,"ca_hardness,na"
19086,GOULLES,0.3741,,2,"ca_hardness,na"
74271,SEYTROUX,0.1957,,2,"ca_hardness,na"
21607,SEURRE,0.1383,,2,"ca_hardness,na"
76135,BOUVILLE,0.1616,,2,"ca_hardness,na"
59521,SAILLY-LEZ-CAMBRAI,0.1344,,2,"ca_hardness,na"
21552,SAINT-HELIER,0.1497,,2,"ca_hardness,na"
51190,COURTAGNON,0.128,,2,"ca_hardness,na"
45138,ESCRIGNELLES,0.154,,2,"ca_hardness,na"
14138,CARTIGNY-L'EPINAY,0.1781,,2,"ca_hardness,na"
22238,PLUFUR,0.9615,,2,"ca_hardness,na"
61510,VITRAI-SOUS-LAIGLE,0.1775,,2,"ca_hardness,na"
22098,LANDEHEN,0.8239,,2,"ca_hardness,na"
61402,SAINT-HILAIRE-DE-BRIOUZE,0.2,,2,"ph,tds"
62812,THIEMBRONNE,0.1518,THIEMBRONNE,2,"ca_hardness,na"
26300,SAINT-DIZIER-EN-DIOIS,0.1662,,2,"ca_hardness,na"
89453,VILLEFARGEAU,0.1763,COMMUNAUTE AUXERROISE OUEST,2,"ca_hardness,na"
26076,CHARENS,0.192,,2,"ca_hardness,na"
26136,VAL-MARAVEL,0.1909,,2,"ca_hardness,na"
21144,CHARENCEY,0.1707,,2,"ca_hardness,na"
45101,COMBREUX,0.1823,SURY AUX BOIS-CHATENOY-COMBREUX,2,"ca_hardness,na"
26267,RIOMS,0.1604,,2,"ca_hardness,na"
59551,SAMEON,0.1315,LECELLES,2,"ca_hardness,na"
21672,VESVRES,0.1477,"SESAM, R. VESVRES",2,"ca_hardness,na"
23004,ANZEME,0.552,ANZEME-SAINT FIEL,2,"ca_hardness,na"
71477,SAINT-ROMAIN-SOUS-GOURDON,0.6283,ARCONCE-VARENNE SAINT GERMAIN,2,"ca_hardness,na"
76208,CUY-SAINT-FIACRE,0.1508,CUY ST FIACRE,2,"ca_hardness,na"
27036,BALINES,0.1737,VERNEUIL EST,2,"ca_hardness,na"
27002,ACON,0.1681,ACON DROISY,2,"ca_hardness,na"
27298,GRAVERON-SEMERVILLE,0.1585,QUITTEBEUF,2,"ca_hardness,na"
27078,BOISSIERE (LA),0.1652,LA BOISSIERE,2,"ca_hardness,na"
74175,MEILLERIE,0.1862,,2,"ca_hardness,na"
38017,ASSIEU,0.1789,AUBERIVES - CHEYSSIEU -VILLE/S/ANJOU - CLONAS - ASSIEU ,2,"ca_hardness,na"
19192,SAINT-CHAMANT,0.7888,RESEAU FORGES-ST CHAMANT,2,"ca_hardness,na"
49302,SAINT-MACAIRE-DU-BOIS,0.4699,DOUESSIN,2,"ca_hardness,na"
26248,PONTAIX,0.1906,,2,"ca_hardness,na"
18268,UZAY-LE-VENON,0.5972,SMEACL (SIDIAILLES),2,"ca_hardness,na"
74073,CHEVENOZ,0.1923,,2,"ca_hardness,na"
23175,SOUS-PARSAT,0.5771,,2,"ca_hardness,na"
59519,RUMEGIES,0.1317,LECELLES,2,"ca_hardness,na"
38308,PLAN,0.1668,,2,"ca_hardness,na"
27161,CLAVILLE,0.1741,CLAVILLE,2,"ca_hardness,na"
97358,SAINT-ELIE,0.3024,,2,"ca_hardness,na"
27345,HOUSSAYE (LA),0.1676,LA HOUSSAYE,2,"ca_hardness,na"
71134,NAVOUR-SUR-GROSNE,0.1294,HAUTE GROSNE-SAONE GROSNE,2,"ca_hardness,na"
26159,LAVAL-D'AIX,0.1633,,2,"ca_hardness,na"
39464,ROMAIN,0.1922,SIAEP DU VAL D'OGNON - JURA,2,"ca_hardness,na"
27316,HAUVILLE,0.1649,ROUGEMONTIERS,2,"ca_hardness,na"
43151,PINOLS,0.3654,,2,"ca_hardness,na"
39527,TAXENNE,0.1931,SIAEP DU VAL D'OGNON - JURA,2,"ca_hardness,na"
26227,PELONNE,0.1644,,2,"ca_hardness,na"
71413,SAINT-FIRMIN,0.7627,C.U.C.M. SAINT EMILAND,2,"ca_hardness,na"
36203,SAINT-MEDARD,0.1567,CHATILLON SUR INDRE,2,"ca_hardness,na"
44170,SAINT-JULIEN-DE-VOUVANTES,0.1365,SECTEUR-PAYS DE LA MEE-SUD,2,"ca_hardness,na"
27184,CRASVILLE,0.1373,CRASVILLE SURTAUVILLE,2,"ca_hardness,na"
40080,CAZERES-SUR-L'ADOUR,0.1698,PAYS_GRENADOIS_PAR_ST-GEIN,2,"ca_hardness,na"
27353,IRREVILLE,0.1544,EPN BROSVILLE,2,"ca_hardness,na"
49090,CHEFFES,0.6007,LOIR ET SARTHE,2,"ca_hardness,na"
62267,DENNEBROEUCQ,0.1495,AUDINCTHUN,2,"ca_hardness,na"
39570,VILLERS-LES-BOIS,0.152,SIE 3 RIVIÈRES - SECTEUR COLONNE,2,"ca_hardness,na"
40153,LEUY (LE),0.1957,LAMOTHE_LE-LEUY_PAR_MARSEILLON,2,"ca_hardness,na"
21123,BUXEROLLES,0.1825,,2,"ca_hardness,na"
74296,VERS,0.1765,,2,"ca_hardness,na"
90064,LEPUIX-NEUF,0.1744,,2,"ca_hardness,na"
59335,LECELLES,0.1251,LECELLES,2,"ca_hardness,na"
27591,SAINT-PIERRE-DE-CORMEILLES,0.1601,,2,"ca_hardness,na"
01016,ARBIGNY,0.2,SVR PONT DE VAUX,2,"ph,tds"
01021,ARS-SUR-FORMANS,0.2,BDS CHATANIER,2,"ph,tds"
01028,BANEINS,0.2,BDS MONTMERLE ET ENVIRONS,2,"ph,tds"
01040,BEREZIAT,0.2,SVR PONT DE VAUX,2,"ph,tds"
01042,BEY,0.2,BDS ST DIDIER/CHALARONNE,2,"ph,tds"
01050,BOISSEY,0.2,SVR PONT DE VAUX,2,"ph,tds"
01054,BOURG-SAINT-CHRISTOPHE,0.2,DOMBES COTIERE VILLIEU,2,"ph,tds"
01065,BUELLAS,0.2,VEYLE REYSSOUZE H.S.,2,"ph,tds"
01072,CEYZERIAT,0.2,BSR CEYZERIAT,2,"ph,tds"
01090,CHATENAY,0.2,AIN VEYLE REVERMONT,2,"ph,tds"
01094,CHAVANNES-SUR-REYSSOUZE,0.2,SVR PONT DE VAUX,2,"ph,tds"
01101,CHEVILLARD,0.2,HBA COMBE DU VAL (SIE VALROMEY),2,"ph,tds"
01102,CHEVROUX,0.2,SVR PONT DE VAUX,2,"ph,tds"
01115,CONFRANCON,0.2,VEYLE REYSSOUZE B.S.,2,"ph,tds"
01123,CORMORANCHE-SUR-SAONE,0.2,BDS ST DIDIER/CHALARONNE,2,"ph,tds"
01127,COURMANGOUX,0.2,BSR CEYZERIAT,2,"ph,tds"
01128,COURTES,0.2,SVR PONT DE VAUX,2,"ph,tds"
01129,CRANS,0.2,DOMBES COTIERE VERSAILLEUX,2,"ph,tds"
01147,DOMSURE,0.2,BSR SALAVRE,2,"ph,tds"
01150,DROM,0.2,BSR CEYZERIAT,2,"ph,tds"
01151,DRUILLAT,0.2,AIN VEYLE REVERMONT,2,"ph,tds"
01153,ECHENEVEX,0.2,CHENAZ PREVESSINS MOENS,2,"ph,tds"
01155,EVOSGES,0.2,BOREY,2,"ph,tds"
01156,FARAMANS,0.2,DOMBES COTIERE VERSAILLEUX,2,"ph,tds"
01159,FEILLENS,0.2,SVR NORD REPLONGES,2,"ph,tds"
01175,GORREVOD,0.2,SVR PONT DE VAUX,2,"ph,tds"
01188,ILLIAT,0.2,BDS ST DIDIER/CHALARONNE,2,"ph,tds"
01191,IZENAVE,0.2,HBA COMBE DU VAL (SIE VALROMEY),2,"ph,tds"
01196,JAYAT,0.2,BSR FOISSIAT,2,"ph,tds"
01198,JOYEUX,0.2,DOMBES COTIERE VERSAILLEUX,2,"ph,tds"
01225,LURCY,0.2,BDS MONTMERLE ET ENVIRONS,2,"ph,tds"
01229,MALAFRETAZ,0.2,VEYLE REYSSOUZE B.S.,2,"ph,tds"
01231,MANZIAT,0.2,SVR PONT DE VAUX,2,"ph,tds"
01250,MISERIEUX,0.2,BDS CHATANIER,2,"ph,tds"
01252,MOGNENEINS,0.2,BDS ST DIDIER/CHALARONNE,2,"ph,tds"
01282,OUTRIAZ,0.2,HBA COMBE DU VAL (SIE VALROMEY),2,"ph,tds"
01284,OZAN,0.2,SVR PONT DE VAUX,2,"ph,tds"
01291,PERREX,0.2,SVR SUD PONT DE VEYLE,2,"ph,tds"
01293,PEYRIAT,0.2,,2,"ph,tds"
01295,PEYZIEUX-SUR-SAONE,0.2,BDS MONTMERLE ET ENVIRONS,2,"ph,tds"
01296,PIRAJOUX,0.2,BSR SALAVRE,2,"ph,tds"
01299,PLANTAY (LE),0.2,BDS CHAPELLE DU CHATELARD,2,"ph,tds"
01317,RAMASSE,0.2,BSR CEYZERIAT,2,"ph,tds"
01319,RELEVANT,0.2,BDS CHAPELLE DU CHATELARD,2,"ph,tds"
01321,REVONNAS,0.2,BSR CEYZERIAT,2,"ph,tds"
01323,REYSSOUZE,0.2,SVR PONT DE VAUX,2,"ph,tds"
01332,SAINT-ANDRE-DE-BAGE,0.2,SVR SUD PONT DE VEYLE,2,"ph,tds"
01334,SAINT-ANDRE-D'HUIRIAT,0.2,BDS ST DIDIER/CHALARONNE,2,"ph,tds"
01335,SAINT-ANDRE-LE-BOUCHOUX,0.2,BDS CHAPELLE DU CHATELARD,2,"ph,tds"
01337,SAINT-BENIGNE,0.2,SVR PONT DE VAUX,2,"ph,tds"
01347,SAINT-DIDIER-DE-FORMANS,0.2,BDS CHATANIER,2,"ph,tds"
01351,SAINT-ETIENNE-SUR-CHALARONNE,0.2,BDS ST DIDIER/CHALARONNE,2,"ph,tds"
01352,SAINT-ETIENNE-SUR-REYSSOUZE,0.2,SVR PONT DE VAUX,2,"ph,tds"
01359,SAINT-GERMAIN-SUR-RENON,0.2,BDS CHAPELLE DU CHATELARD,2,"ph,tds"
01362,SAINT-JEAN-DE-THURIGNEUX,0.2,BDS CHATANIER,2,"ph,tds"
01364,SAINT-JEAN-SUR-REYSSOUZE,0.2,SVR PONT DE VAUX,2,"ph,tds"
01374,SAINT-MARTIN-DU-MONT,0.2,AIN VEYLE REVERMONT,2,"ph,tds"
01382,SAINTE-OLIVE,0.1989,BDS CHATANIER,2,"ph,tds"
01383,SAINT-PAUL-DE-VARAX,0.2,AIN VEYLE REVERMONT,2,"ph,tds"
01398,SAVIGNEUX,0.2,BDS CHATANIER,2,"ph,tds"
01402,SERMOYER,0.2,SVR PONT DE VAUX,2,"ph,tds"
01408,SIMANDRE-SUR-SURAN,0.2,BSR CEYZERIAT,2,"ph,tds"
01410,SONTHONNAX-LA-MONTAGNE,0.2,HBA SONTHONNAX CREPIAT,2,"ph,tds"
01420,THOISSEY,0.2,BDS ST DIDIER/CHALARONNE,2,"ph,tds"
01422,TOSSIAT,0.2,AIN VEYLE REVERMONT,2,"ph,tds"
01423,TOUSSIEUX,0.2,BDS CHATANIER,2,"ph,tds"
01428,VALEINS,0.2,BDS MONTMERLE ET ENVIRONS,2,"ph,tds"
01429,VANDEINS,0.2,VEYLE REYSSOUZE H.S.,2,"ph,tds"
01430,VARAMBON,0.2,AIN VEYLE REVERMONT,2,"ph,tds"
01433,VERNOUX,0.2,SVR PONT DE VAUX,2,"ph,tds"
01439,VESINES,0.2,SVR PONT DE VAUX,2,"ph,tds"
01445,VILLEMOTIER,0.2,BSR SALAVRE,2,"ph,tds"
01446,VILLENEUVE,0.2,BDS CHATANIER,2,"ph,tds"
01451,VIRIAT,0.2,VEYLE REYSSOUZE B.S.,2,"ph,tds"
01457,VONNAS,0.2,BDS SULIGNAT,2,"ph,tds"
02015,ANCIENVILLE,0.2,UDI DE CHOUY,2,"ph,tds"
02016,ANDELAIN,0.2,SIAEP DE SINCENY,2,"ph,tds"
02019,ANNOIS,0.2,SIAEP DU BOIS DE L'ABBE,2,"ph,tds"
02033,AUBIGNY-EN-LAONNOIS,0.2,UDI MELANGE CHEMIN DES DAMES,2,"ph,tds"
02036,AUGY,0.1771,UDI  DE LA VALLEE DE LA VESLE,2,"ph,tds"
02038,AUTELS (LES),0.1064,SIAEP DE ROZOY SUR SERRE,2,"ph,tds"
02041,AUTREVILLE,0.2,SIAEP DE SINCENY,2,"ph,tds"
02043,BAGNEUX,0.2,UDI DE MORSAIN,2,"ph,tds"
02049,BARISIS-AUX-BOIS,0.2,SIAEP DE SINCENY,2,"ph,tds"
02055,BEAUME,0.2,SIAEP D'AUBENTON,2,"ph,tds"
02074,BERTAUCOURT-EPOURDON,0.2,SIAEP DE SINCENY,2,"ph,tds"
02078,BESME,0.2,SIAEP DE BLERANCOURT,2,"ph,tds"
02079,BESMONT,0.2,SIAEP D'AUBENTON,2,"ph,tds"
02080,BESNY-ET-LOIZY,0.2,UDI D'AULNOIS-BESNY-LOISY-VIVAISE,2,"ph,tds"
02081,BETHANCOURT-EN-VAUX,0.1,UDI D'ABBECOURT,2,"ph,tds"
02089,BILLY-SUR-AISNE,0.2,UDI DE SOISSONS - VILLENEUVE,2,"ph,tds"
02100,BONY,0.2,UDI DE GOUY-HARGICOURT-BONY,2,"ph,tds"
02101,BOSMONT-SUR-SERRE,0.2,,2,"ph,tds"
02103,BOUE,0.2707,UDI D'ENGLANCOURT,2,"ph,tds"
02104,BOUFFIGNEREUX,0.2,SIAEP DE BEAURIEUX,2,"ph,tds"
02105,BOURESCHES,0.2,UDI DE ST GENGOULPH ET DU CLIGNON,2,"ph,tds"
02106,BOURG-ET-COMIN,0.2,SIAEP DE BEAURIEUX,2,"ph,tds"
02117,BRAY-SAINT-CHRISTOPHE,0.2,UDI DE LA VALLEE DE LA SOMME,2,"ph,tds"
02124,BRISSY-HAMEGICOURT,0.2,UDI DE LA VALLEE DE L'OISEL,2,"ph,tds"
02125,BRUMETZ,0.2,UDI DE ST GENGOULPH ET DU CLIGNON,2,"ph,tds"
02126,BRUNEHAMEL,0.2,SIAEP DE LA VALLEE DE LA BRUNE,2,"ph,tds"
02127,BRUYERES-SUR-FERE,0.1714,UDI DE FERE EN TARDENOIS,2,"ph,tds"
02129,BRUYS,0.2,SIAEP D'ARCY SAINTE-RESTITUE,2,"ph,tds"
02132,BUCY-LES-CERNY,0.2,SIAEP DE CREPY,2,"ph,tds"
02135,BUIRONFOSSE,0.2707,UDI D'ENGLANCOURT,2,"ph,tds"
02136,BURELLES,0.2,SIAEP DE BRAYE EN THIERACHE,2,"ph,tds"
02137,BUSSIARES,0.2,UDI DE ST GENGOULPH ET DU CLIGNON,2,"ph,tds"
02138,BUZANCY,0.2,UDI DE PARCY TIGNY,2,"ph,tds"
02144,CAULAINCOURT,0.2,UDI DE VERMAND,2,"ph,tds"
02145,CAUMONT,0.2,SIAEP DU BOIS DE L'ABBE,2,"ph,tds"
02151,CERNY-LES-BUCY,0.2,SIAEP DE CREPY,2,"ph,tds"
02152,CERSEUIL,0.1771,UDI  DE LA VALLEE DE LA VESLE,2,"ph,tds"
02153,CESSIERES-SUZY,0.2,SIAEP DE LAON OUEST,2,"ph,tds"
02155,CHAILLEVOIS,0.2,SIAEP DU PONT OGER,2,"ph,tds"
02164,CHARMEL (LE),0.2,UDI DE CHATEAU THIERRY,2,"ph,tds"
02166,CHARTEVES,0.2,UDI DE CHATEAU THIERRY,2,"ph,tds"
02167,CHASSEMY,0.1771,UDI  DE LA VALLEE DE LA VESLE,2,"ph,tds"
02170,CHATILLON-SUR-OISE,0.2,UDI DE SERY LES MEZIERES,2,"ph,tds"
02178,CHERMIZY-AILLES,0.2,UDI ALIMENTATION ATHIES - CHEMIN DES DAMES,2,"ph,tds"
02181,CHERY-LES-ROZOY,0.1064,SIAEP DE ROZOY SUR SERRE,2,"ph,tds"
02182,CHEVENNES,0.2,SIAEP DE SAINS RICHAUMONT,2,"ph,tds"
02185,CHEZY-EN-ORXOIS,0.2,UDI DE ST GENGOULPH ET DU CLIGNON,2,"ph,tds"
02187,CHIERRY,0.2,UDI DE CHATEAU THIERRY,2,"ph,tds"
02188,CHIGNY,0.2707,UDI D'ENGLANCOURT,2,"ph,tds"
02193,CIERGES,0.1714,UDI DE FERE EN TARDENOIS,2,"ph,tds"
02194,CILLY,0.2,SIAEP DE SAINS RICHAUMONT,2,"ph,tds"
02197,CLAIRFONTAINE,0.2707,UDI D'ENGLANCOURT,2,"ph,tds"
02200,CLERMONT-LES-FERMES,0.196,SIAEP D'EBOULEAU,2,"ph,tds"
02204,COINGT,0.2,SIAEP DE LA VALLEE DE LA BRUNE,2,"ph,tds"
02205,COLLIGIS-CRANDELAIN,0.2,SIAEP DU PONT OGER,2,"ph,tds"
02209,CONDE-EN-BRIE,0.2,UDI DE VALLEES EN CHAMPAGNE,2,"ph,tds"
02213,CONNIGIS,0.2,UDI DE VALLEES EN CHAMPAGNE,2,"ph,tds"
02216,CORCY,0.2,UDI DU NADON,2,"ph,tds"
02219,COUCY-LA-VILLE,0.2,SIAEP DE SINCENY,2,"ph,tds"
02220,COULONGES-COHAN,0.1714,UDI DE FERE EN TARDENOIS,2,"ph,tds"
02221,COUPRU,0.2,UDI DE ST GENGOULPH ET DU CLIGNON,2,"ph,tds"
02223,COURBOIN,0.2,UDI DE LA BRIE,2,"ph,tds"
02225,COURCHAMPS,0.2,UDI DE ST GENGOULPH ET DU CLIGNON,2,"ph,tds"
02227,COURMONT,0.1714,UDI DE FERE EN TARDENOIS,2,"ph,tds"
02228,COURTEMONT-VARENNES,0.2,UDI DE CHATEAU THIERRY,2,"ph,tds"
02229,COURTRIZY-ET-FUSSIGNY,0.2,UDI DE SAMOUSSY,2,"ph,tds"
02230,COUVRELLES,0.1771,UDI  DE LA VALLEE DE LA VESLE,2,"ph,tds"
02235,CRAONNELLE,0.2,UDI MELANGE CHEMIN DES DAMES,2,"ph,tds"
02239,CREZANCY,0.2,UDI DE VALLEES EN CHAMPAGNE,2,"ph,tds"
02241,CROIX-SUR-OURCQ (LA),0.2,UDI DE EPAUX BEZU,2,"ph,tds"
02244,CRUPILLY,0.2707,UDI D'ENGLANCOURT,2,"ph,tds"
02248,CUIRIEUX,0.2,SIAEP D'EBOULEAU,2,"ph,tds"
02252,CUISSY-ET-GENY,0.2,UDI MELANGE CHEMIN DES DAMES,2,"ph,tds"
02254,CUTRY,0.2,UDI DE PUISIEUX EN RETZ,2,"ph,tds"
02256,DAGNY-LAMBERCY,0.2,SIAEP DE LA VALLEE DE LA BRUNE,2,"ph,tds"
02257,DALLON,0.2,UDI DE LA VALLEE DE LA SOMME,2,"ph,tds"
02261,DERCY,0.2,SIAEP D'ERLON,2,"ph,tds"
02262,DEUILLET,0.2,SIAEP DE SINCENY,2,"ph,tds"
02265,DOHIS,0.2,SIAEP DE LA VALLEE DE LA BRUNE,2,"ph,tds"
02266,DOLIGNON,0.1064,SIAEP DE ROZOY SUR SERRE,2,"ph,tds"
02267,DOMMIERS,0.2,UDI DU NADON,2,"ph,tds"
02269,DORENGT,0.2707,UDI D'ENGLANCOURT,2,"ph,tds"
02270,DOUCHY,0.2,UDI DE FORESTE,2,"ph,tds"
02271,DRAVEGNY,0.1714,UDI DE FERE EN TARDENOIS,2,"ph,tds"
02273,DURY,0.2,UDI DE LA VALLEE DE LA SOMME,2,"ph,tds"
02275,EFFRY,0.2,UDI DEMI LIEUE ORIGNY EN THIERACHE,2,"ph,tds"
02277,EPAGNY,0.2,UDI DE MORSAIN,2,"ph,tds"
02278,EPARCY,0.2,UDI DEMI LIEUE ORIGNY EN THIERACHE,2,"ph,tds"
02284,ERLOY,0.2707,UDI D'ENGLANCOURT,2,"ph,tds"
02289,ESSISES,0.2,UDI DE LA BRIE,2,"ph,tds"
02292,ETAMPES-SUR-MARNE,0.2,UDI DE CHATEAU THIERRY,2,"ph,tds"
02297,ETREPILLY,0.2,UDI DE EPAUX BEZU,2,"ph,tds"
02308,FESMY-LE-SART,0.2707,UDI D'ENGLANCOURT,2,"ph,tds"
02309,FESTIEUX,0.2,UDI PARFONDRU,2,"ph,tds"
02313,FLAVIGNY-LE-GRAND-ET-BEAURAIN,0.2,SIAEP DE LA VALLEE DE L'OISE,2,"ph,tds"
02315,FLAVY-LE-MARTEL,0.2,SIAEP DU BOIS DE L'ABBE,2,"ph,tds"
02317,FLUQUIERES,0.2,UDI DE FORESTE,2,"ph,tds"
02323,FONTAINE-UTERTE,0.1963,SIAEP DU NORD CANAL DE ST QUEN,2,"ph,tds"
02324,FONTENELLE,0.2707,UDI D'ENGLANCOURT,2,"ph,tds"
02328,FOSSOY,0.1983,UDI DE VALLEES EN CHAMPAGNE,2,"ph,tds"
02331,FRANQUEVILLE,0.2,SIAEP DE SAINS RICHAUMONT,2,"ph,tds"
02333,FRESNES-SOUS-COUCY,0.2,SIAEP DE SINCENY,2,"ph,tds"
02336,FRIERES-FAILLOUEL,0.2,SIAEP DU BOIS DE L'ABBE,2,"ph,tds"
02339,GANDELU,0.2,UDI DE ST GENGOULPH ET DU CLIGNON,2,"ph,tds"
02341,GERCY,0.2,SIAEP DE BRAYE EN THIERACHE,2,"ph,tds"
02343,GERMAINE,0.2,UDI DE FORESTE,2,"ph,tds"
02345,GIBERCOURT,0.2,UDI D'HINACOURT,2,"ph,tds"
02347,GLAND,0.2,UDI DE CHATEAU THIERRY,2,"ph,tds"
02349,GOUDELANCOURT-LES-BERRIEUX,0.2,SIAEP DE SAINT-ERME,2,"ph,tds"
02350,GOUDELANCOURT-LES-PIERREPONT,0.2,SIAEP D'EBOULEAU,2,"ph,tds"
02351,GOUSSANCOURT,0.1714,UDI DE FERE EN TARDENOIS,2,"ph,tds"
02355,GRICOURT,0.2,UDI DE VERMAND,2,"ph,tds"
02369,HARCIGNY,0.2,SIAEP DE BRAYE EN THIERACHE,2,"ph,tds"
02373,HARY,0.2,SIAEP DE BRAYE EN THIERACHE,2,"ph,tds"
02375,HAUTEVESNES,0.2,UDI DE ST GENGOULPH ET DU CLIGNON,2,"ph,tds"
02391,JEANTES,0.2,SIAEP DE LA VALLEE DE LA BRUNE,2,"ph,tds"
02396,JUMIGNY,0.2,UDI MELANGE CHEMIN DES DAMES,2,"ph,tds"
02401,LAIGNY,0.2707,UDI D'ENGLANCOURT,2,"ph,tds"
02414,LAVAQUERESSE,0.2707,UDI D'ENGLANCOURT,2,"ph,tds"
02415,LAVERSINE,0.2,UDI DE PUISIEUX EN RETZ,2,"ph,tds"
02421,LESGES,0.2,,2,"ph,tds"
02426,LEVERGIES,0.2,SIAEP DU NORD CANAL DE ST QUEN,2,"ph,tds"
02427,LHUYS,0.2,SIAEP D'ARCY SAINTE-RESTITUE,2,"ph,tds"
02432,LIME,0.1771,UDI  DE LA VALLEE DE LA VESLE,2,"ph,tds"
02435,LOGNY-LES-AUBENTON,0.2,SIAEP D'AUBENTON,2,"ph,tds"
02438,LONGPONT,0.2,UDI DU NADON,2,"ph,tds"
02443,LUCY-LE-BOCAGE,0.2,UDI DE ST GENGOULPH ET DU CLIGNON,2,"ph,tds"
02444,LUGNY,0.2,SIAEP DE SAINS RICHAUMONT,2,"ph,tds"
02445,LUZOIR,0.2,UDI DEMI LIEUE ORIGNY EN THIERACHE,2,"ph,tds"
02450,MACQUIGNY,0.2,UDI DE NOYALES-MACQUIGNY,2,"ph,tds"
02451,MAGNY-LA-FOSSE,0.2,SIAEP DU NORD CANAL DE ST QUEN,2,"ph,tds"
02456,MANICAMP,0.1,UDI D'ABBECOURT,2,"ph,tds"
02457,MARCHAIS,0.2,UDI DE SAMOUSSY,2,"ph,tds"
02458,DHUYS ET MORIN-EN-BRIE,0.2,UDI DE LA BRIE,2,"ph,tds"
02463,MARFONTAINE,0.2,,2,"ph,tds"
02465,MARIGNY-EN-ORXOIS,0.2,UDI DE ST GENGOULPH ET DU CLIGNON,2,"ph,tds"
02467,MARIZY-SAINT-MARD,0.2,SIAEP DE NEUILLY ST FRONT,2,"ph,tds"
02472,MAUREGNY-EN-HAYE,0.2,UDI DE SAMOUSSY,2,"ph,tds"
02480,MESBRECOURT-RICHECOURT,0.2,UDI DE LA VALLEE DU PERON,2,"ph,tds"
02482,MEURIVAL,0.2,SIAEP DE BEAURIEUX,2,"ph,tds"
02484,MEZY-MOULINS,0.2,UDI DE VALLEES EN CHAMPAGNE,2,"ph,tds"
02485,MISSY-AUX-BOIS,0.2,UDI DU NADON,2,"ph,tds"
02488,MOLAIN,0.2,SIAEP DE WASSIGNY,2,"ph,tds"
02489,MOLINCHART,0.2,SIAEP DE LAON OUEST,2,"ph,tds"
02490,MONAMPTEUIL,0.2,SIAEP DU PONT OGER,2,"ph,tds"
02495,MONDREPUIS,0.2,,2,"ph,tds"
02497,MONS-EN-LAONNOIS,0.2,SIAEP DE LAON OUEST,2,"ph,tds"
02498,MONTAIGU,0.2,UDI DE SAMOUSSY,2,"ph,tds"
02499,MONTBAVIN,0.2,SIAEP DU PONT OGER,2,"ph,tds"
02505,MONTFAUCON,0.2,UDI DE LA BRIE,2,"ph,tds"
02507,MONTGRU-SAINT-HILAIRE,0.2,SIAEP DE NEUILLY ST FRONT,2,"ph,tds"
02509,MONTHIERS,0.2,UDI DE ST GENGOULPH ET DU CLIGNON,2,"ph,tds"
02512,MONTIGNY-L'ALLIER,0.2,UDI DE ST GENGOULPH ET DU CLIGNON,2,"ph,tds"
02513,MONTIGNY-LE-FRANC,0.2,SIAEP D'EBOULEAU,2,"ph,tds"
02514,MONTIGNY-LENGRAIN,0.2,UDI DE LA REGION DE VIC/AISNE,2,"ph,tds"
02521,MONTREUIL-AUX-LIONS,0.2,UDI DE ST GENGOULPH ET DU CLIGNON,2,"ph,tds"
02528,MORTEFONTAINE,0.2,UDI DE PUISIEUX EN RETZ,2,"ph,tds"
02529,MORTIERS,0.2,SIAEP D'ERLON,2,"ph,tds"
02530,MOULINS,0.2,UDI ALIMENTATION ATHIES - CHEMIN DES DAMES,2,"ph,tds"
02531,MOUSSY-VERNEUIL,0.2,UDI ALIMENTATION ATHIES - CHEMIN DES DAMES,2,"ph,tds"
02534,MUSCOURT,0.2,SIAEP DE BEAURIEUX,2,"ph,tds"
02535,NAMPCELLES-LA-COUR,0.2,SIAEP DE BRAYE EN THIERACHE,2,"ph,tds"
02538,NANTEUIL-NOTRE-DAME,0.1714,UDI DE FERE EN TARDENOIS,2,"ph,tds"
02540,NESLES-LA-MONTAGNE,0.2,UDI DE CHATEAU THIERRY,2,"ph,tds"
02542,NEUFLIEUX,0.1,UDI D'ABBECOURT,2,"ph,tds"
02547,NEUVILLE-HOUSSET (LA),0.2,SIAEP DE SAINS RICHAUMONT,2,"ph,tds"
02550,NEUVILLE-SUR-AILETTE,0.2,UDI ALIMENTATION ATHIES - CHEMIN DES DAMES,2,"ph,tds"
02560,NOUVION-LE-COMTE,0.2,SIAEP DE NOUVION ET CATILLON,2,"ph,tds"
02570,OLLEZY,0.2,UDI DE LA VALLEE DE LA SOMME,2,"ph,tds"
02572,ORAINVILLE,0.2,SIAEP DE VILLENEUVE SUR AISNE,2,"ph,tds"
02577,OSTEL,0.2,SIAEP DE LA VALLEE DE L'AISNE,2,"ph,tds"
02580,OULCHY-LE-CHATEAU,0.1714,UDI DE FERE EN TARDENOIS,2,"ph,tds"
02583,PANCY-COURTECON,0.2,SIAEP DU PONT OGER,2,"ph,tds"
02584,PAPLEUX,0.2707,UDI D'ENGLANCOURT,2,"ph,tds"
02586,PARFONDEVAL,0.1064,SIAEP DE ROZOY SUR SERRE,2,"ph,tds"
02592,PARPEVILLE,0.2,UDI DE RIBEMONT,2,"ph,tds"
02594,PASSY-EN-VALOIS,0.2,UDI DE ST GENGOULPH ET DU CLIGNON,2,"ph,tds"
02599,PIERREMANDE,0.2,SIAEP DE SINCENY,2,"ph,tds"
02606,PLESSIER-HULEU (LE),0.2,UDI DE PARCY TIGNY,2,"ph,tds"
02608,PLOMION,0.1992,,2,"ph,tds"
02609,PLOYART-ET-VAURSEINE,0.2,UDI MELANGE CHEMIN DES DAMES,2,"ph,tds"
02614,PONTRU,0.2,UDI DE VERMAND,2,"ph,tds"
02615,PONTRUET,0.2,UDI DE VERMAND,2,"ph,tds"
02623,PRISCES,0.2,SIAEP DE BRAYE EN THIERACHE,2,"ph,tds"
02631,QUIERZY,0.1,UDI D'ABBECOURT,2,"ph,tds"
02633,QUINCY-SOUS-LE-MONT,0.2,SIAEP D'ARCY SAINTE-RESTITUE,2,"ph,tds"
02635,RAMICOURT,0.2,SIAEP DU NORD CANAL DE ST QUEN,2,"ph,tds"
02638,REMIES,0.2,UDI DE POUILLY-SUR-SERRE,2,"ph,tds"
02642,RESIGNY,0.1064,SIAEP DE ROZOY SUR SERRE,2,"ph,tds"
02645,REUILLY-SAUVIGNY,0.2,UDI DE VALLEES EN CHAMPAGNE,2,"ph,tds"
02647,RIBEAUVILLE,0.2,SIAEP DE WASSIGNY,2,"ph,tds"
02650,ROCQUIGNY,0.2707,UDI D'ENGLANCOURT,2,"ph,tds"
02652,ROGNY,0.2,SIAEP DE SAINS RICHAUMONT,2,"ph,tds"
02654,ROMERY,0.2,SIAEP DE LA VALLEE DE L'OISE,2,"ph,tds"
02655,RONCHERES,0.1714,UDI DE FERE EN TARDENOIS,2,"ph,tds"
02656,ROUCY,0.2,SIAEP DE BEAURIEUX,2,"ph,tds"
02657,ROUGERIES,0.2,SIAEP DE SAINS RICHAUMONT,2,"ph,tds"
02659,ROUVROY,0.2,UDI SAINT QUENTIN HAUT SERVICE,2,"ph,tds"
02660,ROUVROY-SUR-SERRE,0.1064,SIAEP DE ROZOY SUR SERRE,2,"ph,tds"
02661,ROYAUCOURT-ET-CHAILVET,0.2,SIAEP DU PONT OGER,2,"ph,tds"
02662,ROZET-SAINT-ALBIN,0.2,SIAEP DE NEUILLY ST FRONT,2,"ph,tds"
02663,ROZIERES-SUR-CRISE,0.2,UDI DE SEPTMONTS,2,"ph,tds"
02664,ROZOY-BELLEVALLE,0.2,UDI DE LA BRIE,2,"ph,tds"
02667,SACONIN-ET-BREUIL,0.2,UDI DU NADON,2,"ph,tds"
02668,SAINS-RICHAUMONT,0.2,SIAEP DE SAINS RICHAUMONT,2,"ph,tds"
02671,SAINT-AUBIN,0.2,SIAEP DE BLERANCOURT,2,"ph,tds"
02675,SAINTE-CROIX,0.2,UDI MELANGE CHEMIN DES DAMES,2,"ph,tds"
02677,SAINT-EUGENE,0.2,UDI DE VALLEES EN CHAMPAGNE,2,"ph,tds"
02682,SAINT-MARD,0.2,SIAEP DE LA VALLEE DE L'AISNE,2,"ph,tds"
02685,SAINT-NICOLAS-AUX-BOIS,0.2,SIAEP DE CREPY,2,"ph,tds"
02687,SAINT-PIERRE-AIGLE,0.2,UDI DU NADON,2,"ph,tds"
02688,SAINT-PIERRE-LES-FRANQUEVILLE,0.2,SIAEP DE SAINS RICHAUMONT,2,"ph,tds"
02701,SAULCHERY,0.2,UDI DE ESSOMES,2,"ph,tds"
02704,SELENS,0.2,SIAEP DE GUNY,2,"ph,tds"
02710,SERAUCOURT-LE-GRAND,0.2,UDI DE LA VALLEE DE LA SOMME,2,"ph,tds"
02712,SERGY,0.1714,UDI DE FERE EN TARDENOIS,2,"ph,tds"
02714,SERMOISE,0.1771,UDI  DE LA VALLEE DE LA VESLE,2,"ph,tds"
02715,SERVAL,0.2,UDI BLANZY LES FISMES,2,"ph,tds"
02721,SISSY,0.2,UDI DE SERY LES MEZIERES,2,"ph,tds"
02724,SOMMELANS,0.2,SIAEP DE NEUILLY ST FRONT,2,"ph,tds"
02725,SOMMERON,0.2707,UDI D'ENGLANCOURT,2,"ph,tds"
02728,SORBAIS,0.2707,UDI D'ENGLANCOURT,2,"ph,tds"
02730,SOUPIR,0.2,SIAEP DE LA VALLEE DE L'AISNE,2,"ph,tds"
02742,THIERNU,0.2,SIAEP DE SAINS RICHAUMONT,2,"ph,tds"
02745,TOULIS-ET-ATTENCOURT,0.2,SIAEP D'AUTREMENCOURT,2,"ph,tds"
02748,TRELOU-SUR-MARNE,0.2,UDI DE VALLEES EN CHAMPAGNE,2,"ph,tds"
02751,TRUCY,0.2,SIAEP DU PONT OGER,2,"ph,tds"
02752,TUGNY-ET-PONT,0.2,UDI DE LA VALLEE DE LA SOMME,2,"ph,tds"
02754,UGNY-LE-GAY,0.2,SIAEP DU BOIS DE L'ABBE,2,"ph,tds"
02759,VALLEE-AU-BLE (LA),0.2,SIAEP DU SOURD,2,"ph,tds"
02762,VASSENS,0.2,UDI DE MORSAIN,2,"ph,tds"
02765,VAUCELLES-ET-BEFFECOURT,0.2,SIAEP DE LAON OUEST,2,"ph,tds"
02770,VAUXBUIN,0.2,UDI DE SOISSONS SUD,2,"ph,tds"
02774,VENDELLES,0.2,UDI DE VERMAND,2,"ph,tds"
02777,VENDIERES,0.2,UDI DE LA BRIE,2,"ph,tds"
02778,VENDRESSE-BEAULNE,0.2,UDI ALIMENTATION ATHIES - CHEMIN DES DAMES,2,"ph,tds"
02779,VENEROLLES,0.2,SIAEP DE WASSIGNY,2,"ph,tds"
02780,VENIZEL,0.2,UDI DE SOISSONS - VILLENEUVE,2,"ph,tds"
02786,VERNEUIL-SOUS-COUCY,0.2,SIAEP DE SINCENY,2,"ph,tds"
02792,VEUILLY-LA-POTERIE,0.2,UDI DE ST GENGOULPH ET DU CLIGNON,2,"ph,tds"
02793,VEZAPONIN,0.2,UDI DE MORSAIN,2,"ph,tds"
02794,VEZILLY,0.1714,UDI DE FERE EN TARDENOIS,2,"ph,tds"
02797,VIEL-ARCY,0.2,SIAEP DE BEAURIEUX,2,"ph,tds"
02798,VIELS-MAISONS,0.2,UDI DE LA BRIE,2,"ph,tds"
02799,VIERZY,0.2,UDI DU NADON,2,"ph,tds"
02800,VIFFORT,0.2,UDI DE LA BRIE,2,"ph,tds"
02801,VIGNEUX-HOCQUET,0.2,SIAEP DE BRAYE EN THIERACHE,2,"ph,tds"
02802,VILLE-AUX-BOIS-LES-DIZY (LA),0.2,SIAEP D'EBOULEAU,2,"ph,tds"
02806,VILLENEUVE-SUR-FERE,0.1714,UDI DE FERE EN TARDENOIS,2,"ph,tds"
02809,VILLERS-AGRON-AIGUIZY,0.1714,UDI DE FERE EN TARDENOIS,2,"ph,tds"
02816,VILLERS-SUR-FERE,0.1714,UDI DE FERE EN TARDENOIS,2,"ph,tds"
02817,VILLE-SAVOYE,0.2,UDI - CHERY CHARTREUVE MONT ST MARTN,2,"ph,tds"
02822,VIVIERES,0.2,UDI DE PUISIEUX EN RETZ,2,"ph,tds"
02823,VOHARIES,0.2,SIAEP DE SAINS RICHAUMONT,2,"ph,tds"
02829,VUILLERY,0.2,SIAEP DE BRAYE,2,"ph,tds"
02831,WATIGNY,0.2,SIAEP D'AUBENTON,2,"ph,tds"
03002,AGONGES,0.4692,RESEAU BAGNEUX,2,"ph,tds"
03004,ANDELAROCHE,0.8603,RESEAU LOIRE,2,"ph,tds"
03008,ARRONNES,0.7761,RESEAU VALLEE DU SICHON,2,"ph,tds"
03010,AUDES,0.5676,RESEAU PRAT - RIVE GAUCHE CHER,2,"ph,tds"
03011,AUROUER,0.451,RESEAU LES SANCIOTS,2,"ph,tds"
03012,AUTRY-ISSARDS,0.4692,RESEAU BAGNEUX,2,"ph,tds"
03022,BELLENAVES,0.8779,RESEAU SIOULE ET BOUBLE,2,"ph,tds"
03024,BERT,0.3891,RESEAU BESBRE,2,"ph,tds"
03025,BESSAY-SUR-ALLIER,0.2761,,2,"ph,tds"
03026,BESSON,0.2243,RESEAU RIVE GAUCHE ALLIER,2,"ph,tds"
03028,BILLEZOIS,0.3891,RESEAU BESBRE,2,"ph,tds"
03030,BIOZAT,0.8779,RESEAU SIOULE ET BOUBLE,2,"ph,tds"
03032,BLOMARD,0.3954,RESEAU S.M.E.A. - REG. MINIERE,2,"ph,tds"
03033,BOST,0.3891,RESEAU BESBRE,2,"ph,tds"
03034,BOUCE,0.2,RESEAU SAINT-FELIX,2,"ph,tds"
03035,BOUCHAUD (LE),0.8603,RESEAU LOIRE,2,"ph,tds"
03036,BOURBON-L'ARCHAMBAULT,0.4692,RESEAU BAGNEUX,2,"ph,tds"
03038,BRANSAT,0.2243,RESEAU RIVE GAUCHE ALLIER,2,"ph,tds"
03039,BRESNAY,0.2243,RESEAU RIVE GAUCHE ALLIER,2,"ph,tds"
03042,BREUIL (LE),0.737,RESEAU ARFEUILLES,2,"ph,tds"
03043,BROUT-VERNET,0.8779,RESEAU SIOULE ET BOUBLE,2,"ph,tds"
03049,CESSET,0.2243,RESEAU RIVE GAUCHE ALLIER,2,"ph,tds"
03051,CHAMBERAT,0.5703,RESEAU PRAT - RIVE GAUCHE CHER,2,"ph,tds"
03052,CHAMBLET,0.4923,RESEAU PRAT - REGION MINIERE,2,"ph,tds"
03053,CHANTELLE,0.8779,RESEAU SIOULE ET BOUBLE,2,"ph,tds"
03054,CHAPEAU,0.3056,RESEAU BESBRE (AL. BESBRE),2,"ph,tds"
03055,CHAPELAUDE (LA),0.5703,RESEAU PRAT - RIVE GAUCHE CHER,2,"ph,tds"
03058,CHAPPES,0.3954,RESEAU S.M.E.A. - REG. MINIERE,2,"ph,tds"
03059,CHAREIL-CINTRAT,0.8779,RESEAU SIOULE ET BOUBLE,2,"ph,tds"
03061,CHARMES,0.8779,RESEAU SIOULE ET BOUBLE,2,"ph,tds"
03062,CHARROUX,0.8779,RESEAU SIOULE ET BOUBLE,2,"ph,tds"
03065,CHATEL-DE-NEUVRE,0.2243,RESEAU RIVE GAUCHE ALLIER,2,"ph,tds"
03067,CHATELPERRON,0.3891,RESEAU BESBRE,2,"ph,tds"
03068,CHATELUS,0.8603,RESEAU LOIRE,2,"ph,tds"
03069,CHATILLON,0.2243,RESEAU RIVE GAUCHE ALLIER,2,"ph,tds"
03070,CHAVENON,0.3954,RESEAU S.M.E.A. - REG. MINIERE,2,"ph,tds"
03071,CHAVROCHES,0.2,RESEAU SAINT-FELIX,2,"ph,tds"
03072,CHAZEMAIS,0.5703,RESEAU PRAT - RIVE GAUCHE CHER,2,"ph,tds"
03075,CHEZELLE,0.8779,RESEAU SIOULE ET BOUBLE,2,"ph,tds"
03079,CINDRE,0.2,RESEAU SAINT-FELIX,2,"ph,tds"
03080,COGNAT-LYONNE,0.8779,RESEAU SIOULE ET BOUBLE,2,"ph,tds"
03083,CONTIGNY,0.2243,RESEAU RIVE GAUCHE ALLIER,2,"ph,tds"
03085,COULANDON,0.2243,RESEAU RIVE GAUCHE ALLIER,2,"ph,tds"
03089,COUTANSOUZE,0.8779,RESEAU SIOULE ET BOUBLE,2,"ph,tds"
03090,COUZON,0.4692,RESEAU BAGNEUX,2,"ph,tds"
03091,CRECHY,0.2,RESEAU SAINT-FELIX,2,"ph,tds"
03092,CRESSANGES,0.2243,RESEAU RIVE GAUCHE ALLIER,2,"ph,tds"
03093,CREUZIER-LE-NEUF,0.2,RESEAU SAINT-FELIX,2,"ph,tds"
03096,DENEUILLE-LES-CHANTELLE,0.8779,RESEAU SIOULE ET BOUBLE,2,"ph,tds"
03097,DENEUILLE-LES-MINES,0.4595,RESEAU LA MITTE,2,"ph,tds"
03103,DONJON (LE),0.8603,RESEAU LOIRE,2,"ph,tds"
03104,DOYET,0.4595,RESEAU LA MITTE,2,"ph,tds"
03107,EBREUIL,0.8779,RESEAU SIOULE ET BOUBLE,2,"ph,tds"
03108,ECHASSIERES,0.8779,RESEAU SIOULE ET BOUBLE,2,"ph,tds"
03109,ESCUROLLES,0.8779,RESEAU SIOULE ET BOUBLE,2,"ph,tds"
03112,ETROUSSAT,0.8779,RESEAU SIOULE ET BOUBLE,2,"ph,tds"
03115,FLEURIEL,0.8779,RESEAU SIOULE ET BOUBLE,2,"ph,tds"
03116,FOURILLES,0.8779,RESEAU SIOULE ET BOUBLE,2,"ph,tds"
03117,FRANCHESSE,0.3671,RESEAU LE VEURDRE,2,"ph,tds"
03121,GENNETINES,0.5697,RESEAU LES DRIVES,2,"ph,tds"
03122,GIPCY,0.4692,RESEAU BAGNEUX,2,"ph,tds"
03126,HAUTERIVE,0.8259,RESEAU CLAUDE DECLOITRE,2,"ph,tds"
03127,HERISSON,0.4994,RESEAU NORD RIVE DROITE CHER,2,"ph,tds"
03129,HYDS,0.4923,RESEAU PRAT - REGION MINIERE,2,"ph,tds"
03132,JALIGNY-SUR-BESBRE,0.2,RESEAU SAINT-FELIX,2,"ph,tds"
03134,LAFELINE,0.2243,RESEAU RIVE GAUCHE ALLIER,2,"ph,tds"
03135,LALIZOLLE,0.8779,RESEAU SIOULE ET BOUBLE,2,"ph,tds"
03137,LANGY,0.2,RESEAU SAINT-FELIX,2,"ph,tds"
03138,LAPALISSE,0.8201,,2,"ph,tds"
03140,LAVAULT-SAINTE-ANNE,0.4923,RESEAU PRAT - REGION MINIERE,2,"ph,tds"
03142,LENAX,0.8603,RESEAU LOIRE,2,"ph,tds"
03143,LETELON,0.4994,RESEAU NORD RIVE DROITE CHER,2,"ph,tds"
03145,LIGNEROLLES,0.5703,RESEAU PRAT - RIVE GAUCHE CHER,2,"ph,tds"
03146,LIMOISE,0.3671,RESEAU LE VEURDRE,2,"ph,tds"
03148,LORIGES,0.2442,RESEAU CHAZEUIL,2,"ph,tds"
03151,LOUROUX-DE-BEAUNE,0.4923,RESEAU PRAT - REGION MINIERE,2,"ph,tds"
03154,LUNEAU,0.8603,RESEAU LOIRE,2,"ph,tds"
03157,MAGNET,0.2,RESEAU SAINT-FELIX,2,"ph,tds"
03160,MARCENAT,0.2,RESEAU LES MOTTES,2,"ph,tds"
03162,MARIGNY,0.2243,RESEAU RIVE GAUCHE ALLIER,2,"ph,tds"
03164,MAYET-D'ECOLE (LE),0.8779,RESEAU SIOULE ET BOUBLE,2,"ph,tds"
03168,MEAULNE-VITRAY ,0.4994,RESEAU NORD RIVE DROITE CHER,2,"ph,tds"
03170,MEILLERS,0.4692,RESEAU BAGNEUX,2,"ph,tds"
03172,MESPLES,0.5703,RESEAU PRAT - RIVE GAUCHE CHER,2,"ph,tds"
03177,MONETAY-SUR-LOIRE,0.3762,RESEAU LES MONINS,2,"ph,tds"
03178,MONTAIGUET-EN-FOREZ,0.8603,RESEAU LOIRE,2,"ph,tds"
03182,MONTEIGNET-SUR-L'ANDELOT,0.8779,RESEAU SIOULE ET BOUBLE,2,"ph,tds"
03183,MONTET (LE),0.2243,RESEAU RIVE GAUCHE ALLIER,2,"ph,tds"
03184,MONTILLY,0.4692,RESEAU BAGNEUX,2,"ph,tds"
03187,MONTOLDRE,0.2,RESEAU SAINT-FELIX,2,"ph,tds"
03192,NADES,0.8779,RESEAU SIOULE ET BOUBLE,2,"ph,tds"
03193,NASSIGNY,0.4595,RESEAU LA MITTE,2,"ph,tds"
03194,NAVES,0.8779,RESEAU SIOULE ET BOUBLE,2,"ph,tds"
03196,NEUILLY-EN-DONJON,0.8603,RESEAU LOIRE,2,"ph,tds"
03201,NIZEROLLES,0.7761,RESEAU VALLEE DU SICHON,2,"ph,tds"
03202,NOYANT-D'ALLIER,0.2243,RESEAU RIVE GAUCHE ALLIER,2,"ph,tds"
03205,PERIGNY,0.2,RESEAU SAINT-FELIX,2,"ph,tds"
03208,PIN (LE),0.3762,RESEAU LES MONINS,2,"ph,tds"
03209,POEZAT,0.8779,RESEAU SIOULE ET BOUBLE,2,"ph,tds"
03211,PREMILHAT,0.5703,RESEAU PRAT - RIVE GAUCHE CHER,2,"ph,tds"
03213,REUGNY,0.4595,RESEAU LA MITTE,2,"ph,tds"
03214,ROCLES,0.2243,RESEAU RIVE GAUCHE ALLIER,2,"ph,tds"
03215,RONGERES,0.2,RESEAU SAINT-FELIX,2,"ph,tds"
03216,RONNET,0.4811,RES. ARPHEUILLES-RONNET-TERJAT,2,"ph,tds"
03217,SAINT-ANGEL,0.4923,RESEAU PRAT - REGION MINIERE,2,"ph,tds"
03219,SAINT-BONNET-DE-FOUR,0.3954,RESEAU S.M.E.A. - REG. MINIERE,2,"ph,tds"
03220,SAINT-BONNET-DE-ROCHEFORT,0.8779,RESEAU SIOULE ET BOUBLE,2,"ph,tds"
03223,SAINT-CHRISTOPHE-EN-BOURBONNAIS,0.737,RESEAU ARFEUILLES,2,"ph,tds"
03226,SAINT-DIDIER-EN-DONJON,0.8603,RESEAU LOIRE,2,"ph,tds"
03228,SAINT-ELOY-D'ALLIER,0.5703,RESEAU PRAT - RIVE GAUCHE CHER,2,"ph,tds"
03230,SAINT-ETIENNE-DE-VICQ,0.3891,RESEAU BESBRE,2,"ph,tds"
03233,SAINT-GENEST,0.4811,RES. ARPHEUILLES-RONNET-TERJAT,2,"ph,tds"
03237,SAINT-GERMAIN-DE-SALLES,0.8779,RESEAU SIOULE ET BOUBLE,2,"ph,tds"
03238,SAINT-HILAIRE,0.4692,RESEAU BAGNEUX,2,"ph,tds"
03239,SAINT-LEGER-SUR-VOUZANCE,0.3762,RESEAU LES MONINS,2,"ph,tds"
03242,SAINT-LOUP,0.2442,RESEAU CHAZEUIL,2,"ph,tds"
03243,SAINT-MARCEL-EN-MURAT,0.3954,RESEAU S.M.E.A. - REG. MINIERE,2,"ph,tds"
03245,SAINT-MARTIN-DES-LAIS,0.2,RESEAU SOLOGNE NORD (AL.LOIRE),2,"ph,tds"
03246,SAINT-MARTINIEN,0.5703,RESEAU PRAT - RIVE GAUCHE CHER,2,"ph,tds"
03249,SAINT-PALAIS,0.5703,RESEAU PRAT - RIVE GAUCHE CHER,2,"ph,tds"
03251,SAINT-PLAISIR,0.3671,RESEAU LE VEURDRE,2,"ph,tds"
03252,SAINT-PONT,0.8779,RESEAU SIOULE ET BOUBLE,2,"ph,tds"
03256,SAINT-PRIEST-EN-MURAT,0.3954,RESEAU S.M.E.A. - REG. MINIERE,2,"ph,tds"
03259,SAINT-SAUVIER,0.5703,RESEAU PRAT - RIVE GAUCHE CHER,2,"ph,tds"
03260,SAINT-SORNIN,0.2243,RESEAU RIVE GAUCHE ALLIER,2,"ph,tds"
03263,SAINT-VOIR,0.3891,RESEAU BESBRE,2,"ph,tds"
03265,SALIGNY-SUR-ROUDON,0.3762,RESEAU LES MONINS,2,"ph,tds"
03266,SANSSAT,0.2,RESEAU SAINT-FELIX,2,"ph,tds"
03267,SAULCET,0.2243,RESEAU RIVE GAUCHE ALLIER,2,"ph,tds"
03268,SAULZET,0.8779,RESEAU SIOULE ET BOUBLE,2,"ph,tds"
03269,SAUVAGNY,0.4709,RESEAU N.ALLIER - REG. MINIERE,2,"ph,tds"
03271,SERBANNES,0.8779,RESEAU SIOULE ET BOUBLE,2,"ph,tds"
03272,SERVILLY,0.2,RESEAU SAINT-FELIX,2,"ph,tds"
03274,SORBIER,0.3891,RESEAU BESBRE,2,"ph,tds"
03276,SUSSAT,0.8779,RESEAU SIOULE ET BOUBLE,2,"ph,tds"
03277,TARGET,0.8779,RESEAU SIOULE ET BOUBLE,2,"ph,tds"
03278,TAXAT-SENAT,0.8779,RESEAU SIOULE ET BOUBLE,2,"ph,tds"
03279,TEILLET-ARGENTY,0.5703,RESEAU PRAT - RIVE GAUCHE CHER,2,"ph,tds"
03280,TERJAT,0.4811,RES. ARPHEUILLES-RONNET-TERJAT,2,"ph,tds"
03281,THEIL (LE),0.2243,RESEAU RIVE GAUCHE ALLIER,2,"ph,tds"
03287,TREBAN,0.2243,RESEAU RIVE GAUCHE ALLIER,2,"ph,tds"
03289,TRETEAU,0.2,RESEAU SAINT-FELIX,2,"ph,tds"
03293,URCAY,0.4994,RESEAU NORD RIVE DROITE CHER,2,"ph,tds"
03294,USSEL-D'ALLIER,0.8779,RESEAU SIOULE ET BOUBLE,2,"ph,tds"
03297,VALLON-EN-SULLY,0.6606,,2,"ph,tds"
03300,VAUMAS,0.3056,RESEAU BESBRE (AL. BESBRE),2,"ph,tds"
03302,VEAUCE,0.8779,RESEAU SIOULE ET BOUBLE,2,"ph,tds"
03303,VENAS,0.4595,RESEAU LA MITTE,2,"ph,tds"
03306,VERNET (LE),0.7939,RESEAU VICHY,2,"ph,tds"
03308,VERNUSSE,0.3954,RESEAU S.M.E.A. - REG. MINIERE,2,"ph,tds"
03311,VICQ,0.8779,RESEAU SIOULE ET BOUBLE,2,"ph,tds"
03312,VIEURE,0.4692,RESEAU BAGNEUX,2,"ph,tds"
03313,VILHAIN (LE),0.4994,RESEAU NORD RIVE DROITE CHER,2,"ph,tds"
03314,VILLEBRET,0.4923,RESEAU PRAT - REGION MINIERE,2,"ph,tds"
03315,VILLEFRANCHE-D'ALLIER,0.4595,RESEAU LA MITTE,2,"ph,tds"
03317,VIPLAIX,0.5703,RESEAU PRAT - RIVE GAUCHE CHER,2,"ph,tds"
03319,VOUSSAC,0.8779,RESEAU SIOULE ET BOUBLE,2,"ph,tds"
03320,YGRANDE,0.4692,RESEAU BAGNEUX,2,"ph,tds"
04137,NIBLES,0.2,RESEAU SYND NIBLES-CHATEAUFORT,2,"ph,tds"
05097,ORPIERRE,0.1996,,2,"ph,tds"
05159,SALEON,0.2,EYGUIANS-LAGRAND-SALEON,2,"ph,tds"
06035,CASTELLAR,0.2,LITTORAL CARF - ROYA,2,"ph,tds"
06050,COURSEGOULES,0.2,SIEVI RÉSEAU USINE DE BOUYON,2,"ph,tds"
06061,FERRES (LES),0.2,SIEVI RÉSEAU USINE DE BOUYON,2,"ph,tds"
06097,PIERREFEU,0.2,SIEVI RÉSEAU USINE DE BOUYON,2,"ph,tds"
06138,THEOULE-SUR-MER,0.2,SICASIL,2,"ph,tds"
06147,TOURRETTE-LEVENS,0.2,RESEAU J. RAYBAUD,2,"ph,tds"
07014,ARLEBOSC,0.2,SI CANCE DOUX OZON,2,"ph,tds"
07015,ARRAS-SUR-RHONE,0.2,SI CANCE DOUX OZON,2,"ph,tds"
07036,BOGY,0.2,SYND ANN. SERR. UDI TERRES CARREES,2,"ph,tds"
07039,BOZAS,0.2,SI CANCE DOUX OZON,2,"ph,tds"
07051,CHAMPAGNE,0.2,SYND ANN. SERR. UDI TERRES CARREES,2,"ph,tds"
07061,CHAUZON,0.7585,PONT DE VEYRIERES SUD,2,"ph,tds"
07067,COLOMBIER-LE-CARDINAL,0.2,SYND ANN. SERR. UDI TERRES CARREES,2,"ph,tds"
07069,COLOMBIER-LE-VIEUX,0.2,SI CANCE DOUX OZON,2,"ph,tds"
07084,ECLASSAN,0.2,SI CANCE DOUX OZON,2,"ph,tds"
07086,ETABLES,0.2,SI CANCE DOUX OZON,2,"ph,tds"
07089,FELINES,0.2,SYND ANN. SERR. UDI TERRES CARREES,2,"ph,tds"
07092,FREYSSENET,0.4316,SI ODS LES VERNES,2,"ph,tds"
07115,LABEAUME,0.7585,PONT DE VEYRIERES SUD,2,"ph,tds"
07122,LACHAPELLE-SOUS-AUBENAS,0.7332,PONT DE VEYRIERES CENTRE,2,"ph,tds"
07134,LAURAC-EN-VIVARAIS,0.9313,SUD TANARGUE (LE PUECH),2,"ph,tds"
07140,LEMPS,0.2,SI CANCE DOUX OZON,2,"ph,tds"
07157,MEYSSE,0.2,,2,"ph,tds"
07168,ORGNAC-L'AVEN,0.2,SMEGA RESEAU GENERAL,2,"ph,tds"
07177,PLATS,0.2,SCPV GRANDE TRAVERSE,2,"ph,tds"
07178,PONT-DE-LABEAUME,0.9015,STE MARGUERITE / PDV,2,"ph,tds"
07185,PREAUX,0.2,SI CANCE DOUX OZON,2,"ph,tds"
07187,PRUNET,0.8408,,2,"ph,tds"
07197,ROIFFIEUX,0.2,SI CANCE DOUX OZON,2,"ph,tds"
07205,SAINT-ALBAN-D'AY,0.2,SI CANCE DOUX OZON,2,"ph,tds"
07219,SAINT-BAUZILE,0.2,MOYEN SERVICE,2,"ph,tds"
07225,SAINT-CLAIR,0.2,SYND ANN. SERR. UDI TERRES CARREES,2,"ph,tds"
07228,SAINT-DESIRAT,0.2,SYND ANN. SERR. UDI TERRES CARREES,2,"ph,tds"
07234,SAINT-ETIENNE-DE-VALOUX,0.2,SYND ANN. SERR. UDI TERRES CARREES,2,"ph,tds"
07238,SAINT-GENEST-DE-BEAUZON,0.907,SISPEC RESEAU CHANTEQUINSON,2,"ph,tds"
07241,SAINT-GERMAIN,0.7477,SI ODS LAVILLEDIEU ST GERMAIN BS,2,"ph,tds"
07257,SAINT-JULIEN-LE-ROUX,0.7006,SCPV VERNOUX,2,"ph,tds"
07263,SAINT-LAURENT-SOUS-COIRON,0.7078,,2,"ph,tds"
07289,SAINT-PRIVAT,0.7794,PONT DE VEYRIERES NORD,2,"ph,tds"
07301,SAINT-VICTOR,0.2,SI CANCE DOUX OZON,2,"ph,tds"
07308,SARRAS,0.2,SI CANCE DOUX OZON,2,"ph,tds"
07309,SATILLIEU,0.2,SI CANCE DOUX OZON,2,"ph,tds"
07312,SECHERAS,0.2,SI CANCE DOUX OZON,2,"ph,tds"
07314,SILHAC,0.7006,SCPV VERNOUX,2,"ph,tds"
07317,TALENCIEUX,0.2,SYND ANN. SERR. UDI LIMONY,2,"ph,tds"
07325,UCEL,0.7794,PONT DE VEYRIERES NORD,2,"ph,tds"
07328,VAGNAS,0.2,SMEGA RESEAU GENERAL,2,"ph,tds"
07335,VAUDEVANT,0.2,SI CANCE DOUX OZON,2,"ph,tds"
07344,VINZIEUX,0.2,SYND ANN. SERR. UDI TERRES CARREES,2,"ph,tds"
08004,AIRE,0.2,"S09 AIRE, BALHAM, BLANZY",2,"ph,tds"
08005,ALINCOURT,0.2,JUNIVILLE ET ENVIRONS,2,"ph,tds"
08006,ALLAND'HUY-ET-SAUSSEUIL,0.2,S29 EST RETHELOIS,2,"ph,tds"
08014,ANNELLES,0.2,JUNIVILLE ET ENVIRONS,2,"ph,tds"
08027,AUBONCOURT-VAUZELLES,0.2,S29 EST RETHELOIS,2,"ph,tds"
08032,AUSSONCE,0.2,NEUFLIZE ET ENVIRONS,2,"ph,tds"
08035,AUTRUCHE,0.2,S16 BUZANCY,2,"ph,tds"
08037,AUVILLERS-LES-FORGES,0.2,S56 SOURCE D'AOUSTE NORD,2,"ph,tds"
08041,BAALONS,0.2,"S15 BAALONS, BOUVELLEMONT, JON",2,"ph,tds"
08073,BOSSUS-LES-RUMIGNY,0.2,A1 REGION D'AUBENTON,2,"ph,tds"
08075,BOULT-AUX-BOIS,0.1799,S78 SIAEP DES GRANDS AULNOIS,2,"ph,tds"
08080,BOUVELLEMONT,0.2,"S15 BAALONS, BOUVELLEMONT, JON",2,"ph,tds"
08085,BRIEULLES-SUR-BAR,0.2,S78 SIAEP DES GRANDS AULNOIS,2,"ph,tds"
08086,BRIQUENAY,0.2,S16 BUZANCY,2,"ph,tds"
08087,BROGNON,0.2,,2,"ph,tds"
08100,CHAMPLIN,0.2,S56 SOURCE D'AOUSTE NORD,2,"ph,tds"
08103,CHARBOGNE,0.2,S28 LA LISIERE,2,"ph,tds"
08104,CHARDENY,0.1852,S22 SUD-OUEST DE VOUZIERS,2,"ph,tds"
08111,CHATELET-SUR-RETOURNE (LE),0.2,NEUFLIZE ET ENVIRONS,2,"ph,tds"
08121,CHILLY,0.2,S56 SOURCE D'AOUSTE NORD,2,"ph,tds"
08133,COUCY,0.2,AMAGNE ET COMMUNES EST RETHELOIS,2,"ph,tds"
08134,COULOMMES-ET-MARQUENY,0.2,S22 SUD-OUEST DE VOUZIERS,2,"ph,tds"
08144,DOUX,0.2,AMAGNE ET COMMUNES EST RETHELOIS,2,"ph,tds"
08148,ECAILLE (L'),0.2,NEUFLIZE ET ENVIRONS,2,"ph,tds"
08150,ECLY,0.2,S52 VAL DE VAUX,2,"ph,tds"
08151,ECORDAL,0.2,"S46 ECORCAL, GUINCOURT",2,"ph,tds"
08154,ESTREBAY,0.2,S56 SOURCE D'AOUSTE NORD,2,"ph,tds"
08155,ETALLE,0.2,S56 SOURCE D'AOUSTE NORD,2,"ph,tds"
08156,ETEIGNIERES,0.2,S56 SOURCE D'AOUSTE NORD,2,"ph,tds"
08158,ETREPIGNY,0.2,BALAIVES ET ÉTREPIGNY,2,"ph,tds"
08163,FAISSAULT,0.2,S29 EST RETHELOIS,2,"ph,tds"
08169,FLAIGNES-HAVYS,0.1881,S56 SOURCE D'AOUSTE NORD,2,"ph,tds"
08172,FLIGNY,0.8664,,2,"ph,tds"
08182,FRETY (LE),0.1717,S60 ROCQUIGNY ET ENVIRONS,2,"ph,tds"
08186,GERMONT,0.2,S78 SIAEP DES GRANDS AULNOIS,2,"ph,tds"
08189,GIRONDELLE,0.2,S56 SOURCE D'AOUSTE NORD,2,"ph,tds"
08212,HARCY,0.2,S37 LA RIMOGNEUSE,2,"ph,tds"
08215,HARRICOURT,0.2,S16 BUZANCY,2,"ph,tds"
08228,HORGNE (LA),0.2,,2,"ph,tds"
08229,HOUDILCOURT,0.2,,2,"ph,tds"
08234,INAUMONT,0.2,S52 VAL DE VAUX,2,"ph,tds"
08238,JONVAL,0.2,,2,"ph,tds"
08243,LALOBBE,0.2,S54 BOIS DE CHATEAU,2,"ph,tds"
08244,LAMETZ,0.2,S63 REGION LOUVERGNY,2,"ph,tds"
08262,LUCQUY,0.2,S29 EST RETHELOIS,2,"ph,tds"
08268,MAISONCELLE-ET-VILLERS,0.2,S30 SYNDICAT DE LA MACHERE,2,"ph,tds"
08272,MARANWEZ,0.2,S01 SOURCE D'AOUSTE,2,"ph,tds"
08277,MARLEMONT,0.2,S01 SOURCE D'AOUSTE,2,"ph,tds"
08282,MAUBERT-FONTAINE,0.2,S56 SOURCE D'AOUSTE NORD,2,"ph,tds"
08284,MAZURES (LES),0.2,S69 REGION LAC VIEILLES FORGES,2,"ph,tds"
08287,MENIL-LEPINOIS,0.2,NEUFLIZE ET ENVIRONS,2,"ph,tds"
08301,MONTGON,0.2,S63 REGION LOUVERGNY,2,"ph,tds"
08319,NEUVILLE-LEZ-BEAULIEU,0.2,S56 SOURCE D'AOUSTE NORD,2,"ph,tds"
08336,OSNES,0.2,S18 CHENE MAUGRE,2,"ph,tds"
08344,PREZ,0.2,S56 SOURCE D'AOUSTE NORD,2,"ph,tds"
08351,QUILLY,0.1846,S22 SUD-OUEST DE VOUZIERS,2,"ph,tds"
08352,RAILLICOURT,0.2,S48 SYNDICAT DE LA VENCE,2,"ph,tds"
08353,RANCENNES,0.1989,S06 AVIETTE,2,"ph,tds"
08356,REMAUCOURT,0.2,S58 SYNDICAT DE JULIAUCOURT,2,"ph,tds"
08360,RENNEVILLE,0.1886,S60 ROCQUIGNY ET ENVIRONS,2,"ph,tds"
08368,ROIZY,0.2,S59 BASSE RETOURNE,2,"ph,tds"
08369,ROMAGNE (LA),0.2,S54 BOIS DE CHATEAU,2,"ph,tds"
08372,RUBIGNY,0.1886,S60 ROCQUIGNY ET ENVIRONS,2,"ph,tds"
08382,SAINT-JEAN-AUX-BOIS,0.1886,S60 ROCQUIGNY ET ENVIRONS,2,"ph,tds"
08383,SAINT-JUVIN,0.2,S76 MOULIN JEAN ROY,2,"ph,tds"
08384,SAINT-LAMBERT-ET-MONT-DE-JEUX,0.2,,2,"ph,tds"
08390,SAINTE-MARIE,0.1902,S22 SUD-OUEST DE VOUZIERS,2,"ph,tds"
08392,SAINT-MOREL,0.2,S32 SIAEP DE L AVREGRE ETJAILY,2,"ph,tds"
08402,SAULCES-MONCLIN,0.2,S29 EST RETHELOIS,2,"ph,tds"
08405,SAUVILLE,0.2,S63 REGION LOUVERGNY,2,"ph,tds"
08425,SOMMERANCE,0.1961,S76 MOULIN JEAN ROY,2,"ph,tds"
08431,SUGNY,0.1914,S22 SUD-OUEST DE VOUZIERS,2,"ph,tds"
08433,SUZANNE,0.2,S28 LA LISIERE,2,"ph,tds"
08436,TAILLETTE,0.2,S69 REGION LAC VIEILLES FORGES,2,"ph,tds"
08440,TARZY,0.2,A1 REGION D'AUBENTON,2,"ph,tds"
08454,TOULIGNY,0.2,S48 SYNDICAT DE LA VENCE,2,"ph,tds"
08455,TOURCELLES-CHAUMONT,0.1839,S22 SUD-OUEST DE VOUZIERS,2,"ph,tds"
08461,VANDY,0.2,S78 SIAEP DES GRANDS AULNOIS,2,"ph,tds"
08465,VAUX-LES-RUBIGNY,0.1832,S60 ROCQUIGNY ET ENVIRONS,2,"ph,tds"
08468,VAUX-VILLAINE,0.2,S72 SYNDICAT THIN LE MOUTIER,2,"ph,tds"
08470,VERPEL,0.2,S68 REGION DE THENORGUES,2,"ph,tds"
08478,VILLERS-LE-TILLEUL,0.2,S42 SIAEP DES CORREAUX,2,"ph,tds"
08484,VILLE-SUR-RETOURNE,0.2,JUNIVILLE ET ENVIRONS,2,"ph,tds"
09019,ARTIGAT,0.2,SMDEA ARIZE PAR LES BORDES,2,"ph,tds"
09039,BASTIDE-DE-BOUSIGNAC (LA),0.2,BESSET COUTENS,2,"ph,tds"
09040,BASTIDE-DE-LORDAT (LA),0.723,BASSE VALLEE DE L'ARIEGE,2,"ph,tds"
09052,BESSET,0.2,,2,"ph,tds"
09056,BEZAC,0.4511,TERREFORT ZONE HAUTE,2,"ph,tds"
09061,BORDES-SUR-ARIZE (LES),0.2,SMDEA ARIZE PAR LES BORDES,2,"ph,tds"
09072,CALZAN,0.7008,BVA SECTEUR ARVIGNA,2,"ph,tds"
09079,CARLA-BAYLE,0.2,SMDEA ARIZE PAR LES BORDES,2,"ph,tds"
09080,CARLA-DE-ROQUEFORT,0.2,DOUCTOUYRE,2,"ph,tds"
09081,CARLARET (LE),0.723,BASSE VALLEE DE L'ARIEGE,2,"ph,tds"
09083,CASTERAS,0.2,SMDEA ARIZE PAR LES BORDES,2,"ph,tds"
09084,CASTEX,0.2,SMDEA ARIZE PAR LES BORDES,2,"ph,tds"
09086,CAUMONT,0.5566,COUSERANS LADOUX,2,"ph,tds"
09089,CAZALS-DES-BAYLES,0.2,CAZALS/MALEGOUDE/STE-FOI,2,"ph,tds"
09094,CERIZOLS,0.5092,COUSERANS ALOS,2,"ph,tds"
09096,CHATEAU-VERDUN,0.2,LES CABANNES CH-VERDUN PECH ,2,"ph,tds"
09097,CLERMONT,0.4097,COUSERANS RILLE,2,"ph,tds"
09101,COUSSA,0.723,BASSE VALLEE DE L'ARIEGE,2,"ph,tds"
09104,DALOU,0.2,ARABAUX/GUDAS/L'HERM/ROQUEFORT,2,"ph,tds"
09105,DAUMAZAN-SUR-ARIZE,0.2,SMDEA ARIZE PAR LES BORDES,2,"ph,tds"
09106,DREUILHE,0.4403,SAEP PAYS D'OLMES,2,"ph,tds"
09115,ESCLAGNE,0.4403,SAEP PAYS D'OLMES,2,"ph,tds"
09117,ESPLAS,0.5005,SPEHA BRIE,2,"ph,tds"
09119,EYCHEIL,0.5566,COUSERANS LADOUX,2,"ph,tds"
09120,FABAS,0.5092,COUSERANS ALOS,2,"ph,tds"
09128,GAJAN,0.5092,COUSERANS ALOS,2,"ph,tds"
09132,GAUDIES,0.723,BASSE VALLEE DE L'ARIEGE,2,"ph,tds"
09137,GUDAS,0.2,ARABAUX/GUDAS/L'HERM/ROQUEFORT,2,"ph,tds"
09142,ILHAT,0.2,DOUCTOUYRE,2,"ph,tds"
09145,ISSARDS (LES),0.7008,BVA SECTEUR ARVIGNA,2,"ph,tds"
09146,JUSTINIAC,0.5005,SPEHA BRIE,2,"ph,tds"
09148,LACAVE,0.5566,COUSERANS LADOUX,2,"ph,tds"
09151,LANOUX,0.2,SMDEA ARIZE PAR LES BORDES,2,"ph,tds"
09153,LAPENNE,0.7249,ST FELIX DE TOURNEGAT - LAPENNE - ECARTS GAUDIES,2,"ph,tds"
09158,LASSERRE,0.5092,COUSERANS ALOS,2,"ph,tds"
09168,LIEURAC,0.2,DOUCTOUYRE,2,"ph,tds"
09170,LISSAC,0.5193,SPEHA CALMONT,2,"ph,tds"
09172,LOUBAUT,0.2,SMDEA ARIZE PAR LES BORDES,2,"ph,tds"
09173,LOUBENS,0.4511,TERREFORT ZONE HAUTE,2,"ph,tds"
09175,LUDIES,0.723,BASSE VALLEE DE L'ARIEGE,2,"ph,tds"
09177,MADIERE,0.4511,TERREFORT ZONE HAUTE,2,"ph,tds"
09183,MAUVEZIN-DE-PRAT,0.5566,COUSERANS LADOUX,2,"ph,tds"
09184,MAUVEZIN-DE-SAINTE-CROIX,0.4852,COUSERANS  ALOS-RILLE PANIFOUS,2,"ph,tds"
09187,MERCENAC,0.5566,COUSERANS LADOUX,2,"ph,tds"
09198,MONTARDIT,0.4097,COUSERANS RILLE,2,"ph,tds"
09199,MONTAUT,0.723,BASSE VALLEE DE L'ARIEGE,2,"ph,tds"
09201,MONTEGUT-EN-COUSERANS,0.5092,COUSERANS ALOS,2,"ph,tds"
09205,MONTFA,0.2,SMDEA ECARTS DU MAS D'AZIL,2,"ph,tds"
09208,MONTGAUCH,0.5092,COUSERANS ALOS,2,"ph,tds"
09229,PEYRAT (LE),0.2,,2,"ph,tds"
09235,PRAT-BONREPAUX,0.5566,COUSERANS LADOUX,2,"ph,tds"
09240,QUIE,0.4977,TARASCON  BOMPAS QUIE,2,"ph,tds"
09242,RAISSAC,0.4332,LAVELANET- PAYS D'OLMES,2,"ph,tds"
09256,SAINT-BAUZEIL,0.4511,TERREFORT ZONE HAUTE,2,"ph,tds"
09257,SAINTE-CROIX-VOLVESTRE,0.4852,COUSERANS  ALOS-RILLE PANIFOUS,2,"ph,tds"
09260,SAINTE-FOI,0.2,CAZALS/MALEGOUDE/STE-FOI,2,"ph,tds"
09271,SAINT-MICHEL,0.4511,TERREFORT ZONE HAUTE,2,"ph,tds"
09273,SAINT-PIERRE-DE-RIVIERE,0.3932,LA BARGUILLERE,2,"ph,tds"
09276,SAINT-VICTOR-ROUZAUD,0.4511,TERREFORT ZONE HAUTE,2,"ph,tds"
09279,SALSEIN,0.5932,,2,"ph,tds"
09284,SEGURA,0.723,BASSE VALLEE DE L'ARIEGE,2,"ph,tds"
09289,LORP-SENTARAILLE,0.5566,COUSERANS LADOUX,2,"ph,tds"
09300,SOULA,0.2,,2,"ph,tds"
09305,TABRE,0.4403,SAEP PAYS D'OLMES,2,"ph,tds"
09308,TAURIGNAN-VIEUX,0.5092,COUSERANS ALOS,2,"ph,tds"
09309,TEILHET,0.723,BASSE VALLEE DE L'ARIEGE,2,"ph,tds"
09310,THOUARS-SUR-ARIZE,0.2,SMDEA ARIZE PAR LES BORDES,2,"ph,tds"
09313,TOURTOUSE,0.5092,COUSERANS ALOS,2,"ph,tds"
09314,TOURTROL,0.723,BASSE VALLEE DE L'ARIEGE,2,"ph,tds"
09315,TREMOULET,0.723,BASSE VALLEE DE L'ARIEGE,2,"ph,tds"
09319,UNZENT,0.4511,TERREFORT ZONE HAUTE,2,"ph,tds"
09327,VENTENAC,0.723,BASSE VALLEE DE L'ARIEGE,2,"ph,tds"
09332,VERNIOLLE,0.723,BASSE VALLEE DE L'ARIEGE,2,"ph,tds"
09339,VILLENEUVE-DU-PAREAGE,0.723,BASSE VALLEE DE L'ARIEGE,2,"ph,tds"
09340,VIRA,0.7008,BVA SECTEUR ARVIGNA,2,"ph,tds"
09341,VIVIES,0.723,BASSE VALLEE DE L'ARIEGE,2,"ph,tds"
10005,AMANCE,0.2,,2,"ph,tds"
10008,ARGANCON,0.2,VENDEUVRE SUR BARSE - ARGANCON RESEAU,2,"ph,tds"
10013,ASSENAY,0.2,MSB ALIMENTE PAR ST THIBAULT RESEAU,2,"ph,tds"
10017,AULNAY,0.2,LES QUATRE VALLEES RESEAU,2,"ph,tds"
10026,BAILLY-LE-FRANC,0.2,NORD DE LA VOIRE RESEAU,2,"ph,tds"
10027,BALIGNICOURT,0.2,,2,"ph,tds"
10038,BERCENAY-LE-HAYER,0.2,BOURDENAY RESEAU,2,"ph,tds"
10044,BETIGNICOURT,0.2,ROSNAY L'HOPITAL RESEAU,2,"ph,tds"
10045,BEUREY,0.2,VENDEUVRE SUR BARSE - ARGANCON RESEAU,2,"ph,tds"
10047,BLIGNICOURT,0.2,ROSNAY L'HOPITAL RESEAU,2,"ph,tds"
10053,BOURANTON,0.2,MSB ALIMENTE PAR VERRIERES RESEAU,2,"ph,tds"
10059,BRAUX,0.2,ROSNAY L'HOPITAL RESEAU,2,"ph,tds"
10065,BRILLECOURT,0.2,,2,"ph,tds"
10073,CHALETTE-SUR-VOIRE,0.2,PINEY-LESMONT RESEAU,2,"ph,tds"
10077,CHAMPIGNY-SUR-AUBE,0.2,PLANCY RHEGES VIAPRES RESEAU,2,"ph,tds"
10083,CHAPPES,0.2,MSB ALIMENTE PAR ST THIBAULT RESEAU,2,"ph,tds"
10085,CHARMOY,0.2,,2,"ph,tds"
10091,CHAUDREY,0.2,LES QUATRE VALLEES RESEAU,2,"ph,tds"
10095,CHENE (LE),0.2,LES QUATRE VALLEES RESEAU,2,"ph,tds"
10101,COCLOIS,0.2,LES QUATRE VALLEES RESEAU,2,"ph,tds"
10105,COURCELLES-SUR-VOIRE,0.2,NORD DE LA VOIRE RESEAU,2,"ph,tds"
10110,COURTERANGES,0.2,MSB ALIMENTE PAR VERRIERES RESEAU,2,"ph,tds"
10111,COURTERON,0.2,GYE-NEUVILLE-COURTERON-BUXEUIL RESEAU,2,"ph,tds"
10112,COUSSEGREY,0.2,RESEAU VANLAY,2,"ph,tds"
10117,CRESPY-LE-NEUF,0.2,BRIENNE LE CHATEAU RESEAU,2,"ph,tds"
10121,DAMPIERRE,0.2,,2,"ph,tds"
10126,DOLANCOURT,0.2,VENDEUVRE SUR BARSE - ARGANCON RESEAU,2,"ph,tds"
10128,DONNEMENT,0.2,LES QUATRE VALLEES RESEAU,2,"ph,tds"
10135,ECLANCE,0.2,TRANNES RESEAU,2,"ph,tds"
10136,EGUILLY-SOUS-BOIS,0.2,,2,"ph,tds"
10138,EPAGNE,0.2,BRIENNE LE CHATEAU RESEAU,2,"ph,tds"
10144,ETRELLES-SUR-AUBE,0.2,LONGUEVILLE-ETRELLES-BOULAGES RESEAU,2,"ph,tds"
10146,FAY-LES-MARCILLY,0.2,SOLIGNY LES ETANGS RESEAU,2,"ph,tds"
10157,FOSSE-CORDUAN (LA),0.2,VALLEE DE L'ARDUSSON RESEAU,2,"ph,tds"
10158,FOUCHERES,0.2,MSB ALIMENTE PAR ST THIBAULT RESEAU,2,"ph,tds"
10159,FRALIGNES,0.2,,2,"ph,tds"
10160,FRAVAUX,0.2,SPOY-MEURVILLE-COUVIGNON RESEAU,2,"ph,tds"
10161,FRESNAY,0.2,TRANNES RESEAU,2,"ph,tds"
10162,FRESNOY-LE-CHATEAU,0.2,MSB ALIMENTE PAR ST THIBAULT RESEAU,2,"ph,tds"
10163,FULIGNY,0.2,TRANNES RESEAU,2,"ph,tds"
10168,GRANGES (LES),0.2,RESEAU VANLAY,2,"ph,tds"
10171,HAMPIGNY,0.2,MAIZIERES LES BRIENNE RESEAU,2,"ph,tds"
10172,HERBISSE,0.2,VALLEE MAURIENNE ET HERBISSONNE RESEAU,2,"ph,tds"
10178,JESSAINS,0.2,TRANNES RESEAU,2,"ph,tds"
10180,JONCREUIL,0.2,NORD DE LA VOIRE RESEAU,2,"ph,tds"
10183,JUVANZE,0.2,TRANNES RESEAU,2,"ph,tds"
10184,JUZANVIGNY,0.2,,2,"ph,tds"
10185,LAGESSE,0.2,RESEAU VANLAY,2,"ph,tds"
10189,LASSICOURT,0.2,ROSNAY L'HOPITAL RESEAU,2,"ph,tds"
10190,LAUBRESSEL,0.2,,2,"ph,tds"
10192,LENTILLES,0.2,NORD DE LA VOIRE RESEAU,2,"ph,tds"
10193,LESMONT,0.2,,2,"ph,tds"
10194,LEVIGNY,0.2,,2,"ph,tds"
10197,LIGNOL-LE-CHATEAU,0.2,LIGNOL-ROUVRES-VOIGNY RESEAU,2,"ph,tds"
10198,LIREY,0.2,,2,"ph,tds"
10201,LOGE-POMBLIN (LA),0.2,,2,"ph,tds"
10202,LOGES-MARGUERON (LES),0.2,RESEAU VANLAY,2,"ph,tds"
10204,LONGEVILLE-SUR-MOGNE,0.2,MSB ALIMENTE PAR ST THIBAULT RESEAU,2,"ph,tds"
10212,MACHY,0.1992,,2,"ph,tds"
10213,MAGNANT,0.2,,2,"ph,tds"
10214,MAGNICOURT,0.2,PINEY-LESMONT RESEAU,2,"ph,tds"
10215,MAGNY-FOUCHARD,0.2,VENDEUVRE SUR BARSE - ARGANCON RESEAU,2,"ph,tds"
10217,MAISON-DES-CHAMPS,0.2,VENDEUVRE SUR BARSE - ARGANCON RESEAU,2,"ph,tds"
10221,MAIZIERES-LES-BRIENNE,0.2,MAIZIERES LES BRIENNE RESEAU,2,"ph,tds"
10226,MAROLLES-LES-BAILLY,0.2,,2,"ph,tds"
10228,MATHAUX,0.2,PINEY-LESMONT RESEAU,2,"ph,tds"
10229,MAUPAS,0.2,MSB ALIMENTE PAR ST THIBAULT RESEAU,2,"ph,tds"
10230,MERGEY,0.2,MERGEY-VILLACERF-ST BENOIT RESEAU,2,"ph,tds"
10238,MESNIL-SAINT-PERE,0.2,,2,"ph,tds"
10239,MESNIL-SELLIERES,0.2,ROUILLY SACEY RESEAU,2,"ph,tds"
10241,METZ-ROBERT,0.2,RESEAU VANLAY,2,"ph,tds"
10243,MOLINS-SUR-AUBE,0.2,PINEY-LESMONT RESEAU,2,"ph,tds"
10246,MONTCEAUX-LES-VAUDES,0.2,,2,"ph,tds"
10257,MOREMBERT,0.2,,2,"ph,tds"
10258,MORVILLIERS,0.2,BRIENNE LE CHATEAU RESEAU,2,"ph,tds"
10260,MOUSSEY,0.2,BUCHERES ISLE-AUMONT MOUSSEY RESEAU,2,"ph,tds"
10267,NOGENT-SUR-AUBE,0.2,LES QUATRE VALLEES RESEAU,2,"ph,tds"
10273,ORTILLON,0.2,LES QUATRE VALLEES RESEAU,2,"ph,tds"
10279,PARS-LES-CHAVANGES,0.2,,2,"ph,tds"
10283,PEL-ET-DER,0.2,PINEY-LESMONT RESEAU,2,"ph,tds"
10284,PERIGNY-LA-ROSE,0.2,VILLENEUVE AU CHATELOT RESEAU,2,"ph,tds"
10285,PERTHES-LES-BRIENNE,0.2,ROSNAY L'HOPITAL RESEAU,2,"ph,tds"
10286,PETIT-MESNIL,0.2,,2,"ph,tds"
10287,PINEY,0.2,PINEY-LESMONT RESEAU,2,"ph,tds"
10296,POLISY,0.2,POLISY-POLISOT RESEAU,2,"ph,tds"
10300,POUGY,0.2,PINEY-LESMONT RESEAU,2,"ph,tds"
10302,PRASLIN,0.2,,2,"ph,tds"
10303,PRECY-NOTRE-DAME,0.2,PINEY-LESMONT RESEAU,2,"ph,tds"
10304,PRECY-SAINT-MARTIN,0.2,,2,"ph,tds"
10308,PRUNAY-BELLEVILLE,0.2,PLATEAU DE LA CRAISE RESEAU,2,"ph,tds"
10309,PRUSY,0.2,RESEAU VANLAY,2,"ph,tds"
10313,RADONVILLIERS,0.2,PINEY-LESMONT RESEAU,2,"ph,tds"
10314,RAMERUPT,0.2,LES QUATRE VALLEES RESEAU,2,"ph,tds"
10315,RANCES,0.2,NORD DE LA VOIRE RESEAU,2,"ph,tds"
10316,RHEGES,0.2,,2,"ph,tds"
10324,RONCENAY,0.2,MSB ALIMENTE PAR ST THIBAULT RESEAU,2,"ph,tds"
10327,ROTHIERE (LA),0.2,BRIENNE LE CHATEAU RESEAU,2,"ph,tds"
10331,RUMILLY-LES-VAUDES,0.2,MSB ALIMENTE PAR ST THIBAULT RESEAU,2,"ph,tds"
10332,RUVIGNY,0.2,MSB ALIMENTE PAR VERRIERES RESEAU,2,"ph,tds"
10337,SAINT-CHRISTOPHE-DODINICOURT,0.2,ROSNAY L'HOPITAL RESEAU,2,"ph,tds"
10345,SAINT-LEGER-SOUS-BRIENNE,0.2,BRIENNE LE CHATEAU RESEAU,2,"ph,tds"
10351,SAINT-MARTIN-DE-BOSSENAY,0.2,VALLEE DE L'ARDUSSON RESEAU,2,"ph,tds"
10354,SAINT-NABORD-SUR-AUBE,0.2,MONTSUZAIN RESEAU,2,"ph,tds"
10358,SAINT-PARRES-LES-VAUDES,0.2,MSB ALIMENTE PAR ST THIBAULT RESEAU,2,"ph,tds"
10360,SAINT-POUANGE,0.2,,2,"ph,tds"
10363,SAINT-THIBAULT,0.2,MSB ALIMENTE PAR ST THIBAULT RESEAU,2,"ph,tds"
10364,SAINT-USAGE,0.2,FONTETTE - VERPILLIERES RESEAU,2,"ph,tds"
10379,TORCY-LE-GRAND,0.2,LES QUATRE VALLEES RESEAU,2,"ph,tds"
10380,TORCY-LE-PETIT,0.2,LES QUATRE VALLEES RESEAU,2,"ph,tds"
10386,TROUANS,0.2,,2,"ph,tds"
10389,UNIENVILLE,0.2,TRANNES RESEAU,2,"ph,tds"
10392,VALLANT-SAINT-GEORGES,0.2,SAINT MESMIN RESEAU,2,"ph,tds"
10397,VAUCHONVILLIERS,0.2,VENDEUVRE SUR BARSE - ARGANCON RESEAU,2,"ph,tds"
10398,VAUCOGNE,0.2,LES QUATRE VALLEES RESEAU,2,"ph,tds"
10399,VAUDES,0.1992,MSB ALIMENTE PAR ST THIBAULT RESEAU,2,"ph,tds"
10400,VAUPOISSON,0.2,LES QUATRE VALLEES RESEAU,2,"ph,tds"
10402,VENDUE-MIGNOT (LA),0.2,MSB ALIMENTE PAR ST THIBAULT RESEAU,2,"ph,tds"
10403,VERNONVILLIERS,0.2,TRANNES RESEAU,2,"ph,tds"
10408,VIAPRES-LE-PETIT,0.2,PLANCY RHEGES VIAPRES RESEAU,2,"ph,tds"
10416,VILLEMEREUIL,0.2,MSB ALIMENTE PAR ST THIBAULT RESEAU,2,"ph,tds"
10423,VILLENEUVE-AU-CHENE (LA),0.2,VENDEUVRE SUR BARSE -VENDEUVRE ,2,"ph,tds"
10424,VILLERET,0.2,NORD DE LA VOIRE RESEAU,2,"ph,tds"
10430,VILLIERS-HERBISSE,0.2,VALLEE MAURIENNE ET HERBISSONNE RESEAU,2,"ph,tds"
10433,VILLY-EN-TRODES,0.2,,2,"ph,tds"
10434,VILLY-LE-BOIS,0.2,MSB ALIMENTE PAR ST THIBAULT RESEAU,2,"ph,tds"
10435,VILLY-LE-MARECHAL,0.2,MSB ALIMENTE PAR ST THIBAULT RESEAU,2,"ph,tds"
10440,VOIGNY,0.2,LIGNOL-ROUVRES-VOIGNY RESEAU,2,"ph,tds"
10442,VOUE,0.2,MONTSUZAIN RESEAU,2,"ph,tds"
10443,VOUGREY,0.2,,2,"ph,tds"
10445,YEVRES-LE-PETIT,0.2,ROSNAY L'HOPITAL RESEAU,2,"ph,tds"
12006,ALRANCE,0.6133,SEGALA - AVAL DIRECT GALAT,2,"ph,tds"
12010,ARQUES,0.6133,SEGALA - AVAL DIRECT GALAT,2,"ph,tds"
12011,ARVIEU,0.6133,SEGALA - AVAL DIRECT GALAT,2,"ph,tds"
12016,AUZITS,0.6245,MONTBAZENS RIGNAC,2,"ph,tds"
12018,BALAGUIER-D'OLT,0.2,FOISSAC,2,"ph,tds"
12024,BELCASTEL,0.6245,MONTBAZENS RIGNAC,2,"ph,tds"
12026,BERTHOLENE,0.6245,MONTBAZENS RIGNAC,2,"ph,tds"
12027,BESSUEJOULS,0.6245,MONTBAZENS RIGNAC,2,"ph,tds"
12029,BOR-ET-BAR,0.6196,SEGALA - AVAL RETRAITEMENT LA PEYRIÈRE,2,"ph,tds"
12030,BOUILLAC,0.6245,MONTBAZENS RIGNAC,2,"ph,tds"
12031,BOURNAZEL,0.6245,MONTBAZENS RIGNAC,2,"ph,tds"
12032,BOUSSAC,0.6133,SEGALA - AVAL DIRECT GALAT,2,"ph,tds"
12033,BOZOULS,0.6245,MONTBAZENS RIGNAC,2,"ph,tds"
12035,BRASC,0.378,RG - LE PUECH,2,"ph,tds"
12043,CALMONT,0.6133,SEGALA - AVAL DIRECT GALAT,2,"ph,tds"
12048,CAMPOURIEZ,0.5727,PETITE VIADÈNE (NORD),2,"ph,tds"
12049,CAMPUAC,0.6245,MONTBAZENS RIGNAC,2,"ph,tds"
12050,CANET-DE-SALARS,0.6133,SEGALA - AVAL DIRECT GALAT,2,"ph,tds"
12053,CAPELLE-BALAGUIER (LA),0.2,FOISSAC,2,"ph,tds"
12054,CAPELLE-BLEYS (LA),0.6196,SEGALA - AVAL RETRAITEMENT LA PEYRIÈRE,2,"ph,tds"
12055,CAPELLE-BONANCE (LA),0.2,VALLEES DE LA SERRE ET D'OLT,2,"ph,tds"
12059,CASTANET,0.6133,SEGALA - AVAL DIRECT GALAT,2,"ph,tds"
12060,CASTELMARY,0.9059,VIAUR,2,"ph,tds"
12064,CAYROL (LE),0.7591,VIADENE SUD - MÉLANGE AVEC LAGUIOLE,2,"ph,tds"
12065,CENTRES,0.6133,SEGALA - AVAL DIRECT GALAT,2,"ph,tds"
12066,CLAIRVAUX-D'AVEYRON,0.6245,MONTBAZENS RIGNAC,2,"ph,tds"
12068,COLOMBIES,0.6133,SEGALA - AVAL DIRECT GALAT,2,"ph,tds"
12071,COMPOLIBAT,0.6245,MONTBAZENS RIGNAC,2,"ph,tds"
12080,COUPIAC,0.378,RG - LE PUECH,2,"ph,tds"
12085,CRESPIN,0.8908,,2,"ph,tds"
12086,CRESSE (LA),0.5916,CAUSSE NOIR,2,"ph,tds"
12088,CURIERES,0.7591,VIADENE SUD - MÉLANGE AVEC LAGUIOLE,2,"ph,tds"
12091,DRULHE,0.6243,MONTBAZENS RIGNAC,2,"ph,tds"
12095,ESCANDOLIERES,0.6245,MONTBAZENS RIGNAC,2,"ph,tds"
12097,ESPEYRAC,0.6245,MONTBAZENS RIGNAC,2,"ph,tds"
12098,ESTAING,0.7591,VIADENE SUD - MÉLANGE AVEC LAGUIOLE,2,"ph,tds"
12103,FLORENTIN-LA-CAPELLE,0.7591,VIADENE SUD - MÉLANGE AVEC LAGUIOLE,2,"ph,tds"
12110,GOLINHAC,0.6245,MONTBAZENS RIGNAC,2,"ph,tds"
12115,HOSPITALET-DU-LARZAC (L'),0.2,LARZAC,2,"ph,tds"
12116,HUPARLAC,0.5717,PETITE VIADÈNE (NORD),2,"ph,tds"
12127,LEDERGUES,0.3058,RIVE DROITE,2,"ph,tds"
12128,LESCURE-JAOUL,0.6127,LIORT JAOUL,2,"ph,tds"
12130,LIVINHAC-LE-HAUT,0.7342,NORD DECAZEVILLE,2,"ph,tds"
12134,LUGAN,0.6245,MONTBAZENS RIGNAC,2,"ph,tds"
12136,MALEVILLE,0.6245,MONTBAZENS RIGNAC,2,"ph,tds"
12137,MANHAC,0.6133,SEGALA - AVAL DIRECT GALAT,2,"ph,tds"
12141,MARTRIN,0.378,RG - LE PUECH,2,"ph,tds"
12144,MELJAC,0.6133,SEGALA - AVAL DIRECT GALAT,2,"ph,tds"
12149,MONTCLAR,0.378,RG - LE PUECH,2,"ph,tds"
12159,MORLHON-LE-HAUT,0.6196,SEGALA - AVAL RETRAITEMENT LA PEYRIÈRE,2,"ph,tds"
12164,MUR-DE-BARREZ,0.666,CARLADEZ,2,"ph,tds"
12167,NAJAC,0.6196,SEGALA - AVAL RETRAITEMENT LA PEYRIÈRE,2,"ph,tds"
12170,NAUSSAC,0.2,FOISSAC,2,"ph,tds"
12181,PEYRUSSE-LE-ROC,0.6245,MONTBAZENS RIGNAC,2,"ph,tds"
12182,PIERREFICHE,0.2,VALLEES DE LA SERRE ET D'OLT,2,"ph,tds"
12188,PRADES-SALARS,0.6133,SEGALA - AVAL DIRECT GALAT,2,"ph,tds"
12191,PRIVEZAC,0.6245,MONTBAZENS RIGNAC,2,"ph,tds"
12194,QUINS,0.6133,SEGALA - AVAL DIRECT GALAT,2,"ph,tds"
12197,REQUISTA,0.3058,RIVE DROITE,2,"ph,tds"
12199,RIGNAC,0.6245,MONTBAZENS RIGNAC,2,"ph,tds"
12201,RODELLE,0.6245,MONTBAZENS RIGNAC,2,"ph,tds"
12206,ROUSSENNAC,0.6245,MONTBAZENS RIGNAC,2,"ph,tds"
12207,RULLAC-SAINT-CIRQ,0.6133,SEGALA - AVAL DIRECT GALAT,2,"ph,tds"
12210,SAINT-ANDRE-DE-NAJAC,0.6196,SEGALA - AVAL RETRAITEMENT LA PEYRIÈRE,2,"ph,tds"
12217,SAINTE-CROIX,0.2,FOISSAC,2,"ph,tds"
12230,SAINT-JEAN-DELNOUS,0.3058,RIVE DROITE,2,"ph,tds"
12234,SAINTE-JULIETTE-SUR-VIAUR,0.6129,SEGALA - AVAL DIRECT GALAT,2,"ph,tds"
12235,SAINT-JUST-SUR-VIAUR,0.3057,RIVE DROITE,2,"ph,tds"
12239,SAINT-MARTIN-DE-LENNE,0.2,VALLEES DE LA SERRE ET D'OLT,2,"ph,tds"
12250,SAINT-SYMPHORIEN-DE-THENIERES,0.5727,PETITE VIADÈNE (NORD),2,"ph,tds"
12254,SALLES-LA-SOURCE,0.6245,MONTBAZENS RIGNAC,2,"ph,tds"
12255,SALMIECH,0.6133,SEGALA - AVAL DIRECT GALAT,2,"ph,tds"
12256,SALVAGNAC-CAJARC,0.2,FOISSAC,2,"ph,tds"
12257,CAUSSE-ET-DIEGE,0.2,FOISSAC,2,"ph,tds"
12259,SANVENSA,0.6196,SEGALA - AVAL RETRAITEMENT LA PEYRIÈRE,2,"ph,tds"
12260,SAUCLIERES,0.2,LARZAC,2,"ph,tds"
12261,SAUJAC,0.2,FOISSAC,2,"ph,tds"
12264,SEBAZAC-CONCOURES,0.6245,MONTBAZENS RIGNAC,2,"ph,tds"
12267,SELVE (LA),0.6133,SEGALA - AVAL DIRECT GALAT,2,"ph,tds"
12272,SONNAC,0.6245,MONTBAZENS RIGNAC,2,"ph,tds"
12273,SOULAGES-BONNEVAL,0.7591,VIADENE SUD - MÉLANGE AVEC LAGUIOLE,2,"ph,tds"
12277,TAUSSAC,0.666,CARLADEZ,2,"ph,tds"
12280,THERONDELS,0.651,,2,"ph,tds"
12288,VALADY,0.6245,MONTBAZENS RIGNAC,2,"ph,tds"
12289,VALZERGUES,0.6245,MONTBAZENS RIGNAC,2,"ph,tds"
12297,VIBAL (LE),0.6133,SEGALA - AVAL DIRECT GALAT,2,"ph,tds"
12298,VILLECOMTAL,0.2,MURET LE CHATEAU,2,"ph,tds"
12305,VIVIEZ,0.8023,DECAZEVILLE COMMUNAUTÉ,2,"ph,tds"
14009,AMFREVILLE,0.1698,RESEAU HAUT RDO,2,"ph,tds"
14015,ANISY,0.2,ANGUERNY,2,"ph,tds"
14020,ARGENCES,0.2,ARGENCES,2,"ph,tds"
14025,AUBIGNY,0.1999,SUD CALVADOS,2,"ph,tds"
14026,AUDRIEU,0.2,JUAYE MONDAYE,2,"ph,tds"
14034,AVENAY,0.2,STE HONORINE,2,"ph,tds"
14039,BARBERY,0.2,,2,"ph,tds"
14040,BARBEVILLE,0.2,INTERCOM-BAYEUX-OUEST,2,"ph,tds"
14042,BARON-SUR-ODON,0.2,LOUVIGNY R3,2,"ph,tds"
14043,BAROU-EN-AUGE,0.2,SUD CALVADOS,2,"ph,tds"
14045,BASSENEVILLE,0.2,JANVILLE,2,"ph,tds"
14053,BEAUMAIS,0.2,SUD CALVADOS,2,"ph,tds"
14054,BEAUMESNIL,0.7696,GUERMONDERIE,2,"ph,tds"
14059,BENERVILLE-SUR-MER,0.2,DEAUVILLE,2,"ph,tds"
14064,BERNIERES-D'AILLY,0.2,SUD CALVADOS,2,"ph,tds"
14080,BO (LE),0.2,FAVERIE,2,"ph,tds"
14096,BREMOY,0.7812,BRUYERES NORD,2,"ph,tds"
14100,BRETTEVILLE-SUR-LAIZE,0.2,SAINT GERMAIN LE VASSON,2,"ph,tds"
14104,BREVEDENT (LE),0.2,BLANGY,2,"ph,tds"
14111,BUCEELS,0.2,LINGEVRES,2,"ph,tds"
14122,CAINE (LA),0.2,VALLEE D'HAMARS,2,"ph,tds"
14124,CAMBE (LA),0.2,ASNIERES,2,"ph,tds"
14130,CAMPIGNY,0.2,NORON-LA-POTERIE,2,"ph,tds"
14131,CANAPVILLE,0.2,FONTAINE RUANTE,2,"ph,tds"
14132,CANCHY,0.2,ASNIERES,2,"ph,tds"
14134,CANTELOUP,0.2,ARGENCES,2,"ph,tds"
14141,CASTILLON-EN-AUGE,0.2,RESERVOIR CASTILLON,2,"ph,tds"
14146,CAUVILLE,0.2,LA VILLETTE,2,"ph,tds"
14159,CHOUAIN,0.2974,JUAYE MONDAYE,2,"ph,tds"
14160,CINTHEAUX,0.2,SAINT GERMAIN LE VASSON,2,"ph,tds"
14163,CLEVILLE,0.2,ARGENCES,2,"ph,tds"
14168,COLOMBIERES,0.148,COLOMBIERES,2,"ph,tds"
14171,COMBRAY,0.2,SAINT OMER,2,"ph,tds"
14175,CONDE-SUR-SEULLES,0.2914,JUAYE MONDAYE,2,"ph,tds"
14183,COSSESSEVILLE,0.2,SAINT OMER,2,"ph,tds"
14184,COTTUN,0.193,CROUAY,2,"ph,tds"
14190,COURCY,0.2,SUD CALVADOS,2,"ph,tds"
14195,COURVAUDON,0.2,VALLEE D'HAMARS,2,"ph,tds"
14196,CREPON,0.2,VILLIERS LE SEC,2,"ph,tds"
14205,CRISTOT,0.2,CHEUX- NORREY,2,"ph,tds"
14206,CROCY,0.2,SUD CALVADOS,2,"ph,tds"
14207,CROISILLES,0.2,BARBERY,2,"ph,tds"
14211,CULEY-LE-PATRY,0.2,VALLEE D'HAMARS,2,"ph,tds"
14214,CUSSY,0.2,INTERCOM-BAYEUX-OUEST,2,"ph,tds"
14216,DAMBLAINVILLE,0.2,SUD CALVADOS,2,"ph,tds"
14218,DANESTAL,0.2,PLATEAU D'HEULAND,2,"ph,tds"
14224,DEUX-JUMEAUX,0.2,ASNIERES,2,"ph,tds"
14226,DONNAY,0.2,SAINT OMER,2,"ph,tds"
14230,DRUBEC,0.2,BONNEBOSQ EN MELANGE,2,"ph,tds"
14232,DUCY-SAINTE-MARGUERITE,0.2,SECQUEVILLE,2,"ph,tds"
14239,ENGLESQUEVILLE-LA-PERCEE,0.2,ASNIERES,2,"ph,tds"
14240,EPANEY,0.2,SUD CALVADOS,2,"ph,tds"
14250,ESQUAY-SUR-SEULLES,0.2,VILLIERS LE SEC,2,"ph,tds"
14252,ESTREES-LA-CAMPAGNE,0.2,SAINT GERMAIN LE VASSON,2,"ph,tds"
14260,FAUGUERNON,0.2,ST PHILBERT,2,"ph,tds"
14261,FAULQ (LE),0.2,BLANGY,2,"ph,tds"
14272,FOLIE (LA),0.148,COLOMBIERES,2,"ph,tds"
14282,FOULOGNES,0.2,FOULOGNES,2,"ph,tds"
14285,FOURNET (LE),0.2,FORMENTIN,2,"ph,tds"
14289,FRESNE-LA-MERE,0.1999,SUD CALVADOS,2,"ph,tds"
14291,FRESNEY-LE-VIEUX,0.2,BARBERY,2,"ph,tds"
14293,FUMICHON,0.2,FUMICHON,2,"ph,tds"
14309,GOUVIX,0.2,SAINT GERMAIN LE VASSON,2,"ph,tds"
14310,GRAINVILLE-LANGANNERIE,0.2,SAINT GERMAIN LE VASSON,2,"ph,tds"
14316,GRANGUES,0.2,PLATEAU D'HEULAND,2,"ph,tds"
14318,GRAYE-SUR-MER,0.2,BANVILLE,2,"ph,tds"
14319,GRENTHEVILLE,0.2,IFS,2,"ph,tds"
14320,GRIMBOSQ,0.2,BARBERY,2,"ph,tds"
14322,GUERON,0.2,INTERCOM-BAYEUX-EST,2,"ph,tds"
14328,HEROUVILLETTE,0.1698,RESEAU HAUT RDO,2,"ph,tds"
14329,HEULAND,0.2,,2,"ph,tds"
14332,HOGUETTE (LA),0.2,PIERREPONT,2,"ph,tds"
14345,JORT,0.2,SUD CALVADOS,2,"ph,tds"
14353,LANDES-SUR-AJON,0.2,CHEMIN DE SALLEN,2,"ph,tds"
14362,LESSARD-ET-LE-CHENE,0.2,POT BLANC,2,"ph,tds"
14364,LINGEVRES,0.2,LINGEVRES,2,"ph,tds"
14368,LISORES,0.2,BELLOU,2,"ph,tds"
14374,LOGES (LES),0.8541,BRUYERES NORD,2,"ph,tds"
14375,LOGES-SAULCES (LES),0.2,PIERREPONT,2,"ph,tds"
14378,LONGUEVILLE,0.2,ASNIERES,2,"ph,tds"
14380,LOUCELLES,0.2,SECQUEVILLE,2,"ph,tds"
14381,LOUVAGNY,0.2,SUD CALVADOS,2,"ph,tds"
14396,MALTOT,0.2,LOUVIGNY R3,2,"ph,tds"
14400,MANOIR (LE),0.2,VILLIERS LE SEC,2,"ph,tds"
14402,MARAIS-LA-CHAPELLE (LE),0.1999,SUD CALVADOS,2,"ph,tds"
14404,MARTAINVILLE,0.2,,2,"ph,tds"
14405,MARTIGNY-SUR-L'ANTE,0.2,PIERREPONT,2,"ph,tds"
14410,MERY-BISSIERES-EN-AUGE,0.2,ARGENCES,2,"ph,tds"
14411,MESLAY,0.2,SAINT OMER,2,"ph,tds"
14412,MESNIL-AU-GRAIN (LE),0.2,HAUT DES LANDES,2,"ph,tds"
14424,MESNIL-ROBERT (LE),0.7322,GUERMONDERIE,2,"ph,tds"
14425,MESNIL-SIMON (LE),0.2,R. BOSQUETTERIE,2,"ph,tds"
14426,MESNIL-SUR-BLANGY (LE),0.2,BLANGY,2,"ph,tds"
14430,MEUVAINES,0.2,VILLIERS LE SEC,2,"ph,tds"
14435,MONCEAUX (LES),0.2,R. BOSQUETTERIE,2,"ph,tds"
14438,MONDRAINVILLE,0.2,LOUVIGNY R3,2,"ph,tds"
14439,MONFREVILLE,0.148,COLOMBIERES,2,"ph,tds"
14445,MONTFIQUET,0.2,FOULOGNES,2,"ph,tds"
14446,MONTIGNY,0.2,VALLEE D'HAMARS,2,"ph,tds"
14452,MORTEAUX-COULIBOEUF,0.2,SUD CALVADOS,2,"ph,tds"
14453,MOSLES,0.193,CROUAY,2,"ph,tds"
14454,MOUEN,0.2,LOUVIGNY R3,2,"ph,tds"
14458,MOUTIERS-EN-CINGLAIS (LES),0.2,BARBERY,2,"ph,tds"
14461,MUTRECY,0.2,BARBERY,2,"ph,tds"
14465,NONANT,0.2974,JUAYE MONDAYE,2,"ph,tds"
14467,NORON-L'ABBAYE,0.2,PIERREPONT,2,"ph,tds"
14469,NORREY-EN-AUGE,0.1999,SUD CALVADOS,2,"ph,tds"
14482,OUEZY,0.2,,2,"ph,tds"
14483,OUFFIERES,0.2,VALLEE D'HAMARS,2,"ph,tds"
14486,OUILLY-LE-TESSON,0.2,SUD CALVADOS,2,"ph,tds"
14491,PARFOURU-SUR-ODON,0.1997,,2,"ph,tds"
14494,PERIERS-EN-AUGE,0.2,PLATEAU D'HEULAND,2,"ph,tds"
14495,PERIERS-SUR-LE-DAN,0.2,BENOUVILLE,2,"ph,tds"
14497,PERRIERES,0.2,SUD CALVADOS,2,"ph,tds"
14498,PERTHEVILLE-NERS,0.2,SUD CALVADOS,2,"ph,tds"
14499,PETIVILLE,0.1703,ZONE COTIERE,2,"ph,tds"
14500,PIERREFITTE-EN-AUGE,0.2,,2,"ph,tds"
14502,PIERREPONT,0.2,,2,"ph,tds"
14509,PLUMETOT,0.1,DOUVRES,2,"ph,tds"
14510,POMMERAYE (LA),0.2,SAINT OMER,2,"ph,tds"
14511,PONT-BELLANGER,0.702,GUERMONDERIE,2,"ph,tds"
14512,PONTECOULANT,0.2,LES TASSES,2,"ph,tds"
14519,PREAUX-BOCAGE,0.2,VALLEE D'HAMARS,2,"ph,tds"
14522,PRETREVILLE,0.2,PLATEAU SUD,2,"ph,tds"
14531,RAPILLY,0.2,PIERREPONT,2,"ph,tds"
14533,REPENTIGNY,0.2,,2,"ph,tds"
14541,ROQUE-BAIGNARD (LA),0.2,FORMENTIN,2,"ph,tds"
14542,ROSEL,0.2,SAINT CONTEST,2,"ph,tds"
14546,ROUVRES,0.2,SUD CALVADOS,2,"ph,tds"
14552,RYES,0.2,VILLIERS LE SEC,2,"ph,tds"
14563,SAINT-BENOIT-D'HEBERTOT,0.2,SAINT BENOIT,2,"ph,tds"
14565,SAINT-COME-DE-FRESNE,0.2,VILLIERS LE SEC,2,"ph,tds"
14571,SAINT-DENIS-DE-MAILLOC,0.2,LA CHAPELLE YVON,2,"ph,tds"
14582,SAINT-GERMAIN-DE-LIVET,0.2,,2,"ph,tds"
14586,SAINT-GERMAIN-DU-PERT,0.2,ASNIERES,2,"ph,tds"
14588,SAINT-GERMAIN-LANGOT,0.2,PIERREPONT,2,"ph,tds"
14590,SAINTE-HONORINE-DE-DUCY,0.2,FOULOGNES,2,"ph,tds"
14593,SAINT-HYMER,0.2,,2,"ph,tds"
14595,SAINT-JEAN-DE-LIVET,0.2,PLATEAU SUD,2,"ph,tds"
14598,SAINT-JOUIN,0.2,BEAUFOUR DRUVAL,2,"ph,tds"
14602,SAINT-LAMBERT,0.2,LA VILLETTE,2,"ph,tds"
14603,SAINT-LAURENT-DE-CONDEL,0.2,BARBERY,2,"ph,tds"
14609,SAINT-LOUP-HORS,0.2,INTERCOM-BAYEUX-EST,2,"ph,tds"
14619,SAINTE-MARIE-OUTRE-L'EAU,0.5709,GUERMONDERIE,2,"ph,tds"
14622,SAINT-MARTIN-DE-BLAGNY,0.148,COLOMBIERES,2,"ph,tds"
14627,SAINT-MARTIN-DE-MIEUX,0.2,PIERREPONT,2,"ph,tds"
14644,SAINT-PHILBERT-DES-CHAMPS,0.2,ST PHILBERT,2,"ph,tds"
14645,SAINT-PIERRE-AZIF,0.2,RESERVOIR FORGES,2,"ph,tds"
14646,SAINT-PIERRE-CANIVET,0.2,SUD CALVADOS,2,"ph,tds"
14649,SAINT-PIERRE-DU-BU,0.2,PIERREPONT,2,"ph,tds"
14651,SAINT-PIERRE-DU-JONQUET,0.2,JANVILLE,2,"ph,tds"
14652,SAINT-PIERRE-DU-MONT,0.2,ASNIERES,2,"ph,tds"
14657,SAINT-SAMSON,0.2,JANVILLE,2,"ph,tds"
14659,SAINT-SYLVAIN,0.1999,SUD CALVADOS,2,"ph,tds"
14665,SALLENELLES,0.1698,RESEAU HAUT RDO,2,"ph,tds"
14668,SAONNET,0.193,LE MOLAY-LITTRY,2,"ph,tds"
14669,SASSY,0.2,SUD CALVADOS,2,"ph,tds"
14672,VAL DE DROME,0.9163,CORMOLAIN,2,"ph,tds"
14674,SOIGNOLLES,0.2,SAINT GERMAIN LE VASSON,2,"ph,tds"
14677,SOULANGY,0.2,SUD CALVADOS,2,"ph,tds"
14681,SURRAIN,0.1979,COLLEVILLE,2,"ph,tds"
14682,SURVILLE,0.2,PONT L'EVEQUE N.E,2,"ph,tds"
14684,TESSEL,0.2,LINGEVRES,2,"ph,tds"
14694,TORQUESNE (LE),0.2,BAILLEUL,2,"ph,tds"
14698,TOUFFREVILLE,0.1698,RESEAU HAUT RDO,2,"ph,tds"
14700,TOUR-EN-BESSIN,0.193,CROUAY,2,"ph,tds"
14705,TOURNIERES,0.193,LE MOLAY-LITTRY,2,"ph,tds"
14706,TOURVILLE-EN-AUGE,0.2,FONTAINE RUANTE,2,"ph,tds"
14707,TOURVILLE-SUR-ODON,0.2,LOUVIGNY R3,2,"ph,tds"
14709,TRACY-SUR-MER,0.2,VILLIERS LE SEC,2,"ph,tds"
14713,MONTILLIERES-SUR-ORNE,0.2,VALLEE D'HAMARS,2,"ph,tds"
14716,TRUNGY,0.2,SAINT-PAUL,2,"ph,tds"
14719,URVILLE,0.2,SAINT GERMAIN LE VASSON,2,"ph,tds"
14720,USSY,0.2,SUD CALVADOS,2,"ph,tds"
14723,VALSEME,0.2,BONNEBOSQ EN MELANGE,2,"ph,tds"
14724,VARAVILLE,0.1703,ZONE COTIERE,2,"ph,tds"
14732,VAUX-SUR-AURE,0.2,INTERCOM-BAYEUX-OUEST,2,"ph,tds"
14733,VAUX-SUR-SEULLES,0.2,VILLIERS LE SEC,2,"ph,tds"
14734,VENDES,0.1993,LINGEVRES,2,"ph,tds"
14737,VERSAINVILLE,0.2,SUD CALVADOS,2,"ph,tds"
14741,VEY (LE),0.2,SAINT OMER,2,"ph,tds"
14742,VICQUES,0.1999,SUD CALVADOS,2,"ph,tds"
14743,VICTOT-EN-AUGE,0.2,BEAUFOUR DRUVAL,2,"ph,tds"
14744,VIENNE-EN-BESSIN,0.2,VILLIERS LE SEC,2,"ph,tds"
14745,VIERVILLE-SUR-MER,0.2,ASNIERES,2,"ph,tds"
14747,VIEUX,0.2,LOUVIGNY R3,2,"ph,tds"
14748,VIEUX-BOURG,0.2,SAINT BENOIT,2,"ph,tds"
14751,VIGNATS,0.1999,SUD CALVADOS,2,"ph,tds"
14753,VILLERS-CANIVET,0.2,SUD CALVADOS,2,"ph,tds"
14756,VILLETTE (LA),0.2,,2,"ph,tds"
14759,VILLY-LEZ-FALAISE,0.2,SUD CALVADOS,2,"ph,tds"
14761,VIMONT,0.2,ARGENCES,2,"ph,tds"
15010,ARCHES,0.6146,MAURIAC PONS,2,"ph,tds"
15015,AUZERS,0.371,FONT MARILHOU,2,"ph,tds"
15018,BARRIAC-LES-BOSQUETS,0.6499,ALLY - ESCORAILLES-BRAGEAC,2,"ph,tds"
15024,BRAGEAC,0.6504,ALLY - ESCORAILLES-BRAGEAC,2,"ph,tds"
15030,CAYROLS,0.4879,FONTBELLE (BAS CANTON),2,"ph,tds"
15042,CHAPELLE-LAURENT (LA),0.4821,LA BASTIDE-LES ALOUETTES,2,"ph,tds"
15048,CHAZELLES,0.4693,LA BASSIE - LA TUILE,2,"ph,tds"
15053,COLTINES,0.4551,,2,"ph,tds"
15065,ESPINASSE,0.4925,VILLAGE VACANCE CHAUDES - AIGUES,2,"ph,tds"
15072,FREIX-ANGLARDS,0.6934,FREIX ANGLARDS-ST ILLIDE,2,"ph,tds"
15079,JALEYRAC,0.6144,MAURIAC PONS,2,"ph,tds"
15097,LASTIC,0.4508,,2,"ph,tds"
15111,MADIC,0.3693,FONT MARILHOU,2,"ph,tds"
15128,MONSELIE (LA),0.3703,FONT MARILHOU,2,"ph,tds"
15151,PEYRUSSE,0.6607,GRANGEOUNE,2,"ph,tds"
15158,RAGEADE,0.4697,LA BASSIE - LA TUILE,2,"ph,tds"
15166,ROUMEGOUX,0.488,FONTBELLE (BAS CANTON),2,"ph,tds"
15176,SAINT-CHAMANT,0.5585,DE ST PROJET BESSE ST MARTIN CANTALES,2,"ph,tds"
15179,SAINT-CIRGUES-DE-MALBERT,0.5588,DE ST PROJET BESSE ST MARTIN CANTALES,2,"ph,tds"
15184,SAINT-ETIENNE-DE-MAURS,0.5087,ST CONSTANT - ST ETIENNE,2,"ph,tds"
15185,SAINT-ETIENNE-DE-CHOMEIL,0.6403,CHATONNIERE- COURNIL BOURSONNELLES,2,"ph,tds"
15223,SAUVAT,0.371,FONT MARILHOU,2,"ph,tds"
15230,SOURNIAC,0.6138,MAURIAC PONS,2,"ph,tds"
15235,TERNES (LES),0.6339,NEUVEGLISE LES FRAUX,2,"ph,tds"
15238,TOURNEMIRE,0.5045,,2,"ph,tds"
15243,TRIZAC,0.5363,,2,"ph,tds"
15251,VEDRINES-SAINT-LOUP,0.4369,,2,"ph,tds"
15254,VEYRIERES,0.3696,FONT MARILHOU,2,"ph,tds"
15262,VILLEDIEU,0.6345,NEUVEGLISE LES FRAUX,2,"ph,tds"
15269,BESSE,0.5585,DE ST PROJET BESSE ST MARTIN CANTALES,2,"ph,tds"
16001,ABZAC,0.6388,CONFOLENTAIS,2,"ph,tds"
16008,AMBERAC,0.2,AUGE,2,"ph,tds"
16012,ANGEAC-CHAMPAGNE,0.2,ILE MARTEAU SAUR,2,"ph,tds"
16014,ANGEDUC,0.2,FONTCHAUDE,2,"ph,tds"
16016,ANSAC-SUR-VIENNE,0.6394,CONFOLENTAIS,2,"ph,tds"
16018,ARS,0.2,ILE MARTEAU SAUR,2,"ph,tds"
16020,AUBETERRE-SUR-DRONNE,0.2,FONT DU GOUR,2,"ph,tds"
16026,BALZAC,0.1999,COURSAC-ARGENCE,2,"ph,tds"
16027,BARBEZIERES,0.2,VERDILLE,2,"ph,tds"
16029,BARDENAC,0.2,FONT DES ABIMES,2,"ph,tds"
16032,BASSAC,0.2,PRAIRIE DE TRIAC,2,"ph,tds"
16034,BAZAC,0.2,DEVANNES,2,"ph,tds"
16036,BECHERESSE,0.2,MONTMORELIEN,2,"ph,tds"
16037,BELLON,0.2,LE TORD,2,"ph,tds"
16038,BENEST,0.7005,LA VERGNE,2,"ph,tds"
16041,BESSAC,0.2,FONTCHAUDE,2,"ph,tds"
16042,BESSE,0.2,CHARME,2,"ph,tds"
16047,BLANZAGUET-SAINT-CYBARD,0.2,EDON,2,"ph,tds"
16048,BOISBRETEAU,0.2,BOUSSEUIL,2,"ph,tds"
16050,BONNEUIL,0.2,ILE DOMANGE,2,"ph,tds"
16052,BORS-(CANTON-DE-TUDE-ET-LAVALETTE),0.2,LE MAINOT,2,"ph,tds"
16053,BORS-(CANTON-DE-CHARENTE-SUD),0.1723,GRAND FONT,2,"ph,tds"
16054,BOUCHAGE (LE),0.2,VIEUX RUFFEC,2,"ph,tds"
16055,BOUEX,0.2,TOUVRE,2,"ph,tds"
16057,BOUTEVILLE,0.2,ILE DOMANGE,2,"ph,tds"
16059,BRETTES,0.2,MOULIN NEUF VILLEFAGNAN,2,"ph,tds"
16060,BREVILLE,0.1997,FOSSE TIDET,2,"ph,tds"
16063,BRIE-SOUS-CHALAIS,0.2,FONT DES ABIMES,2,"ph,tds"
16065,BRILLAC,0.6394,CONFOLENTAIS,2,"ph,tds"
16069,CELLETTES,0.2,LUXE,2,"ph,tds"
16071,CHABRAC,0.6394,CONFOLENTAIS,2,"ph,tds"
16072,CHADURIE,0.2,RONSENAC,2,"ph,tds"
16075,CHAMPAGNE-VIGNY,0.2,MONTMORELIEN,2,"ph,tds"
16077,CHAMPMILLON,0.2,ILE DOMANGE,2,"ph,tds"
16079,CHANTILLAC,0.1723,GRAND FONT,2,"ph,tds"
16081,CHAPELLE (LA),0.2,AUGE,2,"ph,tds"
16083,CHARME,0.2,CHARME,2,"ph,tds"
16084,CHARRAS,0.2,PETIT BREUIL,2,"ph,tds"
16086,CHASSENON,0.8187,LA SECHERE,2,"ph,tds"
16087,CHASSIECQ,0.2,PARZAC,2,"ph,tds"
16088,CHASSORS,0.2,PRAIRIE DE TRIAC,2,"ph,tds"
16091,CHATIGNAC,0.2,MONTMORELIEN,2,"ph,tds"
16095,CHENON,0.1993,MOUVIERE,2,"ph,tds"
16098,CHEVRERIE (LA),0.2,MOUVIERE/ROCHE,2,"ph,tds"
16101,CLAIX,0.2,TURONIEN,2,"ph,tds"
16103,COMBIERS,0.2,EDON,2,"ph,tds"
16104,CONDAC,0.2,VAL DE ROCHE,2,"ph,tds"
16108,COULONGES,0.2,AUGE,2,"ph,tds"
16111,COURGEAC,0.2,MONTMORELIEN,2,"ph,tds"
16112,COURLAC,0.2,LE TORD,2,"ph,tds"
16114,COUTURE,0.2,MOUVIERE,2,"ph,tds"
16117,CURAC,0.2,FONT DES ABIMES,2,"ph,tds"
16120,DIRAC,0.2,TOUVRE,2,"ph,tds"
16121,DOUZAT,0.2,NOUERE,2,"ph,tds"
16122,EBREON,0.2,CHARME,2,"ph,tds"
16123,ECHALLAT,0.2,NOUERE,2,"ph,tds"
16127,EMPURE,0.2,MOULIN NEUF VILLEFAGNAN,2,"ph,tds"
16128,EPENEDE,0.2,TRANSON,2,"ph,tds"
16130,ESSARDS (LES),0.1999,,2,"ph,tds"
16131,ESSE,0.6391,CONFOLENTAIS,2,"ph,tds"
16132,ETAGNAC,0.6394,CONFOLENTAIS,2,"ph,tds"
16135,EYMOUTHIERS,0.1998,FONTGRIVE,2,"ph,tds"
16139,FLEURAC,0.2,PRAIRIE DE TRIAC,2,"ph,tds"
16141,FONTENILLE,0.1998,MOUVIERE,2,"ph,tds"
16142,FORET-DE-TESSE (LA),0.2,MOULIN NEUF VILLEFAGNAN,2,"ph,tds"
16145,FOUSSIGNAC,0.2,PRAIRIE DE TRIAC,2,"ph,tds"
16146,GARAT,0.2,TOUVRE,2,"ph,tds"
16155,GOURS (LES),0.1997,VERDILLE,2,"ph,tds"
16157,GRAND-MADIEU (LE),0.2,PARZAC,2,"ph,tds"
16162,GURAT,0.2,,2,"ph,tds"
16168,JAULDES,0.2,BRIE / CHAMARANDE,2,"ph,tds"
16171,JUILLAC-LE-COQ,0.2,PUYROLLAND,2,"ph,tds"
16173,JUILLE,0.2,MOUVIERE,2,"ph,tds"
16174,JULIENNE,0.2,PUYROLLAND,2,"ph,tds"
16176,LACHAISE,0.1723,GRAND FONT,2,"ph,tds"
16177,LADIVILLE,0.2,FONTCHAUDE,2,"ph,tds"
16178,LAGARDE-SUR-LE-NE,0.1723,GRAND FONT,2,"ph,tds"
16181,LESSAC,0.6394,CONFOLENTAIS,2,"ph,tds"
16182,LESTERPS,0.6394,CONFOLENTAIS,2,"ph,tds"
16184,LICHERES,0.2,MOUVIERE,2,"ph,tds"
16185,LIGNE,0.2,CHARME,2,"ph,tds"
16188,LINDOIS (LE),0.8315,LA SECHERE,2,"ph,tds"
16190,LONGRE,0.1993,MOULIN NEUF VILLEFAGNAN,2,"ph,tds"
16191,LONNES,0.2,MOUVIERE,2,"ph,tds"
16199,MAGNAC-SUR-TOUVRE,0.2,TOUVRE,2,"ph,tds"
16200,MAINE-DE-BOIXE,0.2,MOUVIERE,2,"ph,tds"
16203,MAINZAC,0.2,PETIT BREUIL,2,"ph,tds"
16204,BELLEVIGNE,0.1999,ILE DOMANGE,2,"ph,tds"
16205,MANOT,0.6391,CONFOLENTAIS,2,"ph,tds"
16206,MANSLE-LES-FONTAINES,0.2,MOUVIERE,2,"ph,tds"
16212,MASSIGNAC,0.8111,LA SECHERE,2,"ph,tds"
16213,MAZEROLLES,0.2547,SUAUX,2,"ph,tds"
16215,MEDILLAC,0.2,FONT DES ABIMES,2,"ph,tds"
16218,MESNAC,0.2,FOSSE TIDET,2,"ph,tds"
16221,MONS,0.2,PONT ROUX,2,"ph,tds"
16225,MONTEMBOEUF,0.2,SUAUX,2,"ph,tds"
16231,MONTROLLET,0.6394,CONFOLENTAIS,2,"ph,tds"
16232,MORNAC,0.1998,TOUVRE,2,"ph,tds"
16233,MOSNAC-SAINT-SIMEUX,0.2,ILE DOMANGE,2,"ph,tds"
16237,MOUTON,0.2,MOUVIERE,2,"ph,tds"
16239,MOUZON,0.8321,LA SECHERE,2,"ph,tds"
16240,NABINAUD,0.2,FONT DU GOUR,2,"ph,tds"
16241,NANCLARS,0.2,PUYREAUX,2,"ph,tds"
16245,NIEUIL,0.1999,SAINT CLAUD,2,"ph,tds"
16246,NONAC,0.2,MONTMORELIEN,2,"ph,tds"
16248,ORADOUR,0.2,VERDILLE,2,"ph,tds"
16250,ORGEDEUIL,0.2,SUAUX,2,"ph,tds"
16251,ORIOLLES,0.2,BOUSSEUIL,2,"ph,tds"
16253,PAIZAY-NAUDOUIN-EMBOURIE,0.1997,MOULIN NEUF VILLEFAGNAN,2,"ph,tds"
16256,PASSIRAC,0.2,BOUSSEUIL,2,"ph,tds"
16258,PERIGNAC,0.2,MONTMORELIEN,2,"ph,tds"
16260,PILLAC,0.1997,LE MAINOT,2,"ph,tds"
16263,PLASSAC-ROUFFIAC,0.2,TURONIEN,2,"ph,tds"
16267,POULLIGNAC,0.2,MONTMORELIEN,2,"ph,tds"
16273,RAIX,0.2,MOULIN NEUF VILLEFAGNAN,2,"ph,tds"
16275,RANVILLE-BREUILLAUD,0.2,VERDILLE,2,"ph,tds"
16276,REIGNAC,0.1723,GRAND FONT,2,"ph,tds"
16279,RIOUX-MARTIN,0.2,FONT DES ABIMES,2,"ph,tds"
16284,ROUFFIAC,0.2,LE TORD,2,"ph,tds"
16290,ROUZEDE,0.2,SUAUX,2,"ph,tds"
16291,RUELLE-SUR-TOUVRE,0.1998,TOUVRE,2,"ph,tds"
16293,SAINT-ADJUTORY,0.1997,SUAUX,2,"ph,tds"
16297,GRAVES-SAINT-AMANT,0.2,ILE DOMANGE,2,"ph,tds"
16298,SAINT-AMANT-DE-NOUERE,0.2,NOUERE,2,"ph,tds"
16300,VAL-DE-BONNIEURE,0.2,PUYREAUX,2,"ph,tds"
16301,SAINT-AULAIS-LA-CHAPELLE,0.2,FONTCHAUDE,2,"ph,tds"
16303,SAINT-BONNET,0.2,FONTCHAUDE,2,"ph,tds"
16310,SAINT-COUTANT,0.6999,LA VERGNE,2,"ph,tds"
16315,SAINT-FELIX,0.2,MONTMORELIEN,2,"ph,tds"
16316,SAINT-FORT-SUR-LE-NE,0.2,ILE MARTEAU SAUR,2,"ph,tds"
16318,SAINT-FRONT,0.2,MOUVIERE,2,"ph,tds"
16320,SAINT-GENIS-D'HIERSAC,0.2,NOUERE,2,"ph,tds"
16321,SAINT-GEORGES,0.2,MOUVIERE,2,"ph,tds"
16329,SAINT-LAURENT-DE-CERIS,0.2,SAINT CLAUD,2,"ph,tds"
16334,SAINT-MARTIAL,0.2,MONTMORELIEN,2,"ph,tds"
16335,SAINT-MARTIN-DU-CLOCHER,0.2,MOUVIERE/ROCHE,2,"ph,tds"
16336,SAINT-MARY,0.2,FONT ST AUBIN,2,"ph,tds"
16338,SAINT-MEDARD,0.2,FONTCHAUDE,2,"ph,tds"
16340,SAINT-MEME-LES-CARRIERES,0.1997,PUYROLLAND,2,"ph,tds"
16341,SAINT-MICHEL,0.2,TOUVRE,2,"ph,tds"
16343,SAINT-PREUIL,0.2,PUYROLLAND,2,"ph,tds"
16345,SAINT-QUENTIN-SUR-CHARENTE,0.8321,LA SECHERE,2,"ph,tds"
16346,SAINT-QUENTIN-DE-CHALAIS,0.2,LE TORD,2,"ph,tds"
16348,SAINT-SATURNIN,0.2,TOUVRE,2,"ph,tds"
16352,SAINT-SIMON,0.2,ILE DOMANGE,2,"ph,tds"
16354,SAINTE-SOULINE,0.2,MONTMORELIEN,2,"ph,tds"
16356,SAINT-SULPICE-DE-RUFFEC,0.2,MOUVIERE,2,"ph,tds"
16357,SAINT-VALLIER,0.2,BOUSSEUIL,2,"ph,tds"
16360,SALLES-DE-BARBEZIEUX,0.2,,2,"ph,tds"
16363,SAULGOND,0.6394,CONFOLENTAIS,2,"ph,tds"
16364,SAUVAGNAC,0.8227,LA SECHERE,2,"ph,tds"
16368,SERS,0.2,TOUVRE,2,"ph,tds"
16372,SOUFFRIGNAC,0.2,PETIT BREUIL,2,"ph,tds"
16377,TACHE (LA),0.199,FONT ST AUBIN,2,"ph,tds"
16378,TAIZE-AIZIE,0.2,BIOUSSAC,2,"ph,tds"
16379,TAPONNAT-FLEURIGNAC,0.2,FONT ST AUBIN,2,"ph,tds"
16380,TATRE (LE),0.1723,GRAND FONT,2,"ph,tds"
16381,THEIL-RABIER,0.2,MOULIN NEUF VILLEFAGNAN,2,"ph,tds"
16382,TORSAC,0.2,TOUVRE,2,"ph,tds"
16383,TOURRIERS,0.1998,PUYREAUX,2,"ph,tds"
16384,TOUVERAC,0.1723,GRAND FONT,2,"ph,tds"
16388,TROIS-PALIS,0.2,TOUVRE,2,"ph,tds"
16389,TURGON,0.2,PARZAC,2,"ph,tds"
16390,TUSSON,0.2,CHARME,2,"ph,tds"
16394,VAUX-LAVALETTE,0.2,LE MAINOT,2,"ph,tds"
16396,VENTOUSE,0.2,MOUVIERE,2,"ph,tds"
16398,VERNEUIL,0.8321,LA SECHERE,2,"ph,tds"
16399,VERRIERES,0.2,ILE MARTEAU SAUR,2,"ph,tds"
16401,VERVANT,0.2,AUGE,2,"ph,tds"
16402,VIBRAC,0.2,ILE DOMANGE,2,"ph,tds"
16403,VIEUX-CERIER (LE),0.7005,LA VERGNE,2,"ph,tds"
16405,VIGNOLLES,0.2,FONTCHAUDE,2,"ph,tds"
16406,MOULINS-SUR-TARDOIRE,0.2,PETIT BREUIL,2,"ph,tds"
16412,VILLEJOUBERT,0.2,PUYREAUX,2,"ph,tds"
16413,VILLIERS-LE-ROUX,0.2,MOUVIERE/ROCHE,2,"ph,tds"
16414,VILLOGNON,0.2,LUXE,2,"ph,tds"
16416,VITRAC-SAINT-VINCENT,0.3026,SUAUX,2,"ph,tds"
16418,VOEUIL-ET-GIGET,0.2,TURONIEN,2,"ph,tds"
16420,VOULGEZAC,0.2,MONTMORELIEN,2,"ph,tds"
17005,ALLAS-BOCAGE,0.2,R. DES COTEAUX DE GIRONDE,2,"ph,tds"
17012,ANNEZAY,0.2,R. D'ANNEZAY-MURON,2,"ph,tds"
17023,AUJAC,0.2,R. DE MATHA-MIGRON,2,"ph,tds"
17026,AUTHON-EBEON,0.2,R. DE MATHA-MIGRON,2,"ph,tds"
17027,AVY,0.1996,R. D'AVY-CHADENAC,2,"ph,tds"
17030,BALANZAC,0.1996,R. DE LA CLISSE,2,"ph,tds"
17038,BEDENAC,0.2,,2,"ph,tds"
17047,BIRON,0.2,R. D'AVY-CHADENAC,2,"ph,tds"
17049,BLANZAY-SUR-BOUTONNE,0.1993,R. DE DAMPIERRE-SUR-BOUTONNE,2,"ph,tds"
17050,BOIS,0.2,R. DE PRADELLE-CHAMPAGNOLLES,2,"ph,tds"
17057,BOUHET,0.2,R. DE ST-SAUVEUR,2,"ph,tds"
17061,BRAN,0.2,R. DE ST-MEDARD-LEOVILLE,2,"ph,tds"
17081,CHAMOUILLAC,0.2,R. DE COURPIGNAC,2,"ph,tds"
17096,CHAUNAC,0.2,R. DE ST-MEDARD-LEOVILLE,2,"ph,tds"
17104,CHEVANCEAUX,0.1994,,2,"ph,tds"
17105,CHIVES,0.1991,R. DE CHIVES,2,"ph,tds"
17110,CLERAC,0.2,R. DE BEDENAC-CLERAC-BOSCAMNANT,2,"ph,tds"
17115,COLOMBIERS,0.2,R. DE LA JARD,2,"ph,tds"
17117,CONTRE,0.2,R. DE ST-MANDE-PAILLE-GIBOURNE,2,"ph,tds"
17124,COURANT,0.2,R. DE BERNAY-LA VERGNE,2,"ph,tds"
17130,COUX,0.1998,R. DE COUX-ST-SIMON,2,"ph,tds"
17131,COZES,0.2,R. DE CHENAC,2,"ph,tds"
17135,CRESSE,0.2,R. DE MATHA-MIGRON,2,"ph,tds"
17137,CROIX-COMTESSE (LA),0.1998,R. DE LOULAY-LA JARRIE-AUDOUIN,2,"ph,tds"
17141,DOMPIERRE-SUR-CHARENTE,0.2,R. SUD DE CHANIERS,2,"ph,tds"
17152,EPARGNES,0.2,R. DE CHENAC,2,"ph,tds"
17155,ETAULES,0.2,R. DES RIVES DE LA SEUDRE,2,"ph,tds"
17156,EXPIREMONT,0.2,R. DE COUX-ST-SIMON,2,"ph,tds"
17159,FLEAC-SUR-SEUGNE,0.1914,R. DE CLION-SUR-SEUGNE,2,"ph,tds"
17175,GERMIGNAC,0.1998,R. D'ARCHIAC-JARNAC,2,"ph,tds"
17177,GICQ (LE),0.2,R. DE MATHA-MIGRON,2,"ph,tds"
17178,GIVREZAC,0.2,R. DE PRADELLE-CHAMPAGNOLLES,2,"ph,tds"
17181,GRANDJEAN,0.2,R. DE MAZERAY-LES NOUILLERS,2,"ph,tds"
17183,GREZAC,0.2,R. DE CHENAC,2,"ph,tds"
17187,GUITINIERES,0.1914,R. DE CLION-SUR-SEUGNE,2,"ph,tds"
17188,HAIMPS,0.2,R. DE MATHA-MIGRON,2,"ph,tds"
17191,JARD (LA),0.2,R. DE LA JARD,2,"ph,tds"
17196,JAZENNES,0.2,R. DE LA JARD,2,"ph,tds"
17199,JUSSAS,0.2,R. DE COUX-ST-SIMON,2,"ph,tds"
17202,LANDES,0.2,R. DE BERNAY-LA VERGNE,2,"ph,tds"
17206,LOIRE-SUR-NIE,0.1998,R. DE NERE-SEIGNE,2,"ph,tds"
17209,LONZAC,0.1996,R. D'ARCHIAC-JARNAC,2,"ph,tds"
17211,LOULAY,0.2,R. DE LOULAY-LA JARRIE-AUDOUIN,2,"ph,tds"
17215,LUSSAC,0.1914,R. DE CLION-SUR-SEUGNE,2,"ph,tds"
17221,MARSAIS,0.2,R. DE ST-SATURNIN-MIGRE,2,"ph,tds"
17223,MASSAC,0.2,R. DE MATHA-MIGRON,2,"ph,tds"
17227,MAZEROLLES,0.2,R. DE PRADELLE-CHAMPAGNOLLES,2,"ph,tds"
17229,MERIGNAC,0.2,R. DE MONTLIEU-MONTGUYON,2,"ph,tds"
17230,MESCHERS-SUR-GIRONDE,0.2,R. DE CHENAC,2,"ph,tds"
17232,MEURSAC,0.2,R. DE MONTPELLIER-RETAUD,2,"ph,tds"
17233,MEUX,0.2,R. DE REAUX-ARTHENAC,2,"ph,tds"
17243,MONTLIEU-LA-GARDE,0.2,R. DE MONTLIEU-MONTGUYON,2,"ph,tds"
17248,MORTAGNE-SUR-GIRONDE,0.2,R. DE CHENAC,2,"ph,tds"
17260,NEUVICQ,0.2,R. DE MONTLIEU-MONTGUYON,2,"ph,tds"
17266,NOUILLERS (LES),0.1996,R. DE MAZERAY-LES NOUILLERS,2,"ph,tds"
17269,ORIGNOLLES,0.2,R. DE MONTLIEU-MONTGUYON,2,"ph,tds"
17275,PESSINES,0.2,R. DE LA CLISSE,2,"ph,tds"
17276,PIN (LE),0.2,R. DE MONTLIEU-MONTGUYON,2,"ph,tds"
17278,PISANY,0.1993,R. DE LA CLISSE,2,"ph,tds"
17281,POLIGNAC,0.2,R. DE MONTLIEU-MONTGUYON,2,"ph,tds"
17287,POUILLAC,0.2,R. DE MONTLIEU-MONTGUYON,2,"ph,tds"
17288,POURSAY-GARNAUD,0.2,R. DE ST-JULIEN,2,"ph,tds"
17289,PREGUILLAC,0.2,R. DE LA JARD,2,"ph,tds"
17290,PRIGNAC,0.2,R. DE MATHA-MIGRON,2,"ph,tds"
17292,PUY-DU-LAC,0.2,R. DE BORDS-CABARIOT,2,"ph,tds"
17296,RETAUD,0.2,R. DE MONTPELLIER-RETAUD,2,"ph,tds"
17304,ROUFFIAC,0.2,R. SUD DE CHANIERS,2,"ph,tds"
17307,SABLONCEAUX,0.2,R. DE LA CLISSE,2,"ph,tds"
17316,SAINT-CIERS-CHAMPAGNE,0.1996,R. DE ST-MEDARD-LEOVILLE,2,"ph,tds"
17320,SAINT-COUTANT-LE-GRAND,0.2,R. DE BORDS-CABARIOT,2,"ph,tds"
17324,SAINT-DIZANT-DU-BOIS,0.2,R. DES COTEAUX DE GIRONDE,2,"ph,tds"
17327,SAINT-FELIX,0.2,R. DE ST-SATURNIN-MIGRE,2,"ph,tds"
17330,SAINTE-GEMME,0.2,R. DE CHAMPAGNE-LE GUA,2,"ph,tds"
17341,SAINT-GERMAIN-DE-VIBRAC,0.2,R. DE ST-MEDARD-LEOVILLE,2,"ph,tds"
17343,SAINT-GREGOIRE-D'ARDENNES,0.1905,R. DE CLION-SUR-SEUGNE,2,"ph,tds"
17345,SAINT-HILAIRE-DU-BOIS,0.0993,R. DE CLION-SUR-SEUGNE,2,"ph,tds"
17354,SAINT-LEGER,0.2,R. DE LA JARD,2,"ph,tds"
17358,SAINT-MANDE-SUR-BREDOIRE,0.2,R. DE ST-MANDE-PAILLE-GIBOURNE,2,"ph,tds"
17362,SAINT-MARTIAL-DE-MIRAMBEAU,0.1994,R. DES COTEAUX DE GIRONDE,2,"ph,tds"
17365,SAINT-MARTIN-D'ARY,0.2,R. DE MONTLIEU-MONTGUYON,2,"ph,tds"
17374,SAINTE-MEME,0.2,R. D'ASNIERES-ST-DENIS,2,"ph,tds"
17375,SAINT-NAZAIRE-SUR-CHARENTE,0.2,R. ESTUAIRE DE LA CHARENTE,2,"ph,tds"
17377,SAINT-OUEN-LA-THENE,0.1993,R. DE BEAUVAIS-BRESDON,2,"ph,tds"
17379,SAINT-PALAIS-DE-PHIOLIN,0.2,R. DE PRADELLE-CHAMPAGNOLLES,2,"ph,tds"
17382,SAINT-PIERRE-D'AMILLY,0.2,R. DE ST-SATURNIN-MIGRE,2,"ph,tds"
17384,SAINT-PIERRE-DE-L'ISLE,0.2,R. DE DAMPIERRE-SUR-BOUTONNE,2,"ph,tds"
17386,SAINT-PIERRE-DU-PALAIS,0.2,R. DE BEDENAC-CLERAC-BOSCAMNANT,2,"ph,tds"
17398,SAINT-SEURIN-DE-PALENNE,0.2,R. DE LA JARD,2,"ph,tds"
17401,SAINT-SEVERIN-SUR-BOUTONNE,0.2,R. DE DAMPIERRE-SUR-BOUTONNE,2,"ph,tds"
17402,SAINT-SIGISMOND-DE-CLERMONT,0.1914,R. DE CLION-SUR-SEUGNE,2,"ph,tds"
17403,SAINT-SIMON-DE-BORDES,0.2,R. DE COUX-ST-SIMON,2,"ph,tds"
17405,SAINT-SORLIN-DE-CONAC,0.2,R. DES COTEAUX DE GIRONDE,2,"ph,tds"
17422,SEIGNE,0.1996,R. DE NERE-SEIGNE,2,"ph,tds"
17423,SEMILLAC,0.2,R. DES COTEAUX DE GIRONDE,2,"ph,tds"
17424,SEMOUSSAC,0.2,R. DES COTEAUX DE GIRONDE,2,"ph,tds"
17426,SEURE (LE),0.2,R. DE MATHA-MIGRON,2,"ph,tds"
17431,SOULIGNONNE,0.1991,R. DE LA CLISSE,2,"ph,tds"
17433,SOUSMOULINS,0.2,R. DE COUX-ST-SIMON,2,"ph,tds"
17435,TAILLANT,0.2,R. DE MAZERAY-LES NOUILLERS,2,"ph,tds"
17437,TALMONT-SUR-GIRONDE,0.2,R. DE CHENAC,2,"ph,tds"
17440,TERNANT,0.2,R. DE MAZERAY-LES NOUILLERS,2,"ph,tds"
17441,TESSON,0.2,R. DE LA JARD,2,"ph,tds"
17442,THAIMS,0.2,R. DE MONTPELLIER-RETAUD,2,"ph,tds"
17444,THENAC,0.2,R. DE LA JARD,2,"ph,tds"
17445,THEZAC,0.1998,R. DE MONTPELLIER-RETAUD,2,"ph,tds"
17451,TOUCHES-DE-PERIGNY (LES),0.2,R. DE MATHA-MIGRON,2,"ph,tds"
17454,TUGERAS-SAINT-MAURICE,0.2,R. DE COUX-ST-SIMON,2,"ph,tds"
17458,VANZAC,0.2,R. DE ST-MEDARD-LEOVILLE,2,"ph,tds"
17459,VARAIZE,0.1996,R. DE ST-JULIEN,2,"ph,tds"
17464,VERGNE,0.1998,R. DE LOULAY-LA JARRIE-AUDOUIN,2,"ph,tds"
17465,VERGNE (LA),0.2,R. DE BERNAY-LA VERGNE,2,"ph,tds"
17467,VERVANT,0.2,R. DE ST-JULIEN,2,"ph,tds"
17468,VIBRAC,0.2,R. DE ST-MEDARD-LEOVILLE,2,"ph,tds"
17469,VILLARS-EN-PONS,0.2,R. DE LA JARD,2,"ph,tds"
17470,VILLARS-LES-BOIS,0.2,R. DE ST-SAUVANT-VILLARS,2,"ph,tds"
17471,VILLEDIEU (LA),0.2,R. DE ST-MANDE-PAILLE-GIBOURNE,2,"ph,tds"
17473,VILLEMORIN,0.2,R. DE ST-MANDE-PAILLE-GIBOURNE,2,"ph,tds"
17478,VINAX,0.2,R. DE ST-MANDE-PAILLE-GIBOURNE,2,"ph,tds"
17481,VOISSAY,0.2,R. DE MAZERAY-LES NOUILLERS,2,"ph,tds"
18003,AIX-D'ANGILLON (LES),0.2,SMIRNE CCTHB,2,"ph,tds"
18020,BANNAY,0.2,S.AEP VAL DE LOIRE/PAYS FORT,2,"ph,tds"
18029,BESSAIS-LE-FROMENTAL,0.5874,S.AEP DE LA VALLEE DE GERMIGNY,2,"ph,tds"
18034,BOUZAIS,0.2,DREVANT,2,"ph,tds"
18038,BRUERE-ALLICHAMPS,0.1867,LA FONTAINE SAINT CLAIR,2,"ph,tds"
18041,CELETTE (LA),0.5288,S.AEP DE LA MARCHE ET BOISCHAU,2,"ph,tds"
18046,CHAMBON,0.5288,S.AEP DE LA MARCHE ET BOISCHAU,2,"ph,tds"
18048,CHAPELLE-HUGON (LA),0.5874,S.AEP DE LA VALLEE DE GERMIGNY,2,"ph,tds"
18049,CHAPELLE-MONTLINARD (LA),0.2094,S.AEP DE SANCERGUES (ST LEGER),2,"ph,tds"
18051,CHAPELOTTE (LA),0.2,S.AEP VAL DE LOIRE/PAYS FORT,2,"ph,tds"
18053,CHARENTONNAY,0.2094,S.AEP DE SANCERGUES (ST LEGER),2,"ph,tds"
18057,CHATEAUMEILLANT,0.5288,S.AEP DE LA MARCHE ET BOISCHAU,2,"ph,tds"
18059,CHATELET (LE),0.5288,S.AEP DE LA MARCHE ET BOISCHAU,2,"ph,tds"
18068,COGNY,0.2,SMAEP DE NERONDES (BODAIZE),2,"ph,tds"
18072,CORNUSSE,0.2,SMAEP DE NERONDES (BODAIZE),2,"ph,tds"
18080,CROISY,0.2,SMAEP DE NERONDES (BODAIZE),2,"ph,tds"
18083,CULAN,0.5288,S.AEP DE LA MARCHE ET BOISCHAU,2,"ph,tds"
18084,DAMPIERRE-EN-CROT,0.2,S.AEP VAL DE LOIRE/PAYS FORT,2,"ph,tds"
18091,FARGES-ALLICHAMPS,0.1867,LA FONTAINE SAINT CLAIR,2,"ph,tds"
18093,FAVERDINES,0.5288,S.AEP DE LA MARCHE ET BOISCHAU,2,"ph,tds"
18095,FLAVIGNY,0.2,SMAEP DE NERONDES (BODAIZE),2,"ph,tds"
18101,GERMIGNY-L'EXEMPT,0.5874,S.AEP DE LA VALLEE DE GERMIGNY,2,"ph,tds"
18102,GIVARDON,0.5874,S.AEP DE LA VALLEE DE GERMIGNY,2,"ph,tds"
18104,GROISES,0.2,S.AEP DE SANCERGUES (MELANGE),2,"ph,tds"
18106,GROSSOUVRE,0.5874,S.AEP DE LA VALLEE DE GERMIGNY,2,"ph,tds"
18107,GROUTTE (LA),0.1982,DREVANT,2,"ph,tds"
18112,IDS-SAINT-ROCH,0.5288,S.AEP DE LA MARCHE ET BOISCHAU,2,"ph,tds"
18113,IGNOL,0.2,SMAEP DE NERONDES (BODAIZE),2,"ph,tds"
18114,INEUIL,0.5288,S.AEP DE LA MARCHE ET BOISCHAU,2,"ph,tds"
18117,JARS,0.2,S.AEP VAL DE LOIRE/PAYS FORT,2,"ph,tds"
18121,LANTAN,0.2,SMAEP DE NERONDES (BODAIZE),2,"ph,tds"
18126,LEVET,0.2,SMEACL (PONT DU CHER),2,"ph,tds"
18132,LUGNY-CHAMPAGNE,0.2094,S.AEP DE SANCERGUES (ST LEGER),2,"ph,tds"
18139,MARSEILLES-LES-AUBIGNY,0.2094,S.AEP DE SANCERGUES (ST LEGER),2,"ph,tds"
18142,MEILLANT,0.1867,LA FONTAINE SAINT CLAIR,2,"ph,tds"
18143,MENETOU-COUTURE,0.7034,SMAEP DE NERONDES (SMERSE),2,"ph,tds"
18145,MENETOU-SALON,0.2,SMIRNE CCTHB,2,"ph,tds"
18152,MONTLOUIS,0.5288,S.AEP DE LA MARCHE ET BOISCHAU,2,"ph,tds"
18153,MORLAC,0.5288,S.AEP DE LA MARCHE ET BOISCHAU,2,"ph,tds"
18154,MORNAY-BERRY,0.7034,SMAEP DE NERONDES (SMERSE),2,"ph,tds"
18155,MORNAY-SUR-ALLIER,0.5874,S.AEP DE LA VALLEE DE GERMIGNY,2,"ph,tds"
18156,MOROGUES,0.2,SMIRNE CCTHB,2,"ph,tds"
18158,MOULINS-SUR-YEVRE,0.2,SMIRNE CCTHB,2,"ph,tds"
18160,NERONDES,0.2,SMAEP DE NERONDES (BODAIZE),2,"ph,tds"
18161,NEUILLY-EN-DUN,0.5874,S.AEP DE LA VALLEE DE GERMIGNY,2,"ph,tds"
18164,NEUVY-LE-BARROIS,0.5389,,2,"ph,tds"
18168,NOYER (LE),0.2,S.AEP VAL DE LOIRE/PAYS FORT,2,"ph,tds"
18169,NOZIERES,0.5288,S.AEP DE LA MARCHE ET BOISCHAU,2,"ph,tds"
18170,OIZON,0.2,S.AEP DE BARLIEU,2,"ph,tds"
18171,ORCENAIS,0.5268,S.AEP DE LA MARCHE ET BOISCHAU,2,"ph,tds"
18173,OSMERY,0.2,SMAEP DE NERONDES (BODAIZE),2,"ph,tds"
18175,OUROUER-LES-BOURDELINS,0.2,,2,"ph,tds"
18179,PIGNY,0.2,SMIRNE CCTHB,2,"ph,tds"
18180,PLAIMPIED-GIVAUDINS,0.2,COMMUNES CAB ALIMENTEES/LAPAN,2,"ph,tds"
18183,PONDY (LE),0.5874,S.AEP DE LA VALLEE DE GERMIGNY,2,"ph,tds"
18184,PRECY,0.2094,S.AEP DE SANCERGUES (ST LEGER),2,"ph,tds"
18189,QUANTILLY,0.2,SMIRNE CCTHB,2,"ph,tds"
18191,RAYMOND,0.7034,SMAEP DE NERONDES (SMERSE),2,"ph,tds"
18192,REIGNY,0.5288,S.AEP DE LA MARCHE ET BOISCHAU,2,"ph,tds"
18193,REZAY,0.5288,S.AEP DE LA MARCHE ET BOISCHAU,2,"ph,tds"
18195,SAGONNE,0.5874,S.AEP DE LA VALLEE DE GERMIGNY,2,"ph,tds"
18196,SAINT-AIGNAN-DES-NOYERS,0.5874,S.AEP DE LA VALLEE DE GERMIGNY,2,"ph,tds"
18200,SAINT-BOUIZE,0.2,S.AEP DE MENETREOL SOUS SANCER,2,"ph,tds"
18202,SAINT-CEOLS,0.2,MÉLANGE RIAUX-RENARD+SMIRNE,2,"ph,tds"
18203,SAINT-CHRISTOPHE-LE-CHAUDRY,0.5288,S.AEP DE LA MARCHE ET BOISCHAU,2,"ph,tds"
18204,SAINT-DENIS-DE-PALIN,0.2,SMEACL (PONT DU CHER),2,"ph,tds"
18208,SAINTE-GEMME-EN-SANCERROIS,0.2,S.AEP VAL DE LOIRE/PAYS FORT,2,"ph,tds"
18210,SAINT-GEORGES-SUR-LA-PREE,0.2,GENOUILLY,2,"ph,tds"
18215,SAINT-HILAIRE-DE-GONDILLY,0.7034,SMAEP DE NERONDES (SMERSE),2,"ph,tds"
18216,SAINT-HILAIRE-EN-LIGNIERES,0.2,SIAEP DE LIGNIERES,2,"ph,tds"
18217,SAINT-JEANVRIN,0.5288,S.AEP DE LA MARCHE ET BOISCHAU,2,"ph,tds"
18218,SAINT-JUST,0.2,COMMUNES CAB ALIMENTEES/LAPAN,2,"ph,tds"
18219,SAINT-LAURENT,0.1701,S.AEP DE VIGNOUX SUR BARANGEON,2,"ph,tds"
18220,SAINT-LEGER-LE-PETIT,0.2094,S.AEP DE SANCERGUES (ST LEGER),2,"ph,tds"
18223,SAINT-MARTIN-D'AUXIGNY,0.2,SMIRNE CCTHB,2,"ph,tds"
18224,SAINT-MARTIN-DES-CHAMPS,0.2094,S.AEP DE SANCERGUES (ST LEGER),2,"ph,tds"
18227,SAINTE-MONTAINE,0.7692,,2,"ph,tds"
18229,SAINT-PALAIS,0.2,SMIRNE CCTHB,2,"ph,tds"
18230,SAINT-PIERRE-LES-BOIS,0.5288,S.AEP DE LA MARCHE ET BOISCHAU,2,"ph,tds"
18231,SAINT-PIERRE-LES-ETIEUX,0.2,S.AEP DE CHARENTON DU CHER,2,"ph,tds"
18232,SAINT-PRIEST-LA-MARCHE,0.5288,S.AEP DE LA MARCHE ET BOISCHAU,2,"ph,tds"
18234,SAINT-SATURNIN,0.5288,S.AEP DE LA MARCHE ET BOISCHAU,2,"ph,tds"
18236,SAINT-SYMPHORIEN,0.5288,S.AEP DE LA MARCHE ET BOISCHAU,2,"ph,tds"
18242,SANCOINS,0.5854,S.AEP DE LA VALLEE DE GERMIGNY,2,"ph,tds"
18243,SANTRANGES,0.2,S.AEP VAL DE LOIRE/PAYS FORT,2,"ph,tds"
18245,SAULZAIS-LE-POTIER,0.5288,S.AEP DE LA MARCHE ET BOISCHAU,2,"ph,tds"
18246,SAVIGNY-EN-SANCERRE,0.2,S.AEP VAL DE LOIRE/PAYS FORT,2,"ph,tds"
18247,SAVIGNY-EN-SEPTAINE,0.2,S.AEP DE FARGES EN SEPTAINE,2,"ph,tds"
18248,SENNECAY,0.2,SMEACL (PONT DU CHER),2,"ph,tds"
18251,SEVRY,0.7034,SMAEP DE NERONDES (SMERSE),2,"ph,tds"
18254,SOYE-EN-SEPTAINE,0.2,SMEACL (PONT DU CHER),2,"ph,tds"
18255,SUBDRAY (LE),0.2,COMMUNES CAB ALIMENTEES/LAPAN,2,"ph,tds"
18256,SUBLIGNY,0.2,S.AEP VAL DE LOIRE/PAYS FORT,2,"ph,tds"
18257,SURY-PRES-LERE,0.2,S.AEP VAL DE LOIRE/PAYS FORT,2,"ph,tds"
18259,SURY-ES-BOIS,0.2,S.AEP VAL DE LOIRE/PAYS FORT,2,"ph,tds"
18261,THAUMIERS,0.5874,S.AEP DE LA VALLEE DE GERMIGNY,2,"ph,tds"
18262,THAUVENAY,0.2,,2,"ph,tds"
18266,TOUCHAY,0.5288,S.AEP DE LA MARCHE ET BOISCHAU,2,"ph,tds"
18271,VASSELAY,0.2,SMIRNE CCTHB,2,"ph,tds"
18275,VEREAUX,0.5874,S.AEP DE LA VALLEE DE GERMIGNY,2,"ph,tds"
18278,VESDUN,0.5288,S.AEP DE LA MARCHE ET BOISCHAU,2,"ph,tds"
18280,VIGNOUX-SOUS-LES-AIX,0.2,SMIRNE CCTHB,2,"ph,tds"
18282,VILLABON,0.2,S.AEP DE FARGES EN SEPTAINE,2,"ph,tds"
18283,VILLECELIN,0.2,SIAEP DE LIGNIERES,2,"ph,tds"
18287,VINON,0.2,S.AEP DE SANCERGUES (MELANGE),2,"ph,tds"
18290,VOUZERON,0.1701,S.AEP DE VIGNOUX SUR BARANGEON,2,"ph,tds"
19003,ALBIGNAC,0.7778,LA GREZE,2,"ph,tds"
19007,ALTILLAC,0.7772,LA GREZE,2,"ph,tds"
19011,ARNAC-POMPADOUR,0.9103,AUVEZERE - RESEAU PRINCIPAL,2,"ph,tds"
19012,ASTAILLAC,0.7782,LA GREZE,2,"ph,tds"
19015,AYEN,0.8059,AGUDOUR,2,"ph,tds"
19017,BASSIGNAC-LE-BAS,0.7782,LA GREZE,2,"ph,tds"
19020,BEAUMONT,0.5225,BEAUMONT ST SALVADOUR,2,"ph,tds"
19023,BEYNAT,0.7782,LA GREZE,2,"ph,tds"
19025,BEYSSENAC,0.9103,AUVEZERE - RESEAU PRINCIPAL,2,"ph,tds"
19030,BRIGNAC-LA-PLAINE,0.8059,AGUDOUR,2,"ph,tds"
19035,CHABRIGNAC,0.9103,AUVEZERE - RESEAU PRINCIPAL,2,"ph,tds"
19042,CHANTEIX,0.8513,MAUMONT RESEAU PRINCIPAL NORD,2,"ph,tds"
19043,CHAPELLE-AUX-BROCS (LA),0.2,BLAGOUR,2,"ph,tds"
19044,CHAPELLE-AUX-SAINTS (LA),0.7782,LA GREZE,2,"ph,tds"
19050,CHAUFFOUR-SUR-VELL,0.7775,LA GREZE,2,"ph,tds"
19059,CONCEZE,0.9096,AUVEZERE - RESEAU PRINCIPAL,2,"ph,tds"
19063,COSNAC,0.2,BLAGOUR,2,"ph,tds"
19065,COURTEIX,0.8948,BONGUE MONTEIL,2,"ph,tds"
19067,CUREMONTE,0.7782,LA GREZE,2,"ph,tds"
19068,DAMPNIAT,0.1997,BLAGOUR,2,"ph,tds"
19069,DARAZAC,0.736,PUY DU BASSIN - BASSIGNAC,2,"ph,tds"
19077,ESTIVALS,0.198,BLAGOUR,2,"ph,tds"
19079,EYBURIE,0.5419,PUY LA FORET RESEAU PRINCIPAL,2,"ph,tds"
19081,EYREIN,0.5341,RESEAU PRINCIPAL,2,"ph,tds"
19083,FEYT,0.8955,BONGUE MONTEIL,2,"ph,tds"
19093,JUGEALS-NAZARETH,0.2,BLAGOUR,2,"ph,tds"
19094,JUILLAC,0.9089,AUVEZERE - RESEAU PRINCIPAL,2,"ph,tds"
19096,LADIGNAC-SUR-RONDELLES,0.4408,LA GANE - RESEAU PRINCIPAL,2,"ph,tds"
19099,LAGLEYGEOLLE,0.7772,LA GREZE,2,"ph,tds"
19103,LAMAZIERE-HAUTE,0.8942,BONGUE MONTEIL,2,"ph,tds"
19105,LANTEUIL,0.7782,LA GREZE,2,"ph,tds"
19109,LASCAUX,0.9076,AUVEZERE - RESEAU PRINCIPAL,2,"ph,tds"
19110,LATRONCHE,0.8127,RIFFAUD - PUY LA POULE,2,"ph,tds"
19116,LIOURDRES,0.7768,LA GREZE,2,"ph,tds"
19117,LISSAC-SUR-COUZE,0.2,BLAGOUR,2,"ph,tds"
19120,LOUIGNAC,0.8059,AGUDOUR,2,"ph,tds"
19124,MANSAC,0.8032,AGUDOUR,2,"ph,tds"
19126,MARCILLAC-LA-CROZE,0.7778,LA GREZE,2,"ph,tds"
19128,MARGERIDES,0.6373,EAUX DE BORT RESEAU PRINCIPAL,2,"ph,tds"
19142,MONESTIER-PORT-DIEU,0.6331,EAUX DE BORT RESEAU PRINCIPAL,2,"ph,tds"
19149,NEUVILLE,0.7782,LA GREZE,2,"ph,tds"
19150,NOAILHAC,0.7775,LA GREZE,2,"ph,tds"
19151,NOAILLES,0.2,BLAGOUR,2,"ph,tds"
19153,OBJAT,0.8057,AGUDOUR,2,"ph,tds"
19156,PALAZINGES,0.7782,LA GREZE,2,"ph,tds"
19167,CONFOLENT-PORT-DIEU,0.637,EAUX DE BORT RESEAU PRINCIPAL,2,"ph,tds"
19169,PUY-D'ARNAC,0.7771,LA GREZE,2,"ph,tds"
19170,QUEYSSAC-LES-VIGNES,0.7782,LA GREZE,2,"ph,tds"
19174,ROCHE-CANILLAC (LA),0.5738,LE MOREL,2,"ph,tds"
19175,ROCHE-LE-PEYROUX,0.4615,RIFFAUD - RESEAU PRINCIPAL,2,"ph,tds"
19179,SAILLAC,0.7782,LA GREZE,2,"ph,tds"
19184,SAINT-BAZILE-DE-MEYSSAC,0.7782,LA GREZE,2,"ph,tds"
19191,SAINT-CERNIN-DE-LARCHE,0.2,BLAGOUR,2,"ph,tds"
19196,SAINT-CYR-LA-ROCHE,0.8046,AGUDOUR,2,"ph,tds"
19198,SAINT-ELOY-LES-TUILERIES,0.9089,AUVEZERE - RESEAU PRINCIPAL,2,"ph,tds"
19213,SAINT-JAL,0.7269,RESEAU PRINCIPAL,2,"ph,tds"
19216,SAINT-JULIEN-LE-VENDOMOIS,0.9103,AUVEZERE - RESEAU PRINCIPAL,2,"ph,tds"
19217,SAINT-JULIEN-MAUMONT,0.7768,LA GREZE,2,"ph,tds"
19219,SAINTE-MARIE-LAPANOUZE,0.4622,RIFFAUD - RESEAU PRINCIPAL,2,"ph,tds"
19227,SAINT-MEXANT,0.9241,,2,"ph,tds"
19232,SAINT-PARDOUX-LE-NEUF,0.8935,BONGUE MONTEIL,2,"ph,tds"
19235,SAINT-PAUL,0.4401,LA GANE - RESEAU PRINCIPAL,2,"ph,tds"
19239,SAINT-ROBERT,0.805,AGUDOUR,2,"ph,tds"
19243,SAINT-SORNIN-LAVOLPS,0.9103,AUVEZERE - RESEAU PRINCIPAL,2,"ph,tds"
19253,SEGONZAC,0.8046,AGUDOUR,2,"ph,tds"
19256,SERANDON,0.4625,RIFFAUD - RESEAU PRINCIPAL,2,"ph,tds"
19266,THALAMY,0.6373,EAUX DE BORT RESEAU PRINCIPAL,2,"ph,tds"
19270,TROCHE,0.9093,AUVEZERE - RESEAU PRINCIPAL,2,"ph,tds"
19271,TUDEILS,0.7772,LA GREZE,2,"ph,tds"
19273,TURENNE,0.7779,LA GREZE,2,"ph,tds"
19278,VARETZ,0.8059,AGUDOUR,2,"ph,tds"
19279,VARS-SUR-ROSEIX,0.8059,AGUDOUR,2,"ph,tds"
19283,VEYRIERES,0.635,EAUX DE BORT RESEAU PRINCIPAL,2,"ph,tds"
21009,ALLEREY,0.7271,"SIAEP DE LIERNAIS, R. D'HUILLY",2,"ph,tds"
21015,ANTIGNY-LA-VILLE,0.198,"SIAEP D'ARNAY, R. SCE LUSIGNY",2,"ph,tds"
21026,ASNIERES-EN-MONTAGNE,0.1987,SIAEP DE SAVOISY,2,"ph,tds"
21029,ATHIE,0.1998,,2,"ph,tds"
21033,AUBIGNY-LES-SOMBERNON,0.1997,"CC OUCHE MONTAGNE, R. DE DREE",2,"ph,tds"
21044,BALOT,0.1987,SIAEP DE SAVOISY,2,"ph,tds"
21047,BARD-LES-EPOISSES,0.1993,"SESAM, R. GRIGNON",2,"ph,tds"
21057,BEIRE-LE-FORT,0.2,"SINOTIVEAU, PLAINE INFERIEURE TILLE",2,"ph,tds"
21059,BELLEFOND,0.1995,"SIEAVS, RÉSEAU DE ASNIERES",2,"ph,tds"
21060,BELLENEUVE,0.1993,,2,"ph,tds"
21064,BENOISEY,0.1993,"SESAM, R. GRIGNON",2,"ph,tds"
21067,BESSEY-LES-CITEAUX,0.1997,"SINOTIVEAU, SECTEUR DE LA RACLE",2,"ph,tds"
21069,BEURIZOT,0.2,"SESAM, R. SI DE SAINT THIBAULT",2,"ph,tds"
21070,BEVY,0.1993,"CC GEVREY ET NUITS, R. MTS GIBRIAÇOIS",2,"ph,tds"
21077,BISSEY-LA-COTE,0.2,SIAEP DE BRION SUR OURCE,2,"ph,tds"
21078,BISSEY-LA-PIERRE,0.1997,SIAEP DE SAVOISY,2,"ph,tds"
21086,BLIGNY-LES-BEAUNE,0.2,"CABCS, R. PRINCIPAL",2,"ph,tds"
21088,BONCOURT-LE-BOIS,0.2,"CC GEVREY ET NUITS, R. PLAINE DE NUITS",2,"ph,tds"
21095,BOUSSELANGE,0.1993,"SIAEP DE SEURRE, R.PAGNY LE CH",2,"ph,tds"
21102,BRAZEY-EN-MORVAN,0.7275,"SIAEP DE LIERNAIS,R. PRINCIPAL",2,"ph,tds"
21108,BRIANNY,0.199,"SESAM, R. DE PONT",2,"ph,tds"
21109,BRION-SUR-OURCE,0.1998,,2,"ph,tds"
21111,BROGNON,0.2,SIAEP - NORGE ET TILLE R. FOUCHANGE,2,"ph,tds"
21113,BROINDON,0.2,"CC GEVREY ET NUITS, R. SUD DIJONNAIS",2,"ph,tds"
21124,CENSEREY,0.7268,"SIAEP DE LIERNAIS,R. PRINCIPAL",2,"ph,tds"
21126,CESSEY-SUR-TILLE,0.1998,"SINOTIVEAU, SECTEUR DE FAUVERNEY",2,"ph,tds"
21128,CHAILLY-SUR-ARMANCON,0.5551,"SIAEPA DE THOISY, R. PRINCIPAL",2,"ph,tds"
21131,CHAMBLANC,0.2,"SIAEP DE SEURRE, R.PAGNY LE CH",2,"ph,tds"
21137,CHAMP-D'OISEAU,0.1993,"SESAM, R. GRIGNON",2,"ph,tds"
21138,CHAMPDOTRE,0.1996,,2,"ph,tds"
21140,CHAMPIGNOLLES,0.1993,"SIAEP D'ARNAY, R. SCE LUSIGNY",2,"ph,tds"
21145,CHARIGNY,0.1993,"SESAM, R. DE PONT",2,"ph,tds"
21146,CHARMES,0.2,SIAEP DE MAGNY SAINT MEDARD,2,"ph,tds"
21147,CHARNY,0.1993,"SESAM, R. THOREY ET CHARNY",2,"ph,tds"
21148,CHARREY-SUR-SAONE,0.2,"SIAEP DE SEURRE, R. MAGNY",2,"ph,tds"
21151,CHASSEY,0.1997,"SESAM, R. GRIGNON",2,"ph,tds"
21155,CHAUDENAY-LA-VILLE,0.1983,"SIAEP DE THOREY, R. PRINCIPAL",2,"ph,tds"
21156,CHAUDENAY-LE-CHATEAU,0.1997,"SIAEP DE THOREY, R. PRINCIPAL",2,"ph,tds"
21159,CHAUME (LA),0.1993,SIAEP DE LUCEY-FAVEROLLES,2,"ph,tds"
21175,CIREY-LES-PONTAILLER,0.1997,SIAEP DE MAGNY SAINT MEDARD,2,"ph,tds"
21177,CLAMEREY,0.1996,,2,"ph,tds"
21179,CLENAY,0.2,SIAEP - NORGE ET TILLE R. FOUCHANGE,2,"ph,tds"
21181,CLOMOT,0.5564,"SIAEPA DE THOISY, R. PRINCIPAL",2,"ph,tds"
21183,COLLONGES-ET-PREMIERES,0.1998,"SINOTIVEAU, PLAINE INFERIEURE TILLE",2,"ph,tds"
21184,COLOMBIER,0.199,"SIAEP DE THOREY, R. PRINCIPAL",2,"ph,tds"
21185,COMBERTAULT,0.2,"CABCS, R. PRINCIPAL",2,"ph,tds"
21187,COMMARIN,0.1993,"SIAEPA DE THOISY, R. JEUTE",2,"ph,tds"
21189,CORBERON,0.2,"CABCS, R. PRINCIPAL",2,"ph,tds"
21190,CORCELLES-LES-ARTS,0.2,"CABCS, R. PRINCIPAL",2,"ph,tds"
21191,CORCELLES-LES-CITEAUX,0.2,"CC GEVREY ET NUITS, R. SUD DIJONNAIS",2,"ph,tds"
21193,CORGENGOUX,0.1997,"CABCS, R. PRINCIPAL",2,"ph,tds"
21196,CORPEAU,0.2,"CABCS, R. PRINCIPAL",2,"ph,tds"
21202,COURBAN,0.2,SIAEP DE BRION SUR OURCE,2,"ph,tds"
21204,COURCELLES-LES-MONTBARD,0.1997,"SESAM, R. GRIGNON",2,"ph,tds"
21215,CUISEREY,0.1993,SIAEP DE MAGNY SAINT MEDARD,2,"ph,tds"
21217,CURLEY,0.2,"CC GEVREY ET NUITS, R. MTS GIBRIAÇOIS",2,"ph,tds"
21221,CUSSY-LA-COLONNE,0.2,"SIAEP D'ARNAY, R. SCE LUSIGNY",2,"ph,tds"
21224,DAMPIERRE-EN-MONTAGNE,0.1997,"SESAM, R. VILLEBERNY-DAMPIERRE",2,"ph,tds"
21228,DETAIN-ET-BRUANT,0.2,"CC GEVREY ET NUITS, R. MTS GIBRIAÇOIS",2,"ph,tds"
21229,DIANCEY,0.7282,"SIAEP DE LIERNAIS,R. PRINCIPAL",2,"ph,tds"
21232,DOMPIERRE-EN-MORVAN,0.8,"SESAM, R. DE CHENESAINT",2,"ph,tds"
21233,DRAMBON,0.1993,SIAEP DE MAGNY SAINT MEDARD,2,"ph,tds"
21234,DREE,0.199,"CC OUCHE MONTAGNE, R. DE DREE",2,"ph,tds"
21236,EBATY,0.1993,"CABCS, R. PRINCIPAL",2,"ph,tds"
21241,ECHEVRONNE,0.1996,"CABCS, R. PRINCIPAL",2,"ph,tds"
21242,ECHIGEY,0.1993,"SINOTIVEAU, SECTEUR DE LA RACLE",2,"ph,tds"
21246,EPERNAY-SOUS-GEVREY,0.2,"CC GEVREY ET NUITS, R. SUD DIJONNAIS",2,"ph,tds"
21248,ERINGES,0.1997,"SESAM, R. GRIGNON",2,"ph,tds"
21251,ESSEY,0.5564,"SIAEPA DE THOISY, R. PRINCIPAL",2,"ph,tds"
21252,ETAIS,0.1993,SIAEP DE SAVOISY,2,"ph,tds"
21254,ETANG-VERGY (L'),0.2,"CC GEVREY ET NUITS, R. MTS GIBRIAÇOIS",2,"ph,tds"
21256,ETEVAUX,0.2,SIAEP DE MAGNY SAINT MEDARD,2,"ph,tds"
21261,FAUVERNEY,0.1998,"SINOTIVEAU, SECTEUR DE FAUVERNEY",2,"ph,tds"
21266,FLACEY,0.2,SIAEP - NORGE ET TILLE R. FOUCHANGE,2,"ph,tds"
21272,VAL-LARREY (LE),0.1996,"SESAM, R. DE PONT",2,"ph,tds"
21280,FONTANGY,0.1998,"SESAM, R. MISSERY-FONTANGY",2,"ph,tds"
21282,FORLEANS,0.199,"SESAM, R. DE PONT",2,"ph,tds"
21284,FRANCHEVILLE,0.1997,"SIEAVS, RÉSEAU DE ST MARTIN DU MONT",2,"ph,tds"
21285,FRANXAULT,0.1996,"SIAEP DE SEURRE, R.PAGNY LE CH",2,"ph,tds"
21291,GENAY,0.1987,"SESAM, R. GRIGNON",2,"ph,tds"
21294,GERLAND,0.1997,"CC GEVREY ET NUITS, R. PLAINE DE NUITS",2,"ph,tds"
21309,GRISELLES,0.2,SIAEP DE NICEY GRISELLES,2,"ph,tds"
21311,GROSBOIS-LES-TICHEY,0.1987,"SIAEP DE SEURRE, R.PAGNY LE CH",2,"ph,tds"
21323,JANCIGNY,0.2,"SISOV, RESEAU PRINCIPAL",2,"ph,tds"
21324,JEUX-LES-BARD,0.1993,"SESAM, R. GRIGNON",2,"ph,tds"
21327,VAL-MONT ,0.1998,"SIAEP D'ARNAY, R. SCE LUSIGNY",2,"ph,tds"
21328,JUILLENAY,0.799,"SESAM, R. DE CHENESAINT",2,"ph,tds"
21329,JUILLY,0.1997,"SESAM, R. GRIGNON",2,"ph,tds"
21330,LABERGEMENT-FOIGNEY,0.1996,"SINOTIVEAU, SECTEUR DE GENLIS",2,"ph,tds"
21334,LACANCHE,0.1987,"SIAEP D'ARNAY, R. SCE LUSIGNY",2,"ph,tds"
21335,LACOUR-D'ARCENAY,0.7997,"SESAM, R. DE CHENESAINT",2,"ph,tds"
21339,LANTENAY,0.1997,"CC OUCHE MONTAGNE,R.BAS ET HAUT",2,"ph,tds"
21340,LANTHES,0.1993,"SIAEP DE SEURRE, R.PAGNY LE CH",2,"ph,tds"
21342,LAPERRIERE-SUR-SAONE,0.1996,SIAEPA DU PAYS LOSNAIS,2,"ph,tds"
21344,LECHATELET,0.199,"SIAEP DE SEURRE, R. MAGNY",2,"ph,tds"
21347,LEVERNOIS,0.1987,"CABCS, R. PRINCIPAL",2,"ph,tds"
21357,LOUESME,0.2,SIAEP DE BRION SUR OURCE,2,"ph,tds"
21363,MAGNIEN,0.7266,"SIAEP D'ARNAY,R.DU SI LIERNAIS",2,"ph,tds"
21367,MAGNY-MONTARLOT,0.1999,"CC APV, RESEAU DE SAONE MONDRAGON",2,"ph,tds"
21372,MAISEY-LE-DUC,0.199,SIAEP DE BRION SUR OURCE,2,"ph,tds"
21374,MALIGNY,0.1993,"SIAEP D'ARNAY, R. SCE LUSIGNY",2,"ph,tds"
21375,MANLAY,0.7282,"SIAEP DE LIERNAIS,R. PRINCIPAL",2,"ph,tds"
21376,MARANDEUIL,0.199,SIAEP DE MAGNY SAINT MEDARD,2,"ph,tds"
21377,MARCELLOIS,0.1991,"SESAM, R. AVOSNES MARCELLOIS",2,"ph,tds"
21379,MARCHESEUIL,0.7272,"SIAEP DE LIERNAIS,R. PRINCIPAL",2,"ph,tds"
21380,MARCIGNY-SOUS-THIL,0.1993,"SESAM, R. SI DE SAINT THIBAULT",2,"ph,tds"
21381,MARCILLY-ET-DRACY,0.2,"SESAM, R. SI DE SAINT THIBAULT",2,"ph,tds"
21384,MAREY-LES-FUSSEY,0.1998,,2,"ph,tds"
21386,MARIGNY-LE-CAHOUET,0.1993,"SESAM, R. GRIGNON",2,"ph,tds"
21387,MARIGNY-LES-REULLEE,0.1997,"CABCS, R. PRINCIPAL",2,"ph,tds"
21391,MARSANNAY-LE-BOIS,0.1998,"SIAEP - NORGE ET TILLE, R. NORGES",2,"ph,tds"
21394,MASSINGY-LES-SEMUR,0.2,"SESAM, R. GRIGNON",2,"ph,tds"
21397,MAVILLY-MANDELOT,0.1993,"SIAEP D'ARNAY, R. SCE LUSIGNY",2,"ph,tds"
21398,MAXILLY-SUR-SAONE,0.2,"SISOV, RESEAU PRINCIPAL",2,"ph,tds"
21399,MEILLY-SUR-ROUVRES,0.5564,"SIAEPA DE THOISY, R. PRINCIPAL",2,"ph,tds"
21401,MELOISEY,0.1993,"SIAEP D'ARNAY, R. SCE LUSIGNY",2,"ph,tds"
21405,MERCEUIL,0.2,"CABCS, R. PRINCIPAL",2,"ph,tds"
21406,MESMONT,0.2,"CC OUCHE MONTAGNE, R. DE DREE",2,"ph,tds"
21407,MESSANGES,0.1997,"CC GEVREY ET NUITS, R. MTS GIBRIAÇOIS",2,"ph,tds"
21413,MILLERY,0.1993,"SESAM, R. GRIGNON",2,"ph,tds"
21422,MOLPHEY,0.799,"SESAM, R. DE CHENESAINT",2,"ph,tds"
21423,MONTAGNY-LES-BEAUNE,0.2,"CABCS, R. PRINCIPAL",2,"ph,tds"
21424,MONTAGNY-LES-SEURRE,0.2,"SIAEP DE SEURRE, R.PAGNY LE CH",2,"ph,tds"
21426,MONTBERTHAULT,0.8004,"SESAM, R. DE CHENESAINT",2,"ph,tds"
21427,MONTCEAU-ET-ECHARNANT,0.2,"SIAEP D'ARNAY, R. SCE LUSIGNY",2,"ph,tds"
21430,MONTIGNY-SAINT-BARTHELEMY,0.2,"SESAM, R. DE PONT",2,"ph,tds"
21431,MONTIGNY-SUR-ARMANCON,0.2,"SESAM, R. DE PONT",2,"ph,tds"
21432,MONTIGNY-SUR-AUBE,0.1998,,2,"ph,tds"
21436,MONTMAIN,0.1993,"SIAEP DE SEURRE, R. GLANON SUD",2,"ph,tds"
21439,MONTOILLOT,0.1997,"SIAEPA DE THOISY, R. JEUTE",2,"ph,tds"
21444,MOSSON,0.1993,SIAEP DE BRION SUR OURCE,2,"ph,tds"
21446,MOUTIERS-SAINT-JEAN,0.2,"SESAM, R. GRIGNON",2,"ph,tds"
21451,NESLE-ET-MASSOULT,0.199,SIAEP DE SAVOISY,2,"ph,tds"
21457,NOIDAN,0.1997,"SESAM, R. SI DE SAINT THIBAULT",2,"ph,tds"
21460,NOIRON-SUR-SEINE,0.199,SIAEP DE NOIRON/SEINE,2,"ph,tds"
21467,OISILLY,0.1997,,2,"ph,tds"
21468,ORAIN,0.1997,SIAEP DE LA HAUTE VINGEANNE,2,"ph,tds"
21474,PAGNY-LA-VILLE,0.1993,"SIAEP DE SEURRE, R.PAGNY LE CH",2,"ph,tds"
21477,PANGES,0.1997,"SIEAVS, RÉSEAU DE ST MARTIN DU MONT",2,"ph,tds"
21478,PASQUES,0.199,"CC OUCHE MONTAGNE,R.BAS ET HAUT",2,"ph,tds"
21480,PERNAND-VERGELESSES,0.1993,"CABCS, R. PRINCIPAL",2,"ph,tds"
21482,PERRIGNY-SUR-L'OGNON,0.1997,"SISOV, RESEAU PRINCIPAL",2,"ph,tds"
21483,PICHANGES,0.1995,SIAEPA DE GEMEAUX,2,"ph,tds"
21484,PLANAY,0.1993,SIAEP DE SAVOISY,2,"ph,tds"
21487,PLUVET,0.1997,"SINOTIVEAU, PLAINE INFERIEURE TILLE",2,"ph,tds"
21491,POISEUL-LES-SAULX,0.1997,SIAEP DU CHARMOY/DIENAY VILLECOMTE,2,"ph,tds"
21495,PONT,0.1997,"SINOTIVEAU, PLAINE INFERIEURE TILLE",2,"ph,tds"
21497,PONT-ET-MASSENE,0.1994,,2,"ph,tds"
21498,POSANGES,0.199,"SESAM, R. SI DE SAINT THIBAULT",2,"ph,tds"
21502,POUILLY-SUR-SAONE,0.2,"SIAEP DE SEURRE, R. GLANON SUD",2,"ph,tds"
21503,POUILLY-SUR-VINGEANNE,0.1997,SIAEP DE LA HAUTE VINGEANNE,2,"ph,tds"
21505,PRECY-SOUS-THIL,0.8004,"SESAM, R. DE CHENESAINT",2,"ph,tds"
21510,PRUSLY-SUR-OURCE,0.1993,SIAEP DE BRION SUR OURCE,2,"ph,tds"
21511,PUITS,0.2,SIAEP DE COULMIER LE SEC,2,"ph,tds"
21512,PULIGNY-MONTRACHET,0.2,"CABCS, R. PRINCIPAL",2,"ph,tds"
21514,QUEMIGNY-SUR-SEINE,0.1987,SIAEP DE BELLENOD S/SEINE,2,"ph,tds"
21516,QUINCEROT,0.1998,SIAEP DE QUINCY-QUINCEROT,2,"ph,tds"
21524,RIEL-LES-EAUX,0.1997,,2,"ph,tds"
21529,ROILLY,0.2,"SESAM, R. DE PONT",2,"ph,tds"
21531,ROUVRAY,0.8004,"SESAM, R. DE CHENESAINT",2,"ph,tds"
21534,RUFFEY-LES-BEAUNE,0.2,"CABCS, R. PRINCIPAL",2,"ph,tds"
21536,SACQUENAY,0.1996,SIAEP DE LA HAUTE VINGEANNE,2,"ph,tds"
21542,SAINT-BERNARD,0.2,"CC GEVREY ET NUITS, R. SUD DIJONNAIS",2,"ph,tds"
21544,SAINTE-COLOMBE-EN-AUXOIS,0.2,"SESAM, R. DE PONT",2,"ph,tds"
21546,SAINT-DIDIER,0.7997,"SESAM, R. DE CHENESAINT",2,"ph,tds"
21548,SAINT-GERMAIN-DE-MODEON,0.799,"SESAM, R. DE CHENESAINT",2,"ph,tds"
21556,SAINT-LEGER-TRIEY,0.1993,SIAEP DE MAGNY SAINT MEDARD,2,"ph,tds"
21558,SAINTE-MARIE-LA-BLANCHE,0.2,"CABCS, R. PRINCIPAL",2,"ph,tds"
21562,SAINT-MAURICE-SUR-VINGEANNE,0.1997,SIAEP DE LA HAUTE VINGEANNE,2,"ph,tds"
21564,SAINT-NICOLAS-LES-CITEAUX,0.199,"CC GEVREY ET NUITS, R. SUD DIJONNAIS",2,"ph,tds"
21565,SAINT-PHILIBERT,0.2,"CC GEVREY ET NUITS, R. SUD DIJONNAIS",2,"ph,tds"
21566,SAINT-PIERRE-EN-VAUX,0.1993,"SIAEP D'ARNAY, R. SCE LUSIGNY",2,"ph,tds"
21567,SAINT-PRIX-LES-ARNAY,0.1993,"SIAEP D'ARNAY, R. SCE LUSIGNY",2,"ph,tds"
21571,SAINT-SAUVEUR,0.199,"SISOV, RESEAU PRINCIPAL",2,"ph,tds"
21572,SAINT-SEINE-EN-BACHE,0.1993,SIAEPA DU PAYS LOSNAIS,2,"ph,tds"
21574,SAINT-SEINE-SUR-VINGEANNE,0.1993,SIAEP DE LA HAUTE VINGEANNE,2,"ph,tds"
21575,SAINT-SYMPHORIEN-SUR-SAONE,0.2,SIAEPA DU PAYS LOSNAIS,2,"ph,tds"
21578,SAINT-VICTOR-SUR-OUCHE,0.1994,"CC OUCHE MONTAGNE, R. GISSEY S/O",2,"ph,tds"
21581,SAMEREY,0.2,SIAEPA DU PAYS LOSNAIS,2,"ph,tds"
21587,SAULX-LE-DUC,0.2,SIAEP DU CHARMOY/DIENAY VILLECOMTE,2,"ph,tds"
21588,SAUSSEY,0.1997,"SIAEP D'ARNAY, R. SCE LUSIGNY",2,"ph,tds"
21589,SAUSSY,0.199,"SIEAVS, RÉSEAU DE ST MARTIN DU MONT",2,"ph,tds"
21591,SAVIGNY-LE-SEC,0.1996,"SIAEP - NORGE ET TILLE, R. NORGES",2,"ph,tds"
21592,SAVIGNY-SOUS-MALAIN,0.1993,"CC OUCHE MONTAGNE,R.BAS ET HAUT",2,"ph,tds"
21593,SAVILLY,0.7282,"SIAEP DE LIERNAIS,R. PRINCIPAL",2,"ph,tds"
21595,SAVOLLES,0.2,SIAEP DE MAGNY SAINT MEDARD,2,"ph,tds"
21596,SAVOUGES,0.199,"CC GEVREY ET NUITS, R. SUD DIJONNAIS",2,"ph,tds"
21598,SEIGNY,0.1989,"SESAM, R. GRIGNON",2,"ph,tds"
21608,SINCEY-LES-ROUVRAY,0.8,"SESAM, R. DE CHENESAINT",2,"ph,tds"
21609,SOIRANS,0.1993,"SINOTIVEAU, PLAINE INFERIEURE TILLE",2,"ph,tds"
21610,SOISSONS-SUR-NACEY,0.1993,"CC APV, RESEAU DE FLAMMERANS",2,"ph,tds"
21612,SOUHEY,0.1993,"SESAM, R. GRIGNON",2,"ph,tds"
21624,TELLECEY,0.1995,"SINOTIVEAU, R. SECONDAIRE SECTEUR ARC",2,"ph,tds"
21625,TERNANT,0.2,"CC GEVREY ET NUITS, R. MTS GIBRIAÇOIS",2,"ph,tds"
21630,THOISY-LE-DESERT,0.5561,"SIAEPA DE THOISY, R. PRINCIPAL",2,"ph,tds"
21635,THOSTE,0.7997,"SESAM, R. DE CHENESAINT",2,"ph,tds"
21637,TICHEY,0.1987,"SIAEP DE SEURRE, R.PAGNY LE CH",2,"ph,tds"
21639,TILLENAY,0.1997,"SINOTIVEAU, PLAINE INFERIEURE TILLE",2,"ph,tds"
21640,TORCY-ET-POULIGNY,0.1993,"SESAM, R. DE PONT",2,"ph,tds"
21641,TOUILLON,0.1997,SIAEP DE SAVOISY,2,"ph,tds"
21643,TRECLUN,0.2,"SINOTIVEAU, PLAINE INFERIEURE TILLE",2,"ph,tds"
21644,TROCHERES,0.1993,SIAEP DE MAGNY SAINT MEDARD,2,"ph,tds"
21645,TROUHANS,0.1997,SIAEP DE BRAZEY EN PLAINE,2,"ph,tds"
21649,UNCEY-LE-FRANC,0.2,"SESAM, R. AVOSNES MARCELLOIS",2,"ph,tds"
21652,VANDENESSE-EN-AUXOIS,0.5557,"SIAEPA DE THOISY, R. PRINCIPAL",2,"ph,tds"
21659,VAUX-SAULES,0.1993,"SIEAVS, RÉSEAU DE ST MARTIN DU MONT",2,"ph,tds"
21662,VELOGNY,0.1987,"SESAM, R. SI DE SAINT THIBAULT",2,"ph,tds"
21664,VERDONNET,0.2,SIAEP DE SAVOISY,2,"ph,tds"
21667,VERONNES,0.1998,SIAEP DE VERONNES,2,"ph,tds"
21669,VERREY-SOUS-DREE,0.2,"CC OUCHE MONTAGNE, R. DE DREE",2,"ph,tds"
21676,VIC-DE-CHASSENAY,0.1987,"SESAM, R. DE PONT",2,"ph,tds"
21678,VIC-SOUS-THIL,0.7997,"SESAM, R. DE CHENESAINT",2,"ph,tds"
21679,VIEILMOULIN,0.1993,"CC OUCHE MONTAGNE, R. DE DREE",2,"ph,tds"
21689,VILLARS-ET-VILLENOTTE,0.2,"SESAM, R. GRIGNON",2,"ph,tds"
21693,VILLEDIEU,0.1987,SIAEP DE MOLESME,2,"ph,tds"
21694,VILLEFERRY,0.1997,"SESAM, R. DE PONT",2,"ph,tds"
21696,VILLENEUVE-SOUS-CHARIGNY,0.1993,"SESAM, R. DE PONT",2,"ph,tds"
21701,VILLERS-ROTIN,0.1998,"CC APV, R. DE LABERGEMENT LES AUX.",2,"ph,tds"
21703,VILLIERS-EN-MORVAN,0.7278,"SIAEP DE LIERNAIS,R. PRINCIPAL",2,"ph,tds"
21713,VONGES,0.2,"SISOV, RESEAU PRINCIPAL",2,"ph,tds"
21715,VOUDENAY,0.7272,"SIAEP DE LIERNAIS,R. PRINCIPAL",2,"ph,tds"
21716,VOUGEOT,0.1998,"CC GEVREY ET NUITS, R. VOSNE ROMANEE",2,"ph,tds"
22002,ANDEL,0.7267,LAMBALLE COM. PAR SMAP MOY SERVICE,2,"ph,tds"
22018,BRELIDY,0.9186,PAR RESERVOIR ENTERRE DE LA JUSTICE,2,"ph,tds"
22021,BRUSVILY,0.5802,EX. SIVOM DU GUINEFORT,2,"ph,tds"
22024,CALANHEL,0.5773,SDC ARGOAT PAR KERNE UHEL,2,"ph,tds"
22029,CANIHUEL,0.5243,REGION DE ST NICOLAS DU PELEM,2,"ph,tds"
22039,CHEZE (LA),0.644,SDC DU LIE PAR PONT QUERRA,2,"ph,tds"
22049,CREHEN,0.6881,VIA RESERVOIR DE LANGUENAN,2,"ph,tds"
22052,DUAULT,0.5733,SDC ARGOAT PAR KERNE UHEL,2,"ph,tds"
22057,FAOUET (LE),0.2,PAR VIRNIC (+ INTERCONNEXION),2,"ph,tds"
22072,GURUNHUEL,0.7382,SDC GOAS KOLL (STATION PANTOU),2,"ph,tds"
22085,KERBORS,0.1929,SDC PRESQU'ILE DE LEZARDRIEUX,2,"ph,tds"
22086,KERFOT,0.6005,COMMUNAUTE DE COM. PAIMPOL-GOELO,2,"ph,tds"
22091,KERMOROC'H,0.6837,PAR RESERVOIR SURELEVE LA JUSTICE,2,"ph,tds"
22095,LANDEBAERON,0.9204,PAR RESERVOIR ENTERRE DE LA JUSTICE,2,"ph,tds"
22101,LANGOAT,0.1943,SYNDICAT DE KERLOAZEC,2,"ph,tds"
22108,LANLEFF,0.526,COMMUNAUTE DE COM. PAIMPOL-GOELO,2,"ph,tds"
22110,LANMERIN,0.5161,KREIS TREGUER PAR L'HOPITAL,2,"ph,tds"
22112,LANNEBERT,0.2,PAR VIRNIC (+ INTERCONNEXION),2,"ph,tds"
22132,LOHUEC,0.5688,SDC ARGOAT PAR KERNE UHEL,2,"ph,tds"
22138,MAEL-PESTIVIEN,0.5621,SDC ARGOAT PAR KERNE UHEL,2,"ph,tds"
22141,MANTALLOT,0.9186,PAR RESERVOIR ENTERRE DE LA JUSTICE,2,"ph,tds"
22145,MEGRIT,0.7375,SYNDICAT DES EAUX DU QUELARON,2,"ph,tds"
22165,PENGUILY,0.9814,LA MALHOURE-PENGUILY-ST GLEN,2,"ph,tds"
22178,PLEHEDEL,0.5981,COMMUNAUTE DE COM. PAIMPOL-GOELO,2,"ph,tds"
22180,PLELAN-LE-PETIT,0.7375,SYNDICAT DES EAUX DU QUELARON,2,"ph,tds"
22205,PLOREC-SUR-ARGUENON,0.7379,SYNDICAT DES EAUX DU QUELARON,2,"ph,tds"
22218,PLOUGRESCANT,0.1986,SYNDICAT DU TREGOR,2,"ph,tds"
22231,PLOURAC'H,0.5768,SDC ARGOAT PAR KERNE UHEL,2,"ph,tds"
22236,PLUDUAL,0.2,PAR VIRNIC (+ INTERCONNEXION),2,"ph,tds"
22239,PLUMAUDAN,0.737,SYNDICAT DES EAUX DU QUELARON,2,"ph,tds"
22243,PLUSQUELLEC,0.5688,SDC ARGOAT PAR KERNE UHEL,2,"ph,tds"
22263,QUIOU (LE),0.1995,SDC DES EAUX REGION D'EVRAN,2,"ph,tds"
22269,RUNAN,0.1943,SYNDICAT DE KERLOAZEC,2,"ph,tds"
22285,SAINT-CONNEC,0.5404,SDC HILVERN PAR KERNE UHEL,2,"ph,tds"
22293,SAINT-GILLES-LES-BOIS,0.3426,PAR VIRNIC (+ INTERCONNEXION),2,"ph,tds"
22294,SAINT-GILLES-PLIGEAUX,0.5318,REGION DE ST NICOLAS DU PELEM,2,"ph,tds"
22310,SAINT-LAURENT,0.5643,PAR RESERVOIR SURELEVE LA JUSTICE,2,"ph,tds"
22314,SAINT-MAUDAN,0.5978,SDC DU LIE PAR PONT QUERRA,2,"ph,tds"
22315,SAINT-MAUDEZ,0.7367,SYNDICAT DES EAUX DU QUELARON,2,"ph,tds"
22317,SAINT-MELOIR-DES-BOIS,0.7356,SYNDICAT DES EAUX DU QUELARON,2,"ph,tds"
22318,SAINT-MICHEL-DE-PLELAN,0.7367,SYNDICAT DES EAUX DU QUELARON,2,"ph,tds"
22324,SAINT-QUAY-PERROS,0.2159,SYNDICAT DU TREGOR,2,"ph,tds"
22334,SAINT-IGEAUX,0.7316,LANISCAT-ST IGEAUX-ST TREPHINE,2,"ph,tds"
22335,SENVEN-LEHART,0.5126,REGION DE ST NICOLAS DU PELEM,2,"ph,tds"
22338,SQUIFFIEC,0.9176,PAR RESERVOIR ENTERRE DE LA JUSTICE,2,"ph,tds"
22359,TREGROM,0.6205,SYNDICAT PAR LE LEGUER,2,"ph,tds"
22365,TREMARGAT,0.5428,SDC ARGOAT PAR KERNE UHEL,2,"ph,tds"
22369,TREMEUR,0.7365,SYNDICAT DES EAUX DU QUELARON,2,"ph,tds"
22370,TREMEVEN,0.209,PAR VIRNIC (+ INTERCONNEXION),2,"ph,tds"
22380,TREVRON,0.6001,EX. SIVOM DU GUINEFORT,2,"ph,tds"
22383,TROGUERY,0.1943,SYNDICAT DE KERLOAZEC,2,"ph,tds"
22388,VILDE-GUINGALAN,0.7284,SYNDICAT DES EAUX DU QUELARON,2,"ph,tds"
23003,ALLEYRAT,0.8431,MAGNAT L'ETRANGE,2,"ph,tds"
23005,ARFEUILLE-CHATAIN,0.8431,MAGNAT L'ETRANGE,2,"ph,tds"
23007,ARS,0.4219,ST SULPICE LES CHAMPS VALLIERE,2,"ph,tds"
23009,AUGE,0.6661,BASSIN DE GOUZON,2,"ph,tds"
23010,AUGERES,0.5262,ST DIZIER L. FORGEAS AUGERES,2,"ph,tds"
23016,BANIZE,0.4219,ST SULPICE LES CHAMPS VALLIERE,2,"ph,tds"
23017,BASVILLE,0.5905,,2,"ph,tds"
23020,BELLEGARDE-EN-MARCHE,0.8431,MAGNAT L'ETRANGE,2,"ph,tds"
23026,BORD-SAINT-GEORGES,0.6661,BASSIN DE GOUZON,2,"ph,tds"
23029,BOURG-D'HEM (LE),0.4964,LE BG D'HEM-LA CELLE DUNOISE,2,"ph,tds"
23034,BROUSSE,0.8431,MAGNAT L'ETRANGE,2,"ph,tds"
23038,BUSSIERE-SAINT-GEORGES,0.6887,,2,"ph,tds"
23040,CELLE-SOUS-GOUZON (LA),0.6661,BASSIN DE GOUZON,2,"ph,tds"
23044,CHAMBON-SAINTE-CROIX,0.2,CHAMBON STE CROIX,2,"ph,tds"
23046,CHAMBONCHARD,0.8431,MAGNAT L'ETRANGE,2,"ph,tds"
23048,CHAMPAGNAT,0.8431,MAGNAT L'ETRANGE,2,"ph,tds"
23049,CHAMPSANGLARD,0.4116,,2,"ph,tds"
23051,CHAPELLE-SAINT-MARTIAL (LA),0.6065,,2,"ph,tds"
23053,CHARD,0.8431,MAGNAT L'ETRANGE,2,"ph,tds"
23059,CHAUSSADE (LA),0.8431,MAGNAT L'ETRANGE,2,"ph,tds"
23060,CHAVANAT,0.4219,ST SULPICE LES CHAMPS VALLIERE,2,"ph,tds"
23061,CHENERAILLES,0.9532,REGION D'AHUN,2,"ph,tds"
23066,COMPAS (LE),0.8431,MAGNAT L'ETRANGE,2,"ph,tds"
23083,FONTANIERES,0.8431,MAGNAT L'ETRANGE,2,"ph,tds"
23084,FORET-DU-TEMPLE (LA),0.5783,,2,"ph,tds"
23086,FRANSECHES,0.9532,REGION D'AHUN,2,"ph,tds"
23098,JALESCHES,0.6661,BASSIN DE GOUZON,2,"ph,tds"
23100,JARNAGES,0.6661,BASSIN DE GOUZON,2,"ph,tds"
23102,LADAPEYRE,0.6661,BASSIN DE GOUZON,2,"ph,tds"
23105,LAVAVEIX-LES-MINES,0.9532,REGION D'AHUN,2,"ph,tds"
23108,LEYRAT,0.8487,BOUSSAC SOUMANS LEYRAT,2,"ph,tds"
23109,LINARD-MALVAL,0.6803,LINARD MALVAL,2,"ph,tds"
23111,LIZIERES,0.631,BASSE GARTEMPE,2,"ph,tds"
23113,LUPERSAT,0.8431,MAGNAT L'ETRANGE,2,"ph,tds"
23114,LUSSAT,0.6661,BASSIN DE GOUZON,2,"ph,tds"
23116,MAINSAT,0.8431,MAGNAT L'ETRANGE,2,"ph,tds"
23127,MAUTES,0.8431,MAGNAT L'ETRANGE,2,"ph,tds"
23129,MAZIERE-AUX-BONS-HOMMES (LA),0.5596,MERINCHAL ST BARD,2,"ph,tds"
23138,MOUTIER-D'AHUN,0.9532,REGION D'AHUN,2,"ph,tds"
23142,NEOUX,0.8431,MAGNAT L'ETRANGE,2,"ph,tds"
23145,NOUHANT,0.6661,BASSIN DE GOUZON,2,"ph,tds"
23149,PARSAC,0.6661,BASSIN DE GOUZON,2,"ph,tds"
23156,PONTCHARRAUD,0.8442,POUSSANGES,2,"ph,tds"
23158,POUSSANGES,0.8351,,2,"ph,tds"
23160,RETERRE,0.8431,MAGNAT L'ETRANGE,2,"ph,tds"
23164,ROUGNAT,0.8431,MAGNAT L'ETRANGE,2,"ph,tds"
23170,SAVENNES,0.5113,ST CHRISTOPHE SAVENNES,2,"ph,tds"
23172,SERRE-BUSSIERE-VIEILLE (LA),0.8431,MAGNAT L'ETRANGE,2,"ph,tds"
23179,SAINT-ALPINIEN,0.8431,MAGNAT L'ETRANGE,2,"ph,tds"
23180,SAINT-AMAND,0.8431,MAGNAT L'ETRANGE,2,"ph,tds"
23182,SAINT-AVIT-DE-TARDES,0.8431,MAGNAT L'ETRANGE,2,"ph,tds"
23187,SAINT-DIZIER-LA-TOUR,0.9532,REGION D'AHUN,2,"ph,tds"
23188,SAINT-DIZIER-LES-DOMAINES,0.6482,,2,"ph,tds"
23190,SAINT-DOMET,0.8431,MAGNAT L'ETRANGE,2,"ph,tds"
23194,SAINTE-FEYRE-LA-MONTAGNE,0.8442,POUSSANGES,2,"ph,tds"
23196,SAINT-FRION,0.8442,POUSSANGES,2,"ph,tds"
23198,SAINT-GEORGES-NIGREMONT,0.8442,POUSSANGES,2,"ph,tds"
23204,SAINT-JULIEN-LE-CHATEL,0.8431,MAGNAT L'ETRANGE,2,"ph,tds"
23210,SAINT-MAIXANT,0.8431,MAGNAT L'ETRANGE,2,"ph,tds"
23218,SAINT-MAURICE-PRES-CROCQ,0.5625,ST AGNANT ST PARDOUX D'ARNET,2,"ph,tds"
23226,SAINT-PARDOUX-D'ARNET,0.5625,ST AGNANT ST PARDOUX D'ARNET,2,"ph,tds"
23228,SAINT-PARDOUX-LE-NEUF,0.8431,MAGNAT L'ETRANGE,2,"ph,tds"
23233,SAINT-PIERRE-LE-BOST,0.7654,ST MARIEN ST PIERRE LE BOST,2,"ph,tds"
23234,SAINT-PRIEST,0.8431,MAGNAT L'ETRANGE,2,"ph,tds"
23235,SAINT-PRIEST-LA-FEUILLE,0.6326,,2,"ph,tds"
23237,SAINT-PRIEST-PALUS,0.4792,ST AMAND MONTBOUCHER,2,"ph,tds"
23241,SAINT-SILVAIN-BELLEGARDE,0.8431,MAGNAT L'ETRANGE,2,"ph,tds"
23249,SAINT-YRIEIX-LA-MONTAGNE,0.4469,ST MARC A LOUBAUD,2,"ph,tds"
23251,TARDES,0.8431,MAGNAT L'ETRANGE,2,"ph,tds"
23259,VERNEIGES,0.6661,BASSIN DE GOUZON,2,"ph,tds"
23261,VIERSAT,0.6661,BASSIN DE GOUZON,2,"ph,tds"
23262,VIGEVILLE,0.9532,REGION D'AHUN,2,"ph,tds"
23265,VILLENEUVE (LA),0.5596,MERINCHAL ST BARD,2,"ph,tds"
23266,VILLETELLE (LA),0.8431,MAGNAT L'ETRANGE,2,"ph,tds"
24001,ABJAT-SUR-BANDIAT,0.8673,NONTRONNAIS (PINARD),2,"ph,tds"
24004,AJAT,0.2,VALLEE DU MANOIRE,2,"ph,tds"
24016,AUGIGNAC,0.8673,NONTRONNAIS (PINARD),2,"ph,tds"
24018,AURIAC-DU-PERIGORD,0.2,CONDAT (CHARNAILLAS),2,"ph,tds"
24020,BACHELLERIE (LA),0.2,,2,"ph,tds"
24022,BADEFOLS-SUR-DORDOGNE,0.2,BADEFOLS SUR DORDOGNE,2,"ph,tds"
24024,BARDOU,0.2,ISSIGEAC MONTAUT,2,"ph,tds"
24025,BARS,0.1998,VALLEE DU MANOIRE,2,"ph,tds"
24029,BEAUPOUYET,0.2,MUSSIDAN SUD,2,"ph,tds"
24042,BIRAS,0.2,COULOU (LES MOULINEAUX),2,"ph,tds"
24043,BIRON,0.2,MONPAZIER BEAUMONT (FORAGE),2,"ph,tds"
24045,BOISSE,0.2,ISSIGEAC MONTAUT,2,"ph,tds"
24046,BOISSEUILH,0.2,HAUTEFORT,2,"ph,tds"
24048,BONNEVILLE-ET-SAINT-AVIT-DE-FUMADIERES,0.2,VELINES LE ROC,2,"ph,tds"
24052,BOUILLAC,0.2,MONPAZIER BEAUMONT (FORAGE),2,"ph,tds"
24057,BOURG-DES-MAISONS,0.2,LA TOUR BLANCHE,2,"ph,tds"
24059,BOURGNAC,0.2,MUSSIDAN SUD,2,"ph,tds"
24060,BOURNIQUEL,0.2,BADEFOLS SUR DORDOGNE,2,"ph,tds"
24062,BOUTEILLES-SAINT-SEBASTIEN,0.2,VALLEE DE LA LIZONNE,2,"ph,tds"
24066,BROUCHAUD,0.2,VALLEE AUVEZERE (CREZENS),2,"ph,tds"
24069,BUSSAC,0.1997,COULOU (LISLE),2,"ph,tds"
24070,BUSSEROLLES,0.8673,NONTRONNAIS (PINARD),2,"ph,tds"
24080,CAPDROT,0.2,MONPAZIER BEAUMONT (FORAGE),2,"ph,tds"
24090,CELLES,0.2,RIBERAC NORD,2,"ph,tds"
24094,CHALAGNAC,0.2,SAINT LAURENT SUR MANOIRE,2,"ph,tds"
24096,CHAMPAGNAC-DE-BELAIR,0.2,CANTILLAC,2,"ph,tds"
24101,CHAMPS-ROMAIN,0.8673,NONTRONNAIS (PINARD),2,"ph,tds"
24104,CHANTERAC,0.2,TOCANE SAINT APRE,2,"ph,tds"
24108,CHAPELLE-GONAGUET (LA),0.2,COULOU (LISLE),2,"ph,tds"
24110,CHAPELLE-MONTABOURLET (LA),0.2,LA TOUR BLANCHE,2,"ph,tds"
24111,CHAPELLE-MONTMOREAU (LA),0.1997,CANTILLAC,2,"ph,tds"
24114,CHASSAIGNES,0.2,SAINT PRIVAT DES PRES,2,"ph,tds"
24120,CHERVEIX-CUBAS,0.2,HAUTEFORT,2,"ph,tds"
24122,CLADECH,0.2,BELVES FONGAUFFIE,2,"ph,tds"
24123,CLERMONT-DE-BEAUREGARD,0.2,SAINT GEORGES DE MONTCLARD,2,"ph,tds"
24124,CLERMONT-D'EXCIDEUIL,0.8155,NANTHIAT,2,"ph,tds"
24128,COMBERANCHE-ET-EPELUCHE,0.2,RIBERAC NORD,2,"ph,tds"
24131,CONNEZAC,0.2,MAREUIL (RUDEAU),2,"ph,tds"
24134,CORGNAC-SUR-L'ISLE,0.8155,NANTHIAT,2,"ph,tds"
24138,COULOUNIEIX-CHAMIERS,0.1999,COULOU (LES MOULINEAUX),2,"ph,tds"
24139,COURSAC,0.1998,COULOU (LES MOULINEAUX),2,"ph,tds"
24146,CREYSSENSAC-ET-PISSOT,0.2,SAINT LAURENT SUR MANOIRE,2,"ph,tds"
24151,DOISSAT,0.2,BELVES FONGAUFFIE,2,"ph,tds"
24153,DORNAC (LA),0.2,CAUSSE DE TERRASSON(COLY),2,"ph,tds"
24154,DOUCHAPT,0.2,TOCANE SAINT APRE,2,"ph,tds"
24158,DUSSAC,0.8155,NANTHIAT,2,"ph,tds"
24159,ECHOURGNAC,0.2156,MONTPON,2,"ph,tds"
24160,EGLISE-NEUVE-DE-VERGT,0.2,VALLEE DU MANOIRE,2,"ph,tds"
24161,EGLISE-NEUVE-D'ISSAC,0.2,MUSSIDAN SUD,2,"ph,tds"
24163,ETOUARS,0.8673,NONTRONNAIS (PINARD),2,"ph,tds"
24165,EYGURANDE-ET-GARDEDEUIL,0.2156,MONTPON,2,"ph,tds"
24174,FANLAC,0.1997,SAINT LEON SUR VEZERE (ROCHETTE),2,"ph,tds"
24176,FAURILLES,0.2,ISSIGEAC MONTAUT,2,"ph,tds"
24191,FRAISSE,0.2149,SAINT PIERRE D'EYRAUD,2,"ph,tds"
24192,GABILLOU,0.1997,SAINTE ORSE,2,"ph,tds"
24196,GENIS,0.913,PAYZAC,2,"ph,tds"
24199,GOUT-ROSSIGNOL,0.2,VERTEILLAC,2,"ph,tds"
24202,GRANGES-D'ANS,0.1997,SAINTE ORSE,2,"ph,tds"
24205,GRIGNOLS,0.2,COULOU (GRIGNOLS),2,"ph,tds"
24206,GRIVES,0.2,BELVES FONGAUFFIE,2,"ph,tds"
24208,GRUN-BORDAS,0.2,COULOU (LES MOULINEAUX),2,"ph,tds"
24214,JAVERLHAC-ET-LA-CHAPELLE-SAINT-ROBERT,0.8673,NONTRONNAIS (PINARD),2,"ph,tds"
24221,RUDEAU-LADOSSE,0.1998,MAREUIL (RUDEAU),2,"ph,tds"
24228,LANQUAIS,0.2,LALINDE (HYVERNATS),2,"ph,tds"
24230,LARZAC,0.2,BELVES FONGAUFFIE,2,"ph,tds"
24234,LECHES (LES),0.2,MUSSIDAN SUD,2,"ph,tds"
24237,LEMBRAS,0.2,CREYSSE,2,"ph,tds"
24241,LIMEYRAT,0.2,VALLEE DU MANOIRE,2,"ph,tds"
24247,LUSIGNAC,0.2,VALLEE DE LA LIZONNE,2,"ph,tds"
24262,MAYAC,0.2,VALLEE DE L'ISLE,2,"ph,tds"
24266,MENSIGNAC,0.2,COULOU (LISLE),2,"ph,tds"
24267,MESCOULES,0.2662,SIGOULES SUD,2,"ph,tds"
24273,MOLIERES,0.2,MONPAZIER BEAUMONT (FORAGE),2,"ph,tds"
24277,MONFAUCON,0.2,VELINES GARRIGUE,2,"ph,tds"
24279,MONMARVES,0.2,ISSIGEAC MONTAUT,2,"ph,tds"
24280,MONPAZIER,0.2,MONPAZIER BEAUMONT (FORAGE),2,"ph,tds"
24281,MONSAC,0.1987,LALINDE (HYVERNATS),2,"ph,tds"
24282,MONSAGUEL,0.2,ISSIGEAC MONTAUT,2,"ph,tds"
24284,MONTAGNAC-D'AUBEROCHE,0.2,VALLEE AUVEZERE (CREZENS),2,"ph,tds"
24286,MONTAGRIER,0.2,TOCANE SAINT APRE,2,"ph,tds"
24287,MONTAUT,0.2,,2,"ph,tds"
24290,MONTFERRAND-DU-PERIGORD,0.2,MONPAZIER BEAUMONT (FORAGE),2,"ph,tds"
24293,MONPLAISANT,0.2,BELVES FONGAUFFIE,2,"ph,tds"
24295,MONTREM,0.2,COULOU (LES MOULINEAUX),2,"ph,tds"
24301,NADAILLAC,0.2,CAUSSE DE TERRASSON(COLY),2,"ph,tds"
24302,NAILHAC,0.2,HAUTEFORT,2,"ph,tds"
24303,NANTEUIL-AURIAC-DE-BOURZAC,0.2,VERTEILLAC,2,"ph,tds"
24304,NANTHEUIL,0.8155,NANTHIAT,2,"ph,tds"
24307,NAUSSANNES,0.2,MONPAZIER BEAUMONT (FORAGE),2,"ph,tds"
24313,ORLIAC,0.2,BELVES FONGAUFFIE,2,"ph,tds"
24323,PETIT-BERSAC,0.2,SAINT PRIVAT DES PRES,2,"ph,tds"
24326,PEYZAC-LE-MOUSTIER,0.2,SAINT LEON SUR VEZERE (ROCHETTE),2,"ph,tds"
24329,PIZOU (LE),0.2156,MONTPON,2,"ph,tds"
24330,PLAZAC,0.2,SAINT LEON SUR VEZERE (ROCHETTE),2,"ph,tds"
24334,PONTOURS,0.1997,BADEFOLS SUR DORDOGNE,2,"ph,tds"
24336,PRATS-DE-CARLUX,0.1997,CARLUX,2,"ph,tds"
24337,PRATS-DU-PERIGORD,0.2,MAZEY/PRATS/VILLEFRANCHE/STCER,2,"ph,tds"
24338,PRESSIGNAC-VICQ,0.199,SAINTE ALVERE FALGUEYRET,2,"ph,tds"
24339,PREYSSAC-D'EXCIDEUIL,0.2,EXCIDEUIL,2,"ph,tds"
24347,RAMPIEUX,0.2,MONPAZIER BEAUMONT (FORAGE),2,"ph,tds"
24348,RAZAC-D'EYMET,0.3093,EYMET CARROUSSEL,2,"ph,tds"
24359,SADILLAC,0.2656,SIGOULES SUD,2,"ph,tds"
24361,SAINT-AGNE,0.2,ISSIGEAC LEY FONT,2,"ph,tds"
24365,SAINT-AMAND-DE-VERGT,0.2,VERGT BOURG,2,"ph,tds"
24371,SAINT-AQUILIN,0.2,TOCANE SAINT APRE,2,"ph,tds"
24374,SAINT-AUBIN-DE-LANQUAIS,0.2,ISSIGEAC MONTAUT,2,"ph,tds"
24377,SAINT-AVIT-DE-VIALARD,0.2,SAINTE ALVERE FALGUEYRET,2,"ph,tds"
24378,SAINT-AVIT-RIVIERE,0.1997,MONPAZIER BEAUMONT (FORAGE),2,"ph,tds"
24381,SAINT-BARTHELEMY-DE-BUSSIERE,0.8673,NONTRONNAIS (PINARD),2,"ph,tds"
24382,SAINT-CAPRAISE-DE-LALINDE,0.2,LALINDE (HYVERNATS),2,"ph,tds"
24383,SAINT-CAPRAISE-D'EYMET,0.3093,EYMET CARROUSSEL,2,"ph,tds"
24384,SAINT-CASSIEN,0.2,MONPAZIER BEAUMONT (FORAGE),2,"ph,tds"
24390,SAINT-CREPIN-D'AUBEROCHE,0.2,VALLEE DU MANOIRE,2,"ph,tds"
24393,SAINTE-CROIX,0.2,MONPAZIER BEAUMONT (FORAGE),2,"ph,tds"
24394,SAINTE-CROIX-DE-MAREUIL,0.2,,2,"ph,tds"
24397,SAINT-CYR-LES-CHAMPAGNES,0.913,PAYZAC,2,"ph,tds"
24398,SAINT-ESTEPHE,0.8673,NONTRONNAIS (PINARD),2,"ph,tds"
24406,SAINTE-FOY-DE-BELVES,0.2,BELVES FONGAUFFIE,2,"ph,tds"
24408,SAINT-FRONT-D'ALEMPS,0.2,LA CHAPELLE (GANNE/LAS FONT),2,"ph,tds"
24415,SAINT-GERAUD-DE-CORPS,0.2156,MONTPON,2,"ph,tds"
24416,SAINT-GERMAIN-DE-BELVES,0.2,BELVES FONGAUFFIE,2,"ph,tds"
24417,SAINT-GERMAIN-DES-PRES,0.8155,NANTHIAT,2,"ph,tds"
24419,SAINT-GERMAIN-ET-MONS,0.2,ISSIGEAC LEY FONT,2,"ph,tds"
24421,SAINT-GEYRAC,0.2,VALLEE DU MANOIRE,2,"ph,tds"
24422,SAINT-HILAIRE-D'ESTISSAC,0.2,ISSAC,2,"ph,tds"
24441,SAINT-LEON-D'ISSIGEAC,0.2,ISSIGEAC MONTAUT,2,"ph,tds"
24444,SAINT-LOUIS-EN-L'ISLE,0.1998,MUSSIDAN NORD,2,"ph,tds"
24445,SAINT-MARCEL-DU-PERIGORD,0.2,SAINTE ALVERE FALGUEYRET,2,"ph,tds"
24446,SAINT-MARCORY,0.2,MONPAZIER BEAUMONT (FORAGE),2,"ph,tds"
24448,SAINT-MARTIAL-D'ALBAREDE,0.2,EXCIDEUIL,2,"ph,tds"
24451,SAINT-MARTIAL-DE-VALETTE,0.1998,NONTRON,2,"ph,tds"
24452,SAINT-MARTIAL-VIVEYROL,0.2,VERTEILLAC,2,"ph,tds"
24453,SAINT-MARTIN-DE-FRESSENGEAS,0.2,LA CHAPELLE (GANNE),2,"ph,tds"
24457,SAINT-MARTIN-L'ASTIER,0.1998,MUSSIDAN NORD,2,"ph,tds"
24458,SAINT-MARTIN-LE-PIN,0.8673,NONTRONNAIS (PINARD),2,"ph,tds"
24460,SAINT-MEARD-DE-DRONE,0.2,TOCANE SAINT APRE,2,"ph,tds"
24461,SAINT-MEARD-DE-GURCON,0.2,VELINES LE ROC,2,"ph,tds"
24463,SAINT-MEDARD-D'EXCIDEUIL,0.2,EXCIDEUIL,2,"ph,tds"
24465,SAINT-MICHEL-DE-DOUBLE,0.2,MUSSIDAN NORD,2,"ph,tds"
24466,SAINT-MICHEL-DE-MONTAIGNE,0.2,VELINES LE ROC,2,"ph,tds"
24472,SAINT-NEXANS,0.2,ISSIGEAC LEY FONT,2,"ph,tds"
24474,SAINT-PANCRACE,0.2,CANTILLAC,2,"ph,tds"
24477,SAINT-PARDOUX-DE-DRONE,0.2,TOCANE SAINT APRE,2,"ph,tds"
24478,SAINT-PARDOUX-ET-VIELVIC,0.2,BELVES FONGAUFFIE,2,"ph,tds"
24481,SAINT-PAUL-LA-ROCHE,0.8155,NANTHIAT,2,"ph,tds"
24484,SAINT-PIERRE-DE-CHIGNAC,0.2,VALLEE DU MANOIRE,2,"ph,tds"
24487,SAINT-PIERRE-D'EYRAUD,0.2368,,2,"ph,tds"
24491,SAINT-RABIER,0.2,CONDAT (CHARNAILLAS),2,"ph,tds"
24492,SAINTE-RADEGONDE,0.2,ISSIGEAC MONTAUT,2,"ph,tds"
24493,SAINT-RAPHAEL,0.2,HAUTEFORT,2,"ph,tds"
24495,SAINT-ROMAIN-DE-MONPAZIER,0.1997,MONPAZIER BEAUMONT (FORAGE),2,"ph,tds"
24496,SAINT-ROMAIN-ET-SAINT-CLEMENT,0.2,LA CHAPELLE (GANNE),2,"ph,tds"
24501,SAINT-SEURIN-DE-PRATS,0.2,VELINES LE ROC,2,"ph,tds"
24511,SAINT-VINCENT-JALMOUTIERS,0.2,SAINT PRIVAT DES PRES,2,"ph,tds"
24513,SAINT-VINCENT-SUR-L'ISLE,0.2,VALLEE DE L'ISLE,2,"ph,tds"
24521,SARLIAC-SUR-L'ISLE,0.2,VALLEE DE L'ISLE,2,"ph,tds"
24523,SAUSSIGNAC,0.2,MONESTIER BASTIDE,2,"ph,tds"
24526,SAVIGNAC-LEDRIER,0.913,PAYZAC,2,"ph,tds"
24527,SAVIGNAC-LES-EGLISES,0.2,VALLEE DE L'ISLE,2,"ph,tds"
24529,SEGONZAC,0.2,TOCANE SAINT APRE,2,"ph,tds"
24531,SERGEAC,0.2,SAINT LEON SUR VEZERE (ROCHETTE),2,"ph,tds"
24535,SIMEYROLS,0.2,CARLUX,2,"ph,tds"
24541,SOUDAT,0.8673,NONTRONNAIS (PINARD),2,"ph,tds"
24542,SOULAURES,0.2,GAUGEAC EYRIALS,2,"ph,tds"
24543,SOURZAC,0.2,MUSSIDAN SUD,2,"ph,tds"
24548,TEYJAT,0.8673,NONTRONNAIS (PINARD),2,"ph,tds"
24552,THONAC,0.1993,SAINT LEON SUR VEZERE (ROCHETTE),2,"ph,tds"
24565,VARAIGNES,0.8673,NONTRONNAIS (PINARD),2,"ph,tds"
24566,VARENNES,0.2,LALINDE (HYVERNATS),2,"ph,tds"
24569,VENDOIRE,0.2,VERTEILLAC,2,"ph,tds"
24570,VERDON,0.2,ISSIGEAC LEY FONT,2,"ph,tds"
24573,VERTEILLAC,0.2,VERTEILLAC,2,"ph,tds"
24576,VEYRINES-DE-VERGT,0.2,VERGT BOURG,2,"ph,tds"
24580,VILLAC,0.1998,CONDAT,2,"ph,tds"
25001,ABBANS-DESSOUS,0.1996,SDJ RESEAU PUITS D'ABBANS,2,"ph,tds"
25009,AISSEY,0.2,SIEHL HAUT SERVICE,2,"ph,tds"
25013,ALLONDANS,0.2,ALLONDANS,2,"ph,tds"
25029,AUBONNE,0.2,SIEHL HAUT SERVICE,2,"ph,tds"
25032,AUTECHAUX,0.2,CCDB RESEAU LA VERNE,2,"ph,tds"
25036,AVANNE-AVENEY,0.1164,GBM HAUTE LOUE,2,"ph,tds"
25039,AVOUDREY,0.2,SIEHL HAUT SERVICE,2,"ph,tds"
25040,BADEVEL,0.2,PMA 32,2,"ph,tds"
25043,BART,0.1997,PMA 32,2,"ph,tds"
25048,BAVANS,0.2,PMA 32,2,"ph,tds"
25052,BELMONT,0.2,SIEHL HAUT SERVICE,2,"ph,tds"
25053,BELVOIR,0.2,SIVU DE FROIDEFONTAINE,2,"ph,tds"
25057,BETHONCOURT,0.2,PMA 32,2,"ph,tds"
25062,BIZOT (LE),0.2,HAUT PLATEAU DU RUSSEY,2,"ph,tds"
25073,BONNAY,0.2,GBM MAROT,2,"ph,tds"
25074,BONNETAGE,0.2,HAUT PLATEAU DU RUSSEY,2,"ph,tds"
25077,BOSSE (LA),0.2,HAUT PLATEAU DU RUSSEY,2,"ph,tds"
25078,BOUCLANS,0.2,SIEHL BAS SERVICE,2,"ph,tds"
25086,BRAILLANS,0.1998,GBM EST ,2,"ph,tds"
25088,BRECONCHAUX,0.1993,RESEAU PUITS FOURBANNE,2,"ph,tds"
25089,BREMONDANS,0.2,SIEHL HAUT SERVICE,2,"ph,tds"
25091,BRESEUX (LES),0.2,S MAICHE,2,"ph,tds"
25092,BRETENIERE (LA),0.2,RESEAU PUITS FOURBANNE,2,"ph,tds"
25093,BRETIGNEY,0.2,S ABBAYE DES TROIS ROIS,2,"ph,tds"
25094,BRETIGNEY-NOTRE-DAME,0.2,SIEHL BAS SERVICE,2,"ph,tds"
25095,BRETONVILLERS,0.2,SIVU DE FROIDEFONTAINE,2,"ph,tds"
25097,BROGNARD,0.2,PMA 32,2,"ph,tds"
25100,BULLE,0.2,CFD VAU LES AIGUES,2,"ph,tds"
25109,CESSEY,0.2,SIEHL BAS SERVICE,2,"ph,tds"
25113,CHAMESEY,0.2,SIVU DE FROIDEFONTAINE,2,"ph,tds"
25116,CHAMPLIVE,0.2,SIEHL BAS SERVICE,2,"ph,tds"
25117,CHAMPOUX,0.2,GBM EST ,2,"ph,tds"
25120,CHANTRANS,0.2,SIEPA TUFFIERE,2,"ph,tds"
25124,CHARMAUVILLERS,0.2,S MAICHE,2,"ph,tds"
25125,CHARMOILLE,0.2,SIVU DE FROIDEFONTAINE,2,"ph,tds"
25126,CHARNAY,0.2,SIEHL BAS SERVICE,2,"ph,tds"
25127,CHARQUEMONT,0.2,S MAICHE,2,"ph,tds"
25141,CHAUX-LES-PASSAVANT,0.2,SIEHL HAUT SERVICE,2,"ph,tds"
25147,CHEMAUDIN ET VAUX,0.1997,SIEVO PUITS SAINT VIT,2,"ph,tds"
25148,CHENALOTTE (LA),0.2,HAUT PLATEAU DU RUSSEY,2,"ph,tds"
25151,CHEVIGNEY-LES-VERCEL,0.2,SIEHL HAUT SERVICE,2,"ph,tds"
25156,PAYS DE CLERVAL,0.1987,PAYS DE CLERVAL,2,"ph,tds"
25161,CONSOLATION-MAISONNETTES,0.2,SIEHL HAUT SERVICE,2,"ph,tds"
25162,CORCELLES-FERRIERES,0.2,SIEVO PUITS SAINT VIT,2,"ph,tds"
25164,CORCONDRAY,0.2,SIEVO PUITS SAINT VIT,2,"ph,tds"
25166,COTEBRUNE,0.2,SIEHL BAS SERVICE,2,"ph,tds"
25170,COURCELLES-LES-MONTBELIARD,0.1997,PMA 32,2,"ph,tds"
25171,COURCELLES,0.2,SIEHL BAS SERVICE,2,"ph,tds"
25174,COURTEFONTAINE,0.2,S MAICHE,2,"ph,tds"
25175,COURTETAIN-ET-SALANS,0.2,SIEHL HAUT SERVICE,2,"ph,tds"
25177,CROSEY-LE-GRAND,0.2,S VAL DE CUSANCE,2,"ph,tds"
25178,CROSEY-LE-PETIT,0.2,S VAL DE CUSANCE,2,"ph,tds"
25184,CUSE-ET-ADRISANS,0.2,CC2VV RÉSEAU PUITS DE ROUGEMONT,2,"ph,tds"
25188,DAMBENOIS,0.2,PMA 32,2,"ph,tds"
25189,DAMMARTIN-LES-TEMPLIERS,0.2,SIEHL BAS SERVICE,2,"ph,tds"
25190,DAMPIERRE-LES-BOIS,0.2,PMA 32,2,"ph,tds"
25193,DAMPRICHARD,0.2,S MAICHE,2,"ph,tds"
25195,DANNEMARIE-SUR-CRETE,0.2,SIEVO PUITS SAINT VIT,2,"ph,tds"
25203,DOMPREL,0.2,SIEHL HAUT SERVICE,2,"ph,tds"
25208,DURNES,0.2,SIEHL BAS SERVICE,2,"ph,tds"
25213,ECORCES (LES),0.2,S MAICHE,2,"ph,tds"
25215,ECOUVOTTE (L'),0.2,RESEAU PUITS FOURBANNE,2,"ph,tds"
25218,EPENOUSE,0.2,SIEHL HAUT SERVICE,2,"ph,tds"
25220,EPEUGNEY,0.2,SIEHL BAS SERVICE,2,"ph,tds"
25222,ETALANS,0.2,SIEHL BAS SERVICE,2,"ph,tds"
25225,ETRABONNE,0.2,SIEVO PUITS COURCHAPON,2,"ph,tds"
25226,ETRAPPE,0.2,S ABBAYE DES TROIS ROIS,2,"ph,tds"
25227,ETRAY,0.2,SIEHL HAUT SERVICE,2,"ph,tds"
25231,EYSSON,0.2,SIEHL HAUT SERVICE,2,"ph,tds"
25232,FAIMBE,0.2,S ABBAYE DES TROIS ROIS,2,"ph,tds"
25233,FALLERANS,0.2,SIEHL HAUT SERVICE,2,"ph,tds"
25234,FERRIERES-LE-LAC,0.2,S MAICHE,2,"ph,tds"
25235,FERRIERES-LES-BOIS,0.2,SIEVO PUITS SAINT VIT,2,"ph,tds"
25241,FLAGEY,0.2,SIEPA TUFFIERE,2,"ph,tds"
25242,FLAGEY-RIGNEY,0.2,RESEAU SOURCE BLAFOND,2,"ph,tds"
25243,FLANGEBOUCHE,0.2,SIEHL HAUT SERVICE,2,"ph,tds"
25246,FONTAINE-LES-CLERVAL,0.2,PAYS DE CLERVAL,2,"ph,tds"
25255,FOURNET-BLANCHEROCHE,0.2,HAUT PLATEAU DU RUSSEY,2,"ph,tds"
25256,FRAMBOUHANS,0.2,S MAICHE,2,"ph,tds"
25257,FRANEY,0.2,SIEVO PUITS SAINT VIT,2,"ph,tds"
25262,FUANS,0.2,SIEHL HAUT SERVICE,2,"ph,tds"
25264,GEMONVAL,0.2,S ABBAYE DES TROIS ROIS,2,"ph,tds"
25265,GENEUILLE,0.2,GBM MAROT,2,"ph,tds"
25267,GENNES,0.1164,GBM HAUTE LOUE,2,"ph,tds"
25270,GEVRESIN,0.2,SIEPA TUFFIERE,2,"ph,tds"
25273,GLAMONDANS,0.2,SIEHL BAS SERVICE,2,"ph,tds"
25277,GONDENANS-LES-MOULINS,0.2,CC2VV RÉSEAU PUITS DE ROUGEMONT,2,"ph,tds"
25286,GRAND'COMBE-DES-BOIS,0.2,HAUT PLATEAU DU RUSSEY,2,"ph,tds"
25298,GROSBOIS,0.2,RESEAU PUITS FOURBANNE,2,"ph,tds"
25306,HOPITAL-SAINT-LIEFFROY (L'),0.2,PAYS DE CLERVAL,2,"ph,tds"
25314,INDEVILLERS,0.1997,S MAICHE,2,"ph,tds"
25316,ISSANS,0.1999,,2,"ph,tds"
25317,JALLERANGE,0.2,SIEVO PUITS COURCHAPON,2,"ph,tds"
25326,LANTENNE-VERTIERE,0.2,SIEVO PUITS COURCHAPON,2,"ph,tds"
25328,LARNOD,0.1164,GBM HAUTE LOUE,2,"ph,tds"
25332,LAVERNAY,0.2,SIEVO PUITS SAINT VIT,2,"ph,tds"
25338,LIZINE,0.2,SIEPA TUFFIERE,2,"ph,tds"
25355,MAGNY-CHATELARD,0.1997,SIEHL BAS SERVICE,2,"ph,tds"
25360,MALBRANS,0.2,SIEHL BAS SERVICE,2,"ph,tds"
25366,MANCENANS-LIZERNE,0.2,S MAICHE,2,"ph,tds"
25369,MARVELISE,0.1997,S ABBAYE DES TROIS ROIS,2,"ph,tds"
25371,MAZEROLLES-LE-SALIN,0.2,SIEVO PUITS SAINT VIT,2,"ph,tds"
25373,MEMONT (LE),0.2,HAUT PLATEAU DU RUSSEY,2,"ph,tds"
25374,MERCEY-LE-GRAND,0.2,SIEVO PUITS COURCHAPON,2,"ph,tds"
25375,LES MONTS-RONDS,0.2,SIEHL BAS SERVICE,2,"ph,tds"
25383,MONCLEY,0.2,SIEVO PUITS SAINT VIT,2,"ph,tds"
25392,MONT-DE-VOUGNEY,0.2,S MAICHE,2,"ph,tds"
25395,MONTFAUCON,0.1164,GBM HAUTE LOUE,2,"ph,tds"
25404,MONTMAHOUX,0.2,SIEPA TUFFIERE,2,"ph,tds"
25408,MONTUSSAINT,0.2,RESEAU PUITS FOURBANNE,2,"ph,tds"
25410,MORRE,0.1164,GBM HAUTE LOUE,2,"ph,tds"
25414,MOUTHEROT (LE),0.2,SIEVO PUITS COURCHAPON,2,"ph,tds"
25417,NAISEY-LES-GRANGES,0.2,SIEHL BAS SERVICE,2,"ph,tds"
25419,NANS,0.2,CC2VV RÉSEAU PUITS DE ROUGEMONT,2,"ph,tds"
25427,NOIRONTE,0.2,SIEVO PUITS SAINT VIT,2,"ph,tds"
25428,NOMMAY,0.2,PMA 32,2,"ph,tds"
25430,OLLANS,0.2,RESEAU SOURCE BLAFOND,2,"ph,tds"
25434,ORNANS,0.2,SIEHL BAS SERVICE,2,"ph,tds"
25435,ORSANS,0.2,SIEHL HAUT SERVICE,2,"ph,tds"
25437,OSSE,0.2,SIEHL BAS SERVICE,2,"ph,tds"
25441,OUVANS,0.2,SIEHL FROIDEFONTAINE,2,"ph,tds"
25445,PAROY,0.2,S DES EAUX DE LA CHASSAGNE,2,"ph,tds"
25446,PASSAVANT,0.2,SIEHL HAUT SERVICE,2,"ph,tds"
25447,PASSONFONTAINE,0.2,SIEHL HAUT SERVICE,2,"ph,tds"
25448,PELOUSEY,0.2,SIEVO PUITS SAINT VIT,2,"ph,tds"
25455,PLACEY,0.2,SIEVO PUITS SAINT VIT,2,"ph,tds"
25461,POMPIERRE-SUR-DOUBS,0.1998,PAYS DE CLERVAL,2,"ph,tds"
25467,POUILLEY-LES-VIGNES,0.2,SIEVO PUITS SAINT VIT,2,"ph,tds"
25471,PROVENCHERE,0.2,SIVU DE FROIDEFONTAINE,2,"ph,tds"
25472,PUESSANS,0.2,RESEAU PUITS FOURBANNE,2,"ph,tds"
25474,PUY (LE),0.2,RESEAU PUITS FOURBANNE,2,"ph,tds"
25479,RANG,0.2,PAYS DE CLERVAL,2,"ph,tds"
25489,REUGNEY,0.2,SIEPA TUFFIERE,2,"ph,tds"
25491,RIGNOSOT,0.2,RESEAU SOURCE BLAFOND,2,"ph,tds"
25492,RILLANS,0.2,CCDB RESEAU LA VERNE,2,"ph,tds"
25498,ROGNON,0.2,RESEAU PUITS FOURBANNE,2,"ph,tds"
25500,RONCHAUX,0.2,S DES EAUX DE LA CHASSAGNE,2,"ph,tds"
25506,ROUGEMONTOT,0.2,RESEAU PUITS FOURBANNE,2,"ph,tds"
25507,ROUHE,0.2,SIEHL BAS SERVICE,2,"ph,tds"
25508,ROULANS,0.2,RESEAU PUITS FOURBANNE,2,"ph,tds"
25510,RUFFEY-LE-CHATEAU,0.2,SIEVO PUITS COURCHAPON,2,"ph,tds"
25511,RUREY,0.2,SIEHL BAS SERVICE,2,"ph,tds"
25517,SAINT-GORGON-MAIN,0.2,SIEHL HAUT SERVICE,2,"ph,tds"
25520,SAINT-JUAN,0.2,SIEHL HAUT SERVICE,2,"ph,tds"
25521,SAINT-JULIEN-LES-MONTBELIARD,0.2,ALLONDANS,2,"ph,tds"
25522,SAINT-JULIEN-LES-RUSSEY,0.2,HAUT PLATEAU DU RUSSEY,2,"ph,tds"
25523,SAINTE-MARIE,0.2,ALLONDANS,2,"ph,tds"
25525,SAINT-POINT-LAC,0.2,CCLMHD TAREAUX,2,"ph,tds"
25535,SAULES,0.2,SIEHL BAS SERVICE,2,"ph,tds"
25538,SECHIN,0.2,RESEAU PUITS FOURBANNE,2,"ph,tds"
25540,SEMONDANS,0.2,ALLONDANS,2,"ph,tds"
25554,SURMONT,0.2,SIVU DE FROIDEFONTAINE,2,"ph,tds"
25557,TALLENAY,0.2,GBM MAROT,2,"ph,tds"
25558,TARCENAY-FOUCHERANS,0.2,SIEHL BAS SERVICE,2,"ph,tds"
25559,THIEBOUHANS,0.2,S MAICHE,2,"ph,tds"
25565,TOUILLON-ET-LOUTELET,0.1999,CCLMHD JOUX MONTEZAN,2,"ph,tds"
25569,TREPOT,0.2,SIEHL BAS SERVICE,2,"ph,tds"
25571,TREVILLERS,0.2,S MAICHE,2,"ph,tds"
25578,VALDAHON,0.2,SIEHL HAUT SERVICE,2,"ph,tds"
25582,VALLEROY,0.2,CCDB MONCEY-THUREY-VALLEROY,2,"ph,tds"
25586,VANDONCOURT,0.2,PMA 32,2,"ph,tds"
25596,VELLEROT-LES-VERCEL,0.2,SIEHL HAUT SERVICE,2,"ph,tds"
25599,VENNANS,0.2,RESEAU PUITS FOURBANNE,2,"ph,tds"
25600,VENNES,0.2,SIEHL HAUT SERVICE,2,"ph,tds"
25601,VERCEL-VILLEDIEU-LE-CAMP,0.2,SIEHL HAUT SERVICE,2,"ph,tds"
25602,VERGRANNE,0.2,CCDB RESEAU LA VERNE,2,"ph,tds"
25604,VERNE,0.2,CCDB RESEAU LA VERNE,2,"ph,tds"
25611,VEZE (LA),0.1164,GBM HAUTE LOUE,2,"ph,tds"
25613,VIETHOREY,0.2,PAYS DE CLERVAL,2,"ph,tds"
25622,VILLERS-BUZON,0.2,SIEVO PUITS SAINT VIT,2,"ph,tds"
25623,VILLERS-CHIEF,0.2,SIEHL HAUT SERVICE,2,"ph,tds"
25624,VILLERS-GRELOT,0.2,RESEAU PUITS FOURBANNE,2,"ph,tds"
25631,VORGES-LES-PINS,0.1164,GBM HAUTE LOUE,2,"ph,tds"
25632,VOUJEAUCOURT,0.2,PMA 32,2,"ph,tds"
26014,ARTHEMONAY,0.2,S HERBASSE CHARMES,2,"ph,tds"
26028,BATHERNAY,0.2,S HERBASSE CHARMES,2,"ph,tds"
26033,BAUME-DE-TRANSIT (LA),0.2,,2,"ph,tds"
26051,BEZAUDUN-SUR-BINE,0.2,S HAUT ROUBION BINE,2,"ph,tds"
26068,CHALON (LE),0.2,S HERBASSE CHARMES,2,"ph,tds"
26072,CHANTEMERLE-LES-BLES,0.2,,2,"ph,tds"
26077,CHARMES-SUR-L'HERBASSE,0.2,S HERBASSE CHARMES,2,"ph,tds"
26082,CHATEAUNEUF-DE-BORDETTE,0.2,MIRABEL AUX BARONNIES-PIEGON-CHATEAUNEUF DE BORDETTE,2,"ph,tds"
26095,CLEON-D'ANDRAN,0.2,S BR LA MOTTE,2,"ph,tds"
26102,CONDILLAC,0.2,S DROME RHONE SERV JUSTON,2,"ph,tds"
26119,EROME,0.2,S VEAUNE LES BLACHES DISTRIBUTION,2,"ph,tds"
26133,FAY-LE-CLOS,0.2,S VALLOIRE MANTHES,2,"ph,tds"
26134,FELINES-SUR-RIMANDOULE,0.2,S HAUT ROUBION BINE,2,"ph,tds"
26140,GEYSSANS,0.2,S HERBASSE CHARMES,2,"ph,tds"
26156,LARNAGE,0.2,S VEAUNE LES MARAIS DISTRIBUTION,2,"ph,tds"
26170,MALISSARD,0.2,S PV MONTELIER BAYARDIERES,2,"ph,tds"
26171,MANAS,0.2,S BR SCES EYZAHUT,2,"ph,tds"
26172,MANTHES,0.2,S VALLOIRE MANTHES,2,"ph,tds"
26173,MARCHES,0.2,S ROCHEFORT-SAMSON GENETAIES,2,"ph,tds"
26174,MARGES,0.2,,2,"ph,tds"
26180,MERINDOL-LES-OLIVIERS,0.2,S RAO COLOMBAUD GENERAL,2,"ph,tds"
26208,MONTOISON,0.2,,2,"ph,tds"
26214,MORNANS,0.2,S HAUT ROUBION BINE,2,"ph,tds"
26225,PARNANS,0.2,S HERBASSE CHATILLON,2,"ph,tds"
26241,POET-CELARD (LE),0.2,S HAUT ROUBION BINE,2,"ph,tds"
26249,PONT-DE-BARRET,0.2,S BR SCES EYZAHUT,2,"ph,tds"
26256,PROPIAC,0.2,S RAO COLOMBAUD GENERAL,2,"ph,tds"
26257,PUYGIRON,0.2,S BR LA MOTTE,2,"ph,tds"
26287,ROYNAC,0.2,S BR LA MOTTE,2,"ph,tds"
26294,SAINT-BARDOUX,0.2,S VEAUNE LES MARAIS DISTRIBUTION,2,"ph,tds"
26314,SAINT-MARTIN-D'AOUT,0.2,S VALLOIRE MANTHES,2,"ph,tds"
26338,SAUZET,0.2,S BR LA MOTTE,2,"ph,tds"
26355,TRIORS,0.2,S HERBASSE CHATILLON,2,"ph,tds"
26356,TRUINAS,0.2,S HAUT ROUBION BINE,2,"ph,tds"
26358,UPIE,0.2,S SUD VAL LADEVEAUX,2,"ph,tds"
26381,JAILLANS,0.2,S ROCHEFORT-SAMSON GENETAIES,2,"ph,tds"
27004,AIGLEVILLE,0.2,VILLIERS EN DESOEUVRE,2,"ph,tds"
27010,AMECOURT,0.1996,HEBECOURT,2,"ph,tds"
27012,AMFREVILLE-LES-CHAMPS,0.2,AMFREVILLE LES CHAMPS,2,"ph,tds"
27013,AMFREVILLE-SOUS-LES-MONTS,0.1992,ALIZAY,2,"ph,tds"
27018,APPEVILLE-ANNEBAULT,0.2,,2,"ph,tds"
27019,ARMENTIERES-SUR-AVRE,0.2,GOURNAY LE GUERIN,2,"ph,tds"
27025,AUTHEUIL-AUTHOUILLET,0.2,CAILLY,2,"ph,tds"
27026,AUTHEVERNES,0.2,AUTHEVERNES,2,"ph,tds"
27027,AUTHIEUX (LES),0.2,CHAMPIGNY LA FUTELAYE,2,"ph,tds"
27028,AUTHOU,0.2,AUTHOU,2,"ph,tds"
27031,AVIRON,0.2,EVREUX,2,"ph,tds"
27034,BACQUEVILLE,0.2,AMFREVILLE LES CHAMPS,2,"ph,tds"
27039,BARNEVILLE-SUR-SEINE,0.1998,BOURG ACHARD,2,"ph,tds"
27042,BARVILLE,0.2,FRESNE CAUVERVILLE,2,"ph,tds"
27046,BAZOQUES,0.2,LIEUREY,2,"ph,tds"
27052,BEC-HELLOUIN (LE),0.2,PONT AUTHOU,2,"ph,tds"
27054,BEMECOURT,0.2,BRETEUIL SUR ITON,2,"ph,tds"
27059,BERNOUVILLE,0.2,BEZU SAINT ELOI,2,"ph,tds"
27064,BERVILLE-SUR-MER,0.2,BEUZEVILLE NORD,2,"ph,tds"
27066,BEZU-LA-FORET,0.2,BEZU LA FORET,2,"ph,tds"
27072,BOIS-JEROME-SAINT-OUEN,0.1814,ECOS,2,"ph,tds"
27077,BOISSEY-LE-CHATEL,0.2,PONT AUTHOU,2,"ph,tds"
27079,BOISSY-LAMBERVILLE,0.2,LIEUREY,2,"ph,tds"
27081,BONCOURT,0.2,MISEREY,2,"ph,tds"
27083,BONNEVILLE-APTOT,0.2,BERVILLE EN ROUMOIS,2,"ph,tds"
27096,BOTTEREAUX (LES),0.2,NEAUFLES AUVERGNY,2,"ph,tds"
27106,BOURNAINVILLE-FAVEROLLES,0.2,DRUCOURT,2,"ph,tds"
27109,BRAY,0.2,PLESSIS-SAINTE-OPPORTUNE,2,"ph,tds"
27111,BRETAGNOLLES,0.2,SAINT ANDRE DE L'EURE,2,"ph,tds"
27113,BRETIGNY,0.2,ST PIERRE DE SALERNE,2,"ph,tds"
27115,BREUX-SUR-AVRE,0.1991,BREUX TILLIERES,2,"ph,tds"
27117,BROGLIE,0.1999,BROGLIE,2,"ph,tds"
27120,BUREY,0.2,CROISILLE CONCHES NORD EST,2,"ph,tds"
27125,CALLEVILLE,0.2,HARCOURT,2,"ph,tds"
27133,CAUMONT,0.2,,2,"ph,tds"
27134,CAUVERVILLE-EN-ROUMOIS,0.2,CORNEVILLE SUR RISLE,2,"ph,tds"
27135,CESSEVILLE,0.2,AMFREVILLE-SAINT-AMAND,2,"ph,tds"
27136,CHAIGNES,0.2,VILLIERS EN DESOEUVRE,2,"ph,tds"
27139,CHAMBORD,0.2,CERNIERES MELICOURT,2,"ph,tds"
27141,CHAMP-DOLENT,0.2,CROISILLE CONCHES NORD EST,2,"ph,tds"
27144,CHAMPIGNY-LA-FUTELAYE,0.2,,2,"ph,tds"
27148,CHAPELLE-GAUTHIER (LA),0.2,BROGLIE,2,"ph,tds"
27149,CHAPELLE-HARENG (LA),0.2,DRUCOURT,2,"ph,tds"
27153,CHAUVINCOURT-PROVEMONT,0.2,BEZU SAINT ELOI,2,"ph,tds"
27154,CHAVIGNY-BAILLEUL,0.2,CHAMPIGNY LA FUTELAYE,2,"ph,tds"
27155,CHENNEBRUN,0.2,GOURNAY LE GUERIN,2,"ph,tds"
27162,COLLANDRES-QUINCARNON,0.2,BARQUET,2,"ph,tds"
27164,COMBON,0.2,PLESSIS-SAINTE-OPPORTUNE,2,"ph,tds"
27168,CONNELLES,0.2,ANDE,2,"ph,tds"
27169,CONTEVILLE,0.2,BEUZEVILLE NORD,2,"ph,tds"
27173,CORNEVILLE-LA-FOUQUETIERE,0.2,SAINT CLAIR D'ARCEY,2,"ph,tds"
27174,CORNEVILLE-SUR-RISLE,0.2,CORNEVILLE SUR RISLE,2,"ph,tds"
27177,COUDRES,0.1993,CHAMPIGNY LA FUTELAYE,2,"ph,tds"
27181,COURDEMANCHE,0.2,SAINT GERMAIN SUR AVRE,2,"ph,tds"
27185,CRESTOT,0.2,AMFREVILLE-SAINT-AMAND,2,"ph,tds"
27187,CRIQUEBEUF-LA-CAMPAGNE,0.2,CANAPPEVILLE,2,"ph,tds"
27188,CRIQUEBEUF-SUR-SEINE,0.2,PONT DE L'ARCHE,2,"ph,tds"
27193,CROTH,0.2,EZY CROTH,2,"ph,tds"
27194,CUVERVILLE,0.2,AMFREVILLE LES CHAMPS,2,"ph,tds"
27196,DAMPS (LES),0.2,PONT DE L'ARCHE,2,"ph,tds"
27201,DAUBEUF-LA-CAMPAGNE,0.2,CANAPPEVILLE,2,"ph,tds"
27202,DAUBEUF-PRES-VATTEVILLE,0.2,AMFREVILLE LES CHAMPS,2,"ph,tds"
27203,DOUAINS,0.2,DOUAINS,2,"ph,tds"
27207,DRUCOURT,0.2,DRUCOURT,2,"ph,tds"
27208,DURANVILLE,0.2,FRESNE CAUVERVILLE,2,"ph,tds"
27214,ECOUIS,0.2,AMFREVILLE LES CHAMPS,2,"ph,tds"
27215,ECQUETOT,0.2,CANAPPEVILLE,2,"ph,tds"
27217,EMANVILLE,0.2,PLESSIS-SAINTE-OPPORTUNE,2,"ph,tds"
27219,EPEGARD,0.2,ECARDENVILLE LA CAMPAGNE,2,"ph,tds"
27220,EPIEDS,0.2,SAINT ANDRE DE L'EURE,2,"ph,tds"
27222,EPREVILLE-EN-LIEUVIN,0.2,LIEUREY,2,"ph,tds"
27224,EPREVILLE-PRES-LE-NEUBOURG,0.2,NEUBOURG,2,"ph,tds"
27227,ETREVILLE,0.2,MANNEVILLE SUR RISLE,2,"ph,tds"
27233,FATOUVILLE-GRESTAIN,0.2,BEUZEVILLE NORD,2,"ph,tds"
27234,FAUVILLE,0.2,EVREUX,2,"ph,tds"
27239,FERRIERES-SAINT-HILAIRE,0.2,SAINT AUBIN LE VERTUEUX,2,"ph,tds"
27243,FIQUEFLEUR-EQUAINVILLE,0.2,BEUZEVILLE NORD,2,"ph,tds"
27245,FLEURY-LA-FORET,0.2,BEZU LA FORET,2,"ph,tds"
27247,FLIPOU,0.2,AMFREVILLE LES CHAMPS,2,"ph,tds"
27248,FOLLEVILLE,0.2,LIEUREY,2,"ph,tds"
27251,FONTAINE-L'ABBE,0.2,,2,"ph,tds"
27252,FONTAINE-LA-LOUVET,0.2,PIENCOURT,2,"ph,tds"
27256,FORET-DU-PARC (LA),0.2,SAINT ANDRE DE L'EURE,2,"ph,tds"
27258,FORT-MOVILLE,0.2,BEUZEVILLE NORD,2,"ph,tds"
27259,FOUCRAINVILLE,0.2,SAINT ANDRE DE L'EURE,2,"ph,tds"
27260,FOULBEC,0.2,BEUZEVILLE NORD,2,"ph,tds"
27261,FOUQUEVILLE,0.2,AMFREVILLE-SAINT-AMAND,2,"ph,tds"
27263,PERREY (LE),0.2,BOUQUELON,2,"ph,tds"
27269,FRESNE-CAUVERVILLE,0.2,FRESNE CAUVERVILLE,2,"ph,tds"
27271,FRESNEY,0.2,SAINT ANDRE DE L'EURE,2,"ph,tds"
27273,GADENCOURT,0.1989,BREUILPONT,2,"ph,tds"
27276,GAMACHES-EN-VEXIN,0.2,AUTHEVERNES,2,"ph,tds"
27277,BARONNIE (LA),0.2,,2,"ph,tds"
27281,GAUDREVILLE-LA-RIVIERE,0.2,CROISILLE CONCHES NORD EST,2,"ph,tds"
27282,GAUVILLE-LA-CAMPAGNE,0.2,TOURNEVILLE,2,"ph,tds"
27288,GLOS-SUR-RISLE,0.2,MONTFORT SUR RISLE,2,"ph,tds"
27289,GOULAFRIERE (LA),0.2,MONTREUIL ARGILLE,2,"ph,tds"
27294,VAL D'ORGER,0.2,AMFREVILLE LES CHAMPS,2,"ph,tds"
27299,GRAVIGNY,0.1999,EVREUX,2,"ph,tds"
27300,GROSLEY-SUR-RISLE,0.2,PLESSIS-SAINTE-OPPORTUNE,2,"ph,tds"
27301,GROSSOEUVRE,0.2,SAINT ANDRE DE L'EURE,2,"ph,tds"
27306,GUICHAINVILLE,0.1999,EVREUX,2,"ph,tds"
27307,GUISENIERS,0.2,HENNEZIS,2,"ph,tds"
27310,HACQUEVILLE,0.2,AUTHEVERNES,2,"ph,tds"
27312,HARDENCOURT-COCHEREL,0.2,MENILLES,2,"ph,tds"
27313,HARENGERE (LA),0.2,AMFREVILLE-SAINT-AMAND,2,"ph,tds"
27318,HAYE-DE-CALLEVILLE (LA),0.2,HARCOURT,2,"ph,tds"
27321,HAYE-LE-COMTE (LA),0.1462,LOUVIERS,2,"ph,tds"
27326,HECOURT,0.2,BREUILPONT,2,"ph,tds"
27330,HERQUEVILLE,0.2,,2,"ph,tds"
27331,HEUBECOURT-HARICOURT,0.1805,ECOS,2,"ph,tds"
27336,HEUNIERE (LA),0.2,DOUAINS,2,"ph,tds"
27337,HEUQUEVILLE,0.2,AMFREVILLE LES CHAMPS,2,"ph,tds"
27338,HOGUES (LES),0.2,PERRUEL,2,"ph,tds"
27346,HOUVILLE-EN-VEXIN,0.2,AMFREVILLE LES CHAMPS,2,"ph,tds"
27347,HUEST,0.1993,EVREUX,2,"ph,tds"
27348,IGOVILLE,0.2,ALIZAY,2,"ph,tds"
27349,ILLEVILLE-SUR-MONTFORT,0.2,BERVILLE EN ROUMOIS,2,"ph,tds"
27350,ILLIERS-L'EVEQUE,0.2,SAINT GERMAIN SUR AVRE,2,"ph,tds"
27351,INCARVILLE,0.1462,LOUVIERS,2,"ph,tds"
27354,IVILLE,0.2,AMFREVILLE-SAINT-AMAND,2,"ph,tds"
27360,JUMELLES,0.2,SAINT ANDRE DE L'EURE,2,"ph,tds"
27365,LERY,0.1462,VAL DE REUIL,2,"ph,tds"
27366,LETTEGUIVES,0.2,BOURG-BEAUDOUIN,2,"ph,tds"
27367,LIEUREY,0.2,LIEUREY,2,"ph,tds"
27368,LIGNEROLLES,0.2,CHAMPIGNY LA FUTELAYE,2,"ph,tds"
27369,LILLY,0.1997,BEZU LA FORET,2,"ph,tds"
27374,LOUVERSEY,0.2,CROISILLE CONCHES NORD EST,2,"ph,tds"
27376,LOUYE,0.2,SAINT GERMAIN SUR AVRE,2,"ph,tds"
27380,MALLEVILLE-SUR-LE-BEC,0.2,PONT AUTHOU,2,"ph,tds"
27381,MALOUY,0.2,FRESNE CAUVERVILLE,2,"ph,tds"
27384,MANNEVILLE-LA-RAOULT,0.2,BEUZEVILLE NORD,2,"ph,tds"
27393,MARTAINVILLE,0.2,BEUZEVILLE NORD,2,"ph,tds"
27394,MARTOT,0.2,PONT DE L'ARCHE,2,"ph,tds"
27396,MENESQUEVILLE,0.2,CHARLEVAL,2,"ph,tds"
27399,MERCEY,0.2,DOUAINS,2,"ph,tds"
27400,MEREY,0.2,BREUILPONT,2,"ph,tds"
27401,MESNIL-FUGUET (LE),0.2,TOURNEVILLE,2,"ph,tds"
27404,MESNIL-ROUSSET,0.2,CERNIERES MELICOURT,2,"ph,tds"
27405,MESNIL-SOUS-VIENNE,0.2,MAINNEVILLE,2,"ph,tds"
27407,MESNIL-VERCLIVES,0.2,AMFREVILLE LES CHAMPS,2,"ph,tds"
27408,MEZIERES-EN-VEXIN,0.1814,ECOS,2,"ph,tds"
27410,MISEREY,0.1987,MISEREY,2,"ph,tds"
27411,MOISVILLE,0.2,CHAMPIGNY LA FUTELAYE,2,"ph,tds"
27415,MORAINVILLE-JOUVEAUX,0.2,LIEUREY,2,"ph,tds"
27418,MORSAN,0.2,LIEUREY,2,"ph,tds"
27420,MOUFLAINES,0.2,AUTHEVERNES,2,"ph,tds"
27423,MUZY,0.2,SAINT GERMAIN SUR AVRE,2,"ph,tds"
27424,NAGEL-SEEZ-MESNIL,0.2,CROISILLE CONCHES NORD EST,2,"ph,tds"
27429,NEUILLY,0.2,BREUILPONT,2,"ph,tds"
27433,NEUVILLE-SUR-AUTHOU,0.2,ST PIERRE DE SALERNE,2,"ph,tds"
27434,NOARDS,0.2,LIEUREY,2,"ph,tds"
27435,NOE-POULAIN (LA),0.2,LIEUREY,2,"ph,tds"
27436,NOGENT-LE-SEC,0.2,CROISILLE CONCHES NORD EST,2,"ph,tds"
27442,NOTRE-DAME-DU-HAMEL,0.2,CERNIERES MELICOURT,2,"ph,tds"
27445,NOYERS,0.2,AUTHEVERNES,2,"ph,tds"
27446,ORMES,0.2,FERRIERES HAUT CLOCHER,2,"ph,tds"
27447,VAL-DORE (LE),0.2,CROISILLE CONCHES NORD EST,2,"ph,tds"
27454,PERRUEL,0.2,PERRUEL,2,"ph,tds"
27455,PIENCOURT,0.2,PIENCOURT,2,"ph,tds"
27462,PLANQUAY (LE),0.2,DRUCOURT,2,"ph,tds"
27466,PLESSIS-SAINTE-OPPORTUNE (LE),0.2,,2,"ph,tds"
27472,PORTES,0.2,FERRIERES HAUT CLOCHER,2,"ph,tds"
27478,PREY,0.1993,EVREUX,2,"ph,tds"
27481,PULLAY,0.248,,2,"ph,tds"
27490,RICHEVILLE,0.2,AUTHEVERNES,2,"ph,tds"
27495,ROQUETTE (LA),0.2,AMFREVILLE LES CHAMPS,2,"ph,tds"
27496,ROSAY-SUR-LIEURE,0.198,CHARLEVAL,2,"ph,tds"
27498,ROUGE-PERRIERS,0.2,ECARDENVILLE LA CAMPAGNE,2,"ph,tds"
27501,ROUVRAY,0.2,HOULBEC COCHEREL,2,"ph,tds"
27517,SAINT-AUBIN-SUR-GAILLON,0.2,GAILLON,2,"ph,tds"
27520,SAINT-BENOIT-DES-OMBRES,0.2,ST PIERRE DE SALERNE,2,"ph,tds"
27521,SAINT-CHRISTOPHE-SUR-AVRE,0.2,GOURNAY LE GUERIN,2,"ph,tds"
27522,SAINT-CHRISTOPHE-SUR-CONDE,0.2,CAMPIGNY,2,"ph,tds"
27524,SAINTE-COLOMBE-LA-COMMANDERIE,0.2,NEUBOURG,2,"ph,tds"
27525,SAINTE-COLOMBE-PRES-VERNON,0.2,HOULBEC COCHEREL,2,"ph,tds"
27529,SAINT-CYR-LA-CAMPAGNE,0.2,,2,"ph,tds"
27530,SAINT-DENIS-D'AUGERONS,0.2,MONTREUIL ARGILLE,2,"ph,tds"
27531,SAINT-DENIS-DES-MONTS,0.2,PONT AUTHOU,2,"ph,tds"
27533,SAINT-DENIS-LE-FERMENT,0.2,HEBECOURT,2,"ph,tds"
27535,SAINT-ELIER,0.2,CROISILLE CONCHES NORD EST,2,"ph,tds"
27536,SAINT-ELOI-DE-FOURQUES,0.2,ECARDENVILLE LA CAMPAGNE,2,"ph,tds"
27537,SAINT-ETIENNE-DU-VAUVRAY,0.1459,VAL DE REUIL,2,"ph,tds"
27539,SAINT-ETIENNE-SOUS-BAILLEUL,0.2,GAILLON,2,"ph,tds"
27541,MESNIL-SAINT-JEAN (LE),0.2,LIEUREY,2,"ph,tds"
27542,SAINT-GEORGES-DU-VIEVRE,0.2,,2,"ph,tds"
27543,SAINT-GEORGES-MOTEL,0.2,SAINT GERMAIN SUR AVRE,2,"ph,tds"
27544,SAINT-GERMAIN-DE-FRESNEY,0.2,SAINT ANDRE DE L'EURE,2,"ph,tds"
27545,SAINT-GERMAIN-DE-PASQUIER,0.2,GRAND BOURGTHEROULDE,2,"ph,tds"
27546,SAINT-GERMAIN-DES-ANGLES,0.2,TOURNEVILLE,2,"ph,tds"
27548,SAINT-GERMAIN-SUR-AVRE,0.1998,SAINT GERMAIN SUR AVRE,2,"ph,tds"
27553,SAINT-JULIEN-DE-LA-LIEGUE,0.2,GAILLON,2,"ph,tds"
27555,SAINT-LAURENT-DES-BOIS,0.1998,SAINT GERMAIN SUR AVRE,2,"ph,tds"
27556,SAINT-LAURENT-DU-TENCEMENT,0.2,MONTREUIL ARGILLE,2,"ph,tds"
27557,SAINT-LEGER-DE-ROTES,0.2,SAINT LEGER DE ROTES,2,"ph,tds"
27558,SAINT-LEGER-DU-GENNETEY,0.2,BERVILLE EN ROUMOIS,2,"ph,tds"
27560,SAINT-LUC,0.2,VIEIL EVREUX,2,"ph,tds"
27561,SAINT-MACLOU,0.2,BEUZEVILLE NORD,2,"ph,tds"
27564,SAINT-MARDS-DE-FRESNE,0.2,DRUCOURT,2,"ph,tds"
27567,SAINTE-MARIE-DE-VATIMESNIL,0.2,AUTHEVERNES,2,"ph,tds"
27568,SAINTE-MARTHE,0.2,CROISILLE CONCHES NORD EST,2,"ph,tds"
27570,SAINT-MARTIN-LA-CAMPAGNE,0.2,TOURNEVILLE,2,"ph,tds"
27572,SAINT-MESLIN-DU-BOSC,0.2,ECARDENVILLE LA CAMPAGNE,2,"ph,tds"
27576,SAINTE-OPPORTUNE-DU-BOSC,0.2,ECARDENVILLE LA CAMPAGNE,2,"ph,tds"
27579,SAINT-OUEN-DE-PONTCHEUIL,0.2,AMFREVILLE-SAINT-AMAND,2,"ph,tds"
27584,SAINT-PAUL-DE-FOURQUES,0.2,ECARDENVILLE LA CAMPAGNE,2,"ph,tds"
27586,SAINT-PHILBERT-SUR-BOISSEY,0.2,PONT AUTHOU,2,"ph,tds"
27587,SAINT-PHILBERT-SUR-RISLE,0.2,MONTFORT SUR RISLE,2,"ph,tds"
27589,SAINT-PIERRE-DE-BAILLEUL,0.2,GAILLON,2,"ph,tds"
27590,SAINT-PIERRE-DE-CERNIERES,0.2,CERNIERES MELICOURT,2,"ph,tds"
27592,SAINT-PIERRE-DE-SALERNE,0.2,ST PIERRE DE SALERNE,2,"ph,tds"
27593,SAINT-PIERRE-DES-FLEURS,0.2,GRAND BOURGTHEROULDE,2,"ph,tds"
27594,SAINT-PIERRE-DES-IFS,0.2,CONDE SUR RISLE,2,"ph,tds"
27595,SAINT-PIERRE-DU-BOSGUERARD,0.2,GRAND BOURGTHEROULDE,2,"ph,tds"
27597,SAINT-PIERRE-DU-VAL,0.2,BEUZEVILLE NORD,2,"ph,tds"
27598,SAINT-PIERRE-DU-VAUVRAY,0.1462,VAL DE REUIL,2,"ph,tds"
27599,SAINT-PIERRE-LA-GARENNE,0.2,GAILLON,2,"ph,tds"
27601,SAINT-SAMSON-DE-LA-ROQUE,0.2,BOUQUELON,2,"ph,tds"
27603,SAINT-SIMEON,0.2,LIEUREY,2,"ph,tds"
27604,SAINT-SULPICE-DE-GRIMBOUVILLE,0.2,BEUZEVILLE NORD,2,"ph,tds"
27605,SAINT-SYLVESTRE-DE-CORMEILLES,0.2,CORMEILLES,2,"ph,tds"
27609,SAINT-VICTOR-D'EPINE,0.2,LIEUREY,2,"ph,tds"
27611,SAINT-VIGOR,0.2,FONTAINE SOUS JOUY,2,"ph,tds"
27613,SAINT-VINCENT-DU-BOULAY,0.2,DRUCOURT,2,"ph,tds"
27615,SASSEY,0.2,EVREUX,2,"ph,tds"
27616,SAUSSAYE (LA),0.2,GRAND BOURGTHEROULDE,2,"ph,tds"
27621,SEREZ,0.2,SAINT ANDRE DE L'EURE,2,"ph,tds"
27625,SUZAY,0.2,AUTHEVERNES,2,"ph,tds"
27627,THEIL-NOLENT (LE),0.2,FRESNE CAUVERVILLE,2,"ph,tds"
27630,THIBOUVILLE,0.2,ECARDENVILLE LA CAMPAGNE,2,"ph,tds"
27631,THIERVILLE,0.2,BERVILLE EN ROUMOIS,2,"ph,tds"
27633,THILLIERS-EN-VEXIN (LES),0.1971,AUTHEVERNES,2,"ph,tds"
27641,TILLEUL-LAMBERT (LE),0.2,PLESSIS-SAINTE-OPPORTUNE,2,"ph,tds"
27655,TOURVILLE-SUR-PONT-AUDEMER,0.2,CAMPIGNY,2,"ph,tds"
27659,TRINITE (LA),0.2,VIEIL EVREUX,2,"ph,tds"
27661,TRINITE-DE-THOUBERVILLE (LA),0.2,SAINT OUEN THOUBERVILLE,2,"ph,tds"
27663,TRONCQ (LE),0.2,ECARDENVILLE LA CAMPAGNE,2,"ph,tds"
27665,TROUVILLE-LA-HAULE,0.2,MANNEVILLE SUR RISLE,2,"ph,tds"
27668,VAL-DAVID (LE),0.2,VIEIL EVREUX,2,"ph,tds"
27670,VANDRIMARE,0.2,BOURG-BEAUDOUIN,2,"ph,tds"
27673,VATTEVILLE,0.2,AMFREVILLE LES CHAMPS,2,"ph,tds"
27680,VERNEUSSES,0.2,MONTREUIL ARGILLE,2,"ph,tds"
27682,VESLY,0.2,AUTHEVERNES,2,"ph,tds"
27683,VEZILLON,0.2,ANDELYS VEZILLON,2,"ph,tds"
27685,VIEILLE-LYRE (LA),0.1999,,2,"ph,tds"
27690,VILLERS-EN-VEXIN,0.2,AUTHEVERNES,2,"ph,tds"
27691,VILLERS-SUR-LE-ROULE,0.2,AILLY,2,"ph,tds"
27692,VILLETTES,0.1991,CANAPPEVILLE,2,"ph,tds"
27695,VILLEZ-SUR-LE-NEUBOURG,0.2,NEUBOURG,2,"ph,tds"
27698,VITOT,0.2,ECARDENVILLE LA CAMPAGNE,2,"ph,tds"
27700,VRAIVILLE,0.2,SAINT DIDIER DES BOIS,2,"ph,tds"
28003,ALLAINVILLE,0.2,VERT EN DROUAIS-BOISSY-ALLAINV-LOUVILLIE,2,"ph,tds"
28004,ALLONNES,0.2,SECTEUR PRUNAY LE GILLON,2,"ph,tds"
28030,BEAUCHE,0.2,RUEIL LA GADELIERE-BEAUCHE,2,"ph,tds"
28036,BERCHERES-SUR-VESGRE,0.172,SIE DE LA VAUCOULEURS,2,"ph,tds"
28046,BOISSY-LES-PERCHE,0.3833,SIDEP DU VAL ST CYR-RESSUINTES,2,"ph,tds"
28060,BRICONVILLE,0.2,BAILLEAU-FRESNAY-BRICONVILLE,2,"ph,tds"
28062,BROUE,0.2,SECTEUR ABONDANT,2,"ph,tds"
28065,BULLAINVILLE,0.2,SECTEUR BONNEVAL,2,"ph,tds"
28076,CHAPELLE-FORAINVILLIERS (LA),0.2,EAUX DE RUFFIN,2,"ph,tds"
28087,CHATAINCOURT,0.2,SECTEUR ST LUBIN DES JONCHERETS,2,"ph,tds"
28094,CHAUDON,0.2,EAUX DE RUFFIN,2,"ph,tds"
28111,COUDRAY-AU-PERCHE,0.1994,SIE DE BETHONVILLIERS,2,"ph,tds"
28113,COULOMBS,0.2,EAUX DE RUFFIN,2,"ph,tds"
28118,CROISILLES,0.2,EAUX DE RUFFIN,2,"ph,tds"
28120,CRUCEY-VILLAGES,0.2,SECTEUR BREZOLLES,2,"ph,tds"
28126,DANCY,0.2,SECTEUR BONNEVAL,2,"ph,tds"
28136,ECLUZELLES,0.2,EAUX DE RUFFIN,2,"ph,tds"
28139,EPEAUTROLLES,0.2,SECTEUR BAILLEAU-LE-PIN,2,"ph,tds"
28142,ERMENONVILLE-LA-PETITE,0.2,SECTEUR BAILLEAU-LE-PIN,2,"ph,tds"
28146,FAVEROLLES,0.2,EAUX DE RUFFIN,2,"ph,tds"
28149,FERTE-VIDAME (LA),0.3684,,2,"ph,tds"
28151,FESSANVILLIERS-MATTANVILLIERS,0.2,SECTEUR MONTIGNY-FESSANVILLIERS,2,"ph,tds"
28153,FLACEY,0.2,SECTEUR BONNEVAL,2,"ph,tds"
28159,FRAMBOISIERE (LA),0.3833,SIDEP DU VAL ST CYR-RESSUINTES,2,"ph,tds"
28163,FRESNAY-LE-GILMERT,0.2,BAILLEAU-FRESNAY-BRICONVILLE,2,"ph,tds"
28170,GARANCIERES-EN-DROUAIS,0.1,SECTEUR DREUX CENTRE,2,"ph,tds"
28171,GARNAY,0.1,SECTEUR DREUX CENTRE,2,"ph,tds"
28175,GAUDAINE (LA),0.2,SIEV BERTHE-4 VENTS- BEAUMONT,2,"ph,tds"
28178,GERMAINVILLE,0.2,SECTEUR ABONDANT,2,"ph,tds"
28187,GUAINVILLE,0.2,SIE DE GILLES-GILLES,2,"ph,tds"
28193,HAVELU,0.2,SECTEUR ABONDANT,2,"ph,tds"
28213,LORMAYE,0.2,EAUX DE RUFFIN,2,"ph,tds"
28231,MANCELIERE (LA),0.3833,SIDEP DU VAL ST CYR-RESSUINTES,2,"ph,tds"
28235,MARCHEZAIS,0.2,SECTEUR ABONDANT,2,"ph,tds"
28239,MARVILLE-MOUTIERS-BRULE,0.1,SECTEUR DREUX CENTRE,2,"ph,tds"
28245,MESLAY-LE-GRENET,0.2,SECTEUR FONTENAY SUR EURE,2,"ph,tds"
28247,MESNIL-SIMON (LE),0.1997,SIE DE GILLES-GILLES,2,"ph,tds"
28259,MONTBOISSIER,0.2,SECTEUR BONNEVAL,2,"ph,tds"
28267,MONTREUIL,0.2,SECTEUR ABONDANT,2,"ph,tds"
28268,MORAINVILLE,0.2,SECTEUR MAISONS,2,"ph,tds"
28270,MORIERS,0.2,,2,"ph,tds"
28277,NEUVY-EN-DUNOIS,0.2,SECTEUR BONNEVAL,2,"ph,tds"
28281,NOGENT-SUR-EURE,0.2,SECTEUR FONTENAY SUR EURE,2,"ph,tds"
28286,OLLE,0.2,SECTEUR FONTENAY SUR EURE,2,"ph,tds"
28292,OUERRE,0.2,EAUX DE RUFFIN,2,"ph,tds"
28299,PINTHIERES (LES),0.2,EAUX DE RUFFIN,2,"ph,tds"
28305,PRE-SAINT-EVROULT,0.2,SECTEUR BONNEVAL,2,"ph,tds"
28306,PRE-SAINT-MARTIN,0.2,SECTEUR BONNEVAL,2,"ph,tds"
28308,PRUDEMANCHE,0.2,SECTEUR ST LUBIN DES JONCHERETS,2,"ph,tds"
28314,RESSUINTES (LES),0.5332,,2,"ph,tds"
28315,REVERCOURT,0.2,SECTEUR BREZOLLES,2,"ph,tds"
28316,ROHAIRE,0.3825,SIDEP DU VAL ST CYR-RESSUINTES,2,"ph,tds"
28326,SAINT-AVIT-LES-GUESPIERES,0.2,SECTEUR ILLIERS,2,"ph,tds"
28332,SAINTE-GEMME-MORONVAL,0.1,SECTEUR DREUX CENTRE,2,"ph,tds"
28339,SAINT-GERMAIN-LE-GAILLARD,0.2,SECTEUR CHUISNES,2,"ph,tds"
28343,SAINT-LAURENT-LA-GATINE,0.2,EAUX DE RUFFIN,2,"ph,tds"
28346,SAINT-LUBIN-DE-CRAVANT,0.2,SECTEUR BREZOLLES,2,"ph,tds"
28349,SAINT-LUCIEN,0.2,EAUX DE RUFFIN,2,"ph,tds"
28351,SAINT-MAIXME-HAUTERIVE,0.2,SECTEUR CHATEAUNEUF,2,"ph,tds"
28368,SAUCELLE (LA),0.3833,SIDEP DU VAL ST CYR-RESSUINTES,2,"ph,tds"
28372,SENANTES,0.2,EAUX DE RUFFIN,2,"ph,tds"
28394,TREON,0.1,SECTEUR DREUX CENTRE,2,"ph,tds"
28396,TRIZAY-LES-BONNEVAL,0.2,SECTEUR BONNEVAL,2,"ph,tds"
28410,VILLAMPUY,0.2,VILLAMPUY-OZOIR-SAINT CLOUD-CIVRY,2,"ph,tds"
28418,VILLIERS-SAINT-ORIEN,0.2,SECTEUR BONNEVAL,2,"ph,tds"
29022,CAMARET-SUR-MER,0.6172,ABER-KERNAGOFF,2,"ph,tds"
29045,DIRINON,0.786,PONT-AR-BLED,2,"ph,tds"
29064,GOULVEN,0.5156,BRIGNOGAN-KERLOUAN (BAS-LEON),2,"ph,tds"
29085,ILE-TUDY,0.6607,BRINGALL,2,"ph,tds"
29098,LAMPAUL-PLOUARZEL,0.2417,KERMORVAN,2,"ph,tds"
29116,LANNEUFFRET,0.4452,LESSOUGAR (GOASMOAL),2,"ph,tds"
29183,PLOUEGAT-MOYSAN,0.7776,GUERLESQUIN-PLOUEGAT-MOYSAN,2,"ph,tds"
29187,PLOUGAR,0.4558,LESSOUGAR (GOASMOAL),2,"ph,tds"
29192,PLOUGOULM,0.5857,HAUT-LEON (SAUR),2,"ph,tds"
29214,PLOVAN,0.9703,SAINT-RONAN,2,"ph,tds"
29222,PORT-LAUNAY,0.6062,CHATEAULIN - EXTERIEURS (AULNE),2,"ph,tds"
29251,SAINT-JEAN-DU-DOIGT,0.6595,KERJEAN,2,"ph,tds"
29252,SAINT-JEAN-TROLIMON,0.6588,BRINGALL,2,"ph,tds"
29273,SANTEC,0.6008,HAUT-LEON (SAUR),2,"ph,tds"
29276,SIBIRIL,0.6219,HAUT-LEON (SUEZ),2,"ph,tds"
29285,TREFLAOUENAN,0.6512,HAUT-LEON (SUEZ),2,"ph,tds"
29292,TREGUENNEC,0.6614,BRINGALL,2,"ph,tds"
29296,TREMEOC,0.6587,BRINGALL,2,"ph,tds"
29298,TREOGAT,0.9685,SAINT-RONAN,2,"ph,tds"
2B002,AGHIONE,0.7539,PIETROSO MAISON PIERAGGI CHIOSO,2,"ph,tds"
30002,AIGREMONT,0.2,DOMESSARGUES,2,"ph,tds"
30030,BARON,0.2,SIVOM SECTEUR NORD,2,"ph,tds"
30043,BOISSIERES,0.2,VAUNAGE,2,"ph,tds"
30054,BROUZET-LES-QUISSAC,0.2,CORCONNE LIOUC BROUZET,2,"ph,tds"
30066,CANNES-ET-CLAIRAN,0.2,DOMESSARGUES,2,"ph,tds"
30098,CRESPIAN,0.2,SYNDICAT DU VIDOURLE,2,"ph,tds"
30103,DOMAZAN,0.2,,2,"ph,tds"
30104,DOMESSARGUES,0.2,DOMESSARGUES,2,"ph,tds"
30111,FOISSAC,0.2,SIVOM SECTEUR NORD,2,"ph,tds"
30113,FONS-SUR-LUSSAN,0.2,LUSSAN FONS BOUQUET VALLERARGUES,2,"ph,tds"
30124,GARN (LE),0.2,GARN-MONTCLUS-ISSIRAC,2,"ph,tds"
30126,GARRIGUES-SAINTE-EULALIE,0.2,SIVOM SECTEUR SUD,2,"ph,tds"
30127,GAUJAC,0.2,LAUDUN_CONN_GAUJ_TRESQUE_STPLESFONTS_PIN,2,"ph,tds"
30136,JUNAS,0.1989,VILLEVIEILLE ET SYNDICAT,2,"ph,tds"
30144,LECQUES,0.2,SYNDICAT DU VIDOURLE,2,"ph,tds"
30158,MARTIGNARGUES,0.2,EUZET-MARTIGNAR-NERS-STCESAIRE-STETIENNEOM-STHIPPOCAT-STJEANCEY STMAURICECA,2,"ph,tds"
30160,MARUEJOLS-LES-GARDON,0.2,,2,"ph,tds"
30165,MEJANNES-LES-ALES,0.3438,AVENE SAINT ETIENNE,2,"ph,tds"
30177,MONTEILS,0.3438,AVENE SAINT ETIENNE,2,"ph,tds"
30186,NAGES-ET-SOLORGUES,0.2,NIMES VAUNAGE,2,"ph,tds"
30196,PIN (LE),0.2,LAUDUN_CONN_GAUJ_TRESQUE_STPLESFONTS_PIN,2,"ph,tds"
30197,PLANS (LES),0.3438,AVENE SAINT ETIENNE,2,"ph,tds"
30213,REVENS,0.4583,LANUEJOLS REVENS LAYOLLE,2,"ph,tds"
30215,RIVIERES,0.2,ROCHEGUDE-STJEANMARUEJOLS-THARAUX-RIVIER,2,"ph,tds"
30234,SAINT-BENEZET,0.1816,DOMESSARGUES,2,"ph,tds"
30247,SAINT-DENIS,0.2,POTELIERES-ALLEGRE-STDENIS-STJULIENCASSAGNAC,2,"ph,tds"
30250,SAINT-ETIENNE-DE-L'OLM,0.2,EUZET-MARTIGNAR-NERS-STCESAIRE-STETIENNEOM-STHIPPOCAT-STJEANCEY STMAURICECA,2,"ph,tds"
30252,SAINT-FELIX-DE-PALLIERES,0.2,THOIRAS_ST BONNET SALEND-ST FELIX PAILL,2,"ph,tds"
30264,SAINT-JEAN-DE-CEYRARGUES,0.2,EUZET-MARTIGNAR-NERS-STCESAIRE-STETIENNEOM-STHIPPOCAT-STJEANCEY STMAURICECA,2,"ph,tds"
30271,SAINT-JULIEN-DE-CASSAGNAS,0.2,POTELIERES-ALLEGRE-STDENIS-STJULIENCASSAGNAC,2,"ph,tds"
30289,SAINT-NAZAIRE-DES-GARDIES,0.2,ADDUCTION DES GARDIES,2,"ph,tds"
30293,SAINT-PRIVAT-DE-CHAMPCLOS,0.2,BARJAC-CHAMPCLOS-STBRES,2,"ph,tds"
30298,SAINT-SEBASTIEN-D'AIGREFEUILLE,0.3438,AVENE SAINT ETIENNE,2,"ph,tds"
30300,SAINT-THEODORIT,0.2,DOMESSARGUES,2,"ph,tds"
30309,SARDAN,0.2,GAILHAN CARNAS SARDAN ORTHOUX,2,"ph,tds"
30314,SAVIGNARGUES,0.2,DOMESSARGUES,2,"ph,tds"
30318,SERVAS,0.3438,AVENE SAINT ETIENNE,2,"ph,tds"
30319,SERVIERS-ET-LABAUME,0.2,SIVOM SECTEUR NORD,2,"ph,tds"
30327,THARAUX,0.2,ROCHEGUDE-STJEANMARUEJOLS-THARAUX-RIVIER,2,"ph,tds"
30331,TRESQUES,0.2,LAUDUN_CONN_GAUJ_TRESQUE_STPLESFONTS_PIN,2,"ph,tds"
30345,VERNAREDE (LA),0.4814,LUECH,2,"ph,tds"
30346,VERS-PONT-DU-GARD,0.2,VERS PONT GARD CASTILLON ARGILLIER ST HILAIRE OZ,2,"ph,tds"
30355,SAINT-PAUL-LES-FONTS,0.2,LAUDUN_CONN_GAUJ_TRESQUE_STPLESFONTS_PIN,2,"ph,tds"
31008,ANAN,0.5352,ST NERE TROUBAT CLARAC VILLENEUVE,2,"ph,tds"
31021,ASPRET-SARRAT,0.2825,JOB BRANCHE C9,2,"ph,tds"
31023,AULON,0.7268,ST NERE VILLENEUVE,2,"ph,tds"
31027,AURIBAIL,0.5358,SPEHA,2,"ph,tds"
31028,AURIGNAC,0.7268,ST NERE VILLENEUVE,2,"ph,tds"
31029,AURIN,0.7072,MONTAGNE NOIRE,2,"ph,tds"
31031,AUSSON,0.3226,BAROUSSE TROUBAT,2,"ph,tds"
31034,AUZAS,0.7268,ST NERE VILLENEUVE,2,"ph,tds"
31037,AVIGNONET-LAURAGAIS,0.7072,MONTAGNE NOIRE,2,"ph,tds"
31039,BACHAS,0.5352,ST NERE TROUBAT CLARAC VILLENEUVE,2,"ph,tds"
31045,BARBAZAN,0.7396,BAROUSSE ST NERE,2,"ph,tds"
31049,BAZUS,0.6676,TARN ET GIROU,2,"ph,tds"
31051,BEAUFORT,0.2,COTEAUX DU TOUCH LHERM,2,"ph,tds"
31052,BEAUMONT-SUR-LEZE,0.5358,SPEHA,2,"ph,tds"
31053,BEAUPUY,0.6479,TM PRODUCTION MONTAGNE NOIRE,2,"ph,tds"
31054,BEAUTEVILLE,0.5358,SPEHA,2,"ph,tds"
31055,BEAUVILLE,0.7072,MONTAGNE NOIRE,2,"ph,tds"
31058,BELBEZE-DE-LAURAGAIS,0.3403,SICOVAL PSSE,2,"ph,tds"
31059,BELBEZE-EN-COMMINGES,0.2,ARBAS BAS SALAT HIS,2,"ph,tds"
31060,BELESTA-EN-LAURAGAIS,0.7072,MONTAGNE NOIRE,2,"ph,tds"
31063,BENQUE,0.5352,ST NERE TROUBAT CLARAC VILLENEUVE,2,"ph,tds"
31072,BOISSEDE,0.5352,ST NERE TROUBAT CLARAC VILLENEUVE,2,"ph,tds"
31074,BONREPOS-RIQUET,0.7072,MONTAGNE NOIRE,2,"ph,tds"
31075,BONREPOS-SUR-AUSSONNELLE,0.2,COTEAUX DU TOUCH LHERM,2,"ph,tds"
31076,BORDES-DE-RIVIERE,0.5352,ST NERE TROUBAT CLARAC VILLENEUVE,2,"ph,tds"
31077,BORN (LE),0.6382,SIE VILLEMUR,2,"ph,tds"
31078,BOUDRAC,0.7396,BAROUSSE ST NERE,2,"ph,tds"
31079,BOULOC,0.3376,SIE GIROU HERS SAVE CADOURS,2,"ph,tds"
31080,BOULOGNE-SUR-GESSE,0.5352,ST NERE TROUBAT CLARAC VILLENEUVE,2,"ph,tds"
31082,BOURG-SAINT-BERNARD,0.7072,MONTAGNE NOIRE,2,"ph,tds"
31083,BOUSSAN,0.5352,ST NERE TROUBAT CLARAC VILLENEUVE,2,"ph,tds"
31084,BOUSSENS,0.7268,ST NERE VILLENEUVE,2,"ph,tds"
31086,BOUZIN,0.7268,ST NERE VILLENEUVE,2,"ph,tds"
31087,BRAGAYRAC,0.3148,CTX DU TOUCH LHERM FOUSSERET,2,"ph,tds"
31089,BRETX,0.3376,SIE GIROU HERS SAVE CADOURS,2,"ph,tds"
31090,BRIGNEMONT,0.3376,SIE GIROU HERS SAVE CADOURS,2,"ph,tds"
31093,BURGAUD (LE),0.3376,SIE GIROU HERS SAVE CADOURS,2,"ph,tds"
31096,CABANAC-SEGUENVILLE,0.3376,SIE GIROU HERS SAVE CADOURS,2,"ph,tds"
31097,CABANIAL (LE),0.7072,MONTAGNE NOIRE,2,"ph,tds"
31098,CADOURS,0.3376,SIE GIROU HERS SAVE CADOURS,2,"ph,tds"
31099,CAIGNAC,0.5358,SPEHA,2,"ph,tds"
31102,CAMBIAC,0.7072,MONTAGNE NOIRE,2,"ph,tds"
31104,CAPENS,0.2,COTEAUX DU TOUCH FOUSSERET,2,"ph,tds"
31105,CARAGOUDES,0.7072,MONTAGNE NOIRE,2,"ph,tds"
31111,CASTAGNAC,0.5358,SPEHA,2,"ph,tds"
31112,CASTAGNEDE,0.2917,MELANGE LABADERQUE FOUGARON,2,"ph,tds"
31113,CASTANET-TOLOSAN,0.3403,SICOVAL PSSE,2,"ph,tds"
31118,CASTELNAU-D'ESTRETEFONDS,0.3376,SIE GIROU HERS SAVE CADOURS,2,"ph,tds"
31119,CASTELNAU-PICAMPEAU,0.6711,,2,"ph,tds"
31121,CASTERA-VIGNOLES,0.5352,ST NERE TROUBAT CLARAC VILLENEUVE,2,"ph,tds"
31128,CAUJAC,0.5358,SPEHA,2,"ph,tds"
31134,CAZENEUVE-MONTAUT,0.7268,ST NERE VILLENEUVE,2,"ph,tds"
31138,CHARLAS,0.5352,ST NERE TROUBAT CLARAC VILLENEUVE,2,"ph,tds"
31145,CINTEGABELLE,0.5358,SPEHA,2,"ph,tds"
31148,CLERMONT-LE-FORT,0.3403,SICOVAL PSSE,2,"ph,tds"
31151,CORRONSAC,0.3403,SICOVAL PSSE,2,"ph,tds"
31152,COUEILLES,0.5352,ST NERE TROUBAT CLARAC VILLENEUVE,2,"ph,tds"
31158,CUGURON,0.7396,BAROUSSE ST NERE,2,"ph,tds"
31159,CUING (LE),0.6022,,2,"ph,tds"
31160,DAUX,0.3376,SIE GIROU HERS SAVE CADOURS,2,"ph,tds"
31161,DEYME,0.3403,SICOVAL PSSE,2,"ph,tds"
31163,DREMIL-LAFAGE,0.3629,TM PRODUCTION TOULOUSE,2,"ph,tds"
31164,DRUDAS,0.3376,SIE GIROU HERS SAVE CADOURS,2,"ph,tds"
31168,EOUX,0.5352,ST NERE TROUBAT CLARAC VILLENEUVE,2,"ph,tds"
31170,ESCANECRABE,0.5352,ST NERE TROUBAT CLARAC VILLENEUVE,2,"ph,tds"
31171,ESPANES,0.3403,SICOVAL PSSE,2,"ph,tds"
31172,ESPARRON,0.5352,ST NERE TROUBAT CLARAC VILLENEUVE,2,"ph,tds"
31173,ESPERCE,0.5358,SPEHA,2,"ph,tds"
31178,FABAS,0.5352,ST NERE TROUBAT CLARAC VILLENEUVE,2,"ph,tds"
31185,FOLCARDE,0.7072,MONTAGNE NOIRE,2,"ph,tds"
31189,FORGUES,0.5017,COTEAUX DU TOUCH MELANGE,2,"ph,tds"
31192,FOURQUEVAUX,0.706,SICOVAL MONTAGNE NOIRE,2,"ph,tds"
31194,FRANCARVILLE,0.7072,MONTAGNE NOIRE,2,"ph,tds"
31196,FRANCON,0.5352,ST NERE TROUBAT CLARAC VILLENEUVE,2,"ph,tds"
31197,FRANQUEVIELLE,0.7396,BAROUSSE ST NERE,2,"ph,tds"
31198,FRECHET (LE),0.7268,ST NERE VILLENEUVE,2,"ph,tds"
31201,FRONTIGNAN-SAVES,0.5352,ST NERE TROUBAT CLARAC VILLENEUVE,2,"ph,tds"
31204,FUSTIGNAC,0.2,COTEAUX DU TOUCH FOUSSERET,2,"ph,tds"
31207,GALIE,0.7396,BAROUSSE ST NERE,2,"ph,tds"
31208,GANTIES,0.2917,MELANGE LABADERQUE FOUGARON,2,"ph,tds"
31209,GARAC,0.3376,SIE GIROU HERS SAVE CADOURS,2,"ph,tds"
31211,GARGAS,0.3376,SIE GIROU HERS SAVE CADOURS,2,"ph,tds"
31212,GARIDECH,0.6676,TARN ET GIROU,2,"ph,tds"
31218,GENSAC-DE-BOULOGNE,0.7396,BAROUSSE ST NERE,2,"ph,tds"
31227,GOYRANS,0.3403,SICOVAL PSSE,2,"ph,tds"
31228,GRAGNAGUE,0.7072,MONTAGNE NOIRE,2,"ph,tds"
31229,GRATENS,0.2,COTEAUX DU TOUCH FOUSSERET,2,"ph,tds"
31231,GRAZAC,0.5358,SPEHA,2,"ph,tds"
31233,GREPIAC,0.5358,SPEHA,2,"ph,tds"
31234,GRES (LE),0.3376,SIE GIROU HERS SAVE CADOURS,2,"ph,tds"
31237,HIS,0.4929,,2,"ph,tds"
31240,ISSUS,0.3403,SICOVAL PSSE,2,"ph,tds"
31243,JUZES,0.7072,MONTAGNE NOIRE,2,"ph,tds"
31250,LABASTIDE-CLERMONT,0.2,COTEAUX DU TOUCH LHERM,2,"ph,tds"
31255,LABROQUERE,0.5352,ST NERE TROUBAT CLARAC VILLENEUVE,2,"ph,tds"
31256,LABRUYERE-DORSA,0.5358,SPEHA,2,"ph,tds"
31260,LAFFITE-TOUPIERE,0.7268,ST NERE VILLENEUVE,2,"ph,tds"
31261,LAFITTE-VIGORDANE,0.2,COTEAUX DU TOUCH FOUSSERET,2,"ph,tds"
31262,LAGARDE,0.5358,SPEHA,2,"ph,tds"
31264,LAGRACE-DIEU,0.5358,SPEHA,2,"ph,tds"
31265,LAGRAULET-SAINT-NICOLAS,0.3376,SIE GIROU HERS SAVE CADOURS,2,"ph,tds"
31266,LAHAGE,0.5017,COTEAUX DU TOUCH MELANGE,2,"ph,tds"
31270,LANDORTHE,0.5733,ST NERE TROUBAT VILLENEUVE PONLAT,2,"ph,tds"
31271,LANTA,0.7072,MONTAGNE NOIRE,2,"ph,tds"
31272,LAPEYRERE,0.2,SMDEA MAS D'AZIL,2,"ph,tds"
31273,LAPEYROUSE-FOSSAT,0.3402,CENTRE ET NORD,2,"ph,tds"
31275,LAREOLE,0.3376,SIE GIROU HERS SAVE CADOURS,2,"ph,tds"
31276,LARROQUE,0.5352,ST NERE TROUBAT CLARAC VILLENEUVE,2,"ph,tds"
31277,LASSERRE-PRADERE,0.3376,SIE GIROU HERS SAVE CADOURS,2,"ph,tds"
31279,LATOUR,0.2,SMDEA MAS D'AZIL,2,"ph,tds"
31283,LAUTIGNAC,0.5017,COTEAUX DU TOUCH MELANGE,2,"ph,tds"
31285,LAVALETTE,0.7072,MONTAGNE NOIRE,2,"ph,tds"
31288,LAYRAC-SUR-TARN,0.6382,SIE VILLEMUR,2,"ph,tds"
31295,LESPUGUE,0.5352,ST NERE TROUBAT CLARAC VILLENEUVE,2,"ph,tds"
31301,LILHAC,0.5352,ST NERE TROUBAT CLARAC VILLENEUVE,2,"ph,tds"
31302,LODES,0.7396,BAROUSSE ST NERE,2,"ph,tds"
31304,LOUBENS-LAURAGAIS,0.7072,MONTAGNE NOIRE,2,"ph,tds"
31305,LOUDET,0.7396,BAROUSSE ST NERE,2,"ph,tds"
31309,LUSSAN-ADEILHAC,0.2,COTEAUX DU TOUCH FOUSSERET,2,"ph,tds"
31311,MAGDELAINE-SUR-TARN (LA),0.6676,TARN ET GIROU,2,"ph,tds"
31315,MANE,0.2917,MELANGE LABADERQUE FOUGARON,2,"ph,tds"
31317,MARIGNAC-LASCLARES,0.2,COTEAUX DU TOUCH FOUSSERET,2,"ph,tds"
31319,MARLIAC,0.5358,SPEHA,2,"ph,tds"
31322,MARTISSERRE,0.5352,ST NERE TROUBAT CLARAC VILLENEUVE,2,"ph,tds"
31326,MASSABRAC,0.5358,SPEHA,2,"ph,tds"
31329,MAURENS,0.7072,MONTAGNE NOIRE,2,"ph,tds"
31330,MAURESSAC,0.5358,SPEHA,2,"ph,tds"
31331,MAUREVILLE,0.7072,MONTAGNE NOIRE,2,"ph,tds"
31333,MAUVEZIN,0.5352,ST NERE TROUBAT CLARAC VILLENEUVE,2,"ph,tds"
31338,MENVILLE,0.3376,SIE GIROU HERS SAVE CADOURS,2,"ph,tds"
31340,MERVILLA,0.3403,SICOVAL PSSE,2,"ph,tds"
31343,MIRAMBEAU,0.5352,ST NERE TROUBAT CLARAC VILLENEUVE,2,"ph,tds"
31347,MOLAS,0.5352,ST NERE TROUBAT CLARAC VILLENEUVE,2,"ph,tds"
31349,MONDAVEZAN,0.2,COTEAUX DU TOUCH FOUSSERET,2,"ph,tds"
31350,MONDILHAN,0.5352,ST NERE TROUBAT CLARAC VILLENEUVE,2,"ph,tds"
31352,MONDOUZIL,0.6479,TM PRODUCTION MONTAGNE NOIRE,2,"ph,tds"
31359,MONTASTRUC-SAVES,0.2,COTEAUX DU TOUCH FOUSSERET,2,"ph,tds"
31361,MONTAUT,0.5358,SPEHA,2,"ph,tds"
31362,MONTBERAUD,0.6616,SMDEA COUSERANS,2,"ph,tds"
31366,MONTBRUN-LAURAGAIS,0.3403,SICOVAL PSSE,2,"ph,tds"
31370,MONTEGUT-BOURJAC,0.2,COTEAUX DU TOUCH FOUSSERET,2,"ph,tds"
31371,MONTEGUT-LAURAGAIS,0.7072,MONTAGNE NOIRE,2,"ph,tds"
31372,MONTESPAN,0.2917,MELANGE LABADERQUE FOUGARON,2,"ph,tds"
31374,MONTESQUIEU-LAURAGAIS,0.5358,SPEHA,2,"ph,tds"
31376,MONTGAILLARD-DE-SALIES,0.2917,MELANGE LABADERQUE FOUGARON,2,"ph,tds"
31377,MONTGAILLARD-LAURAGAIS,0.7072,MONTAGNE NOIRE,2,"ph,tds"
31379,MONTGAZIN,0.5807,SMDEA CARBONNE,2,"ph,tds"
31380,MONTGEARD,0.5358,SPEHA,2,"ph,tds"
31383,MONTJOIRE,0.6676,TARN ET GIROU,2,"ph,tds"
31385,MONTMAURIN,0.5352,ST NERE TROUBAT CLARAC VILLENEUVE,2,"ph,tds"
31386,MONTOULIEU-SAINT-BERNARD,0.7268,ST NERE VILLENEUVE,2,"ph,tds"
31388,MONTPITOL,0.6676,TARN ET GIROU,2,"ph,tds"
31391,MONTSAUNES,0.2917,MELANGE LABADERQUE FOUGARON,2,"ph,tds"
31392,MOURVILLES-BASSES,0.7072,MONTAGNE NOIRE,2,"ph,tds"
31393,MOURVILLES-HAUTES,0.7072,MONTAGNE NOIRE,2,"ph,tds"
31396,NAILLOUX,0.5358,SPEHA,2,"ph,tds"
31397,NENIGAN,0.5352,ST NERE TROUBAT CLARAC VILLENEUVE,2,"ph,tds"
31398,NIZAN-GESSE,0.5352,ST NERE TROUBAT CLARAC VILLENEUVE,2,"ph,tds"
31400,NOGARET,0.7072,MONTAGNE NOIRE,2,"ph,tds"
31401,NOUEILLES,0.5358,SPEHA,2,"ph,tds"
31407,PAULHAC,0.6676,TARN ET GIROU,2,"ph,tds"
31411,PECHBUSQUE,0.6016,,2,"ph,tds"
31412,PEGUILHAN,0.5352,ST NERE TROUBAT CLARAC VILLENEUVE,2,"ph,tds"
31413,PELLEPORT,0.3376,SIE GIROU HERS SAVE CADOURS,2,"ph,tds"
31414,PEYRISSAS,0.5352,ST NERE TROUBAT CLARAC VILLENEUVE,2,"ph,tds"
31415,PEYROUZET,0.7268,ST NERE VILLENEUVE,2,"ph,tds"
31416,PEYSSIES,0.2,COTEAUX DU TOUCH FOUSSERET,2,"ph,tds"
31419,PIN-MURELET (LE),0.5017,COTEAUX DU TOUCH MELANGE,2,"ph,tds"
31423,PLAGNOLE,0.5017,COTEAUX DU TOUCH MELANGE,2,"ph,tds"
31429,POMPERTUZAT,0.3403,SICOVAL PSSE,2,"ph,tds"
31436,POUY-DE-TOUGES,0.2,COTEAUX DU TOUCH FOUSSERET,2,"ph,tds"
31439,PRESERVILLE,0.7072,MONTAGNE NOIRE,2,"ph,tds"
31440,PROUPIARY,0.7268,ST NERE VILLENEUVE,2,"ph,tds"
31443,PUYMAURIN,0.5352,ST NERE TROUBAT CLARAC VILLENEUVE,2,"ph,tds"
31444,PUYSSEGUR,0.3376,SIE GIROU HERS SAVE CADOURS,2,"ph,tds"
31449,REGADES,0.2825,JOB BRANCHE C9,2,"ph,tds"
31450,RENNEVILLE,0.5358,SPEHA,2,"ph,tds"
31451,REVEL,0.7072,MONTAGNE NOIRE,2,"ph,tds"
31452,RIEUCAZE,0.2741,JOB  BRANCHE C10 ,2,"ph,tds"
31456,RIOLAS,0.5352,ST NERE TROUBAT CLARAC VILLENEUVE,2,"ph,tds"
31464,SABONNERES,0.3148,CTX DU TOUCH LHERM FOUSSERET,2,"ph,tds"
31468,SAINT-ANDRE,0.5352,ST NERE TROUBAT CLARAC VILLENEUVE,2,"ph,tds"
31472,SAINT-BERTRAND-DE-COMMINGES,0.7396,BAROUSSE ST NERE,2,"ph,tds"
31477,SAINT-ELIX-SEGLAN,0.7268,ST NERE VILLENEUVE,2,"ph,tds"
31478,SAINT-FELIX-LAURAGAIS,0.7072,MONTAGNE NOIRE,2,"ph,tds"
31480,SAINTE-FOY-D'AIGREFEUILLE,0.7072,MONTAGNE NOIRE,2,"ph,tds"
31484,SAINT-GENIES-BELLEVUE,0.3402,CENTRE ET NORD,2,"ph,tds"
31485,SAINT-GERMIER,0.7072,MONTAGNE NOIRE,2,"ph,tds"
31487,SAINT-IGNAN,0.7396,BAROUSSE ST NERE,2,"ph,tds"
31489,SAINT-JEAN-LHERM,0.6676,TARN ET GIROU,2,"ph,tds"
31491,SAINT-JULIA,0.7072,MONTAGNE NOIRE,2,"ph,tds"
31493,SAINT-LARY-BOUJEAN,0.5352,ST NERE TROUBAT CLARAC VILLENEUVE,2,"ph,tds"
31494,SAINT-LAURENT,0.5352,ST NERE TROUBAT CLARAC VILLENEUVE,2,"ph,tds"
31496,SAINTE-LIVRADE,0.3376,SIE GIROU HERS SAVE CADOURS,2,"ph,tds"
31498,SAINT-LOUP-EN-COMMINGES,0.7396,BAROUSSE ST NERE,2,"ph,tds"
31501,SAINT-MARCEL-PAULEL,0.7072,MONTAGNE NOIRE,2,"ph,tds"
31502,SAINT-MARCET,0.7396,BAROUSSE ST NERE,2,"ph,tds"
31504,SAINT-MEDARD,0.7268,ST NERE VILLENEUVE,2,"ph,tds"
31507,SAINT-PAUL-SUR-SAVE,0.3376,SIE GIROU HERS SAVE CADOURS,2,"ph,tds"
31510,SAINT-PE-DELBOSC,0.5352,ST NERE TROUBAT CLARAC VILLENEUVE,2,"ph,tds"
31511,SAINT-PIERRE,0.7072,MONTAGNE NOIRE,2,"ph,tds"
31513,SAINT-PLANCARD,0.7396,BAROUSSE ST NERE,2,"ph,tds"
31514,SAINT-ROME,0.7072,MONTAGNE NOIRE,2,"ph,tds"
31519,SAINT-VINCENT,0.7072,MONTAGNE NOIRE,2,"ph,tds"
31522,SALHERM,0.5352,ST NERE TROUBAT CLARAC VILLENEUVE,2,"ph,tds"
31528,SAMAN,0.5352,ST NERE TROUBAT CLARAC VILLENEUVE,2,"ph,tds"
31529,SAMOUILLAN,0.5352,ST NERE TROUBAT CLARAC VILLENEUVE,2,"ph,tds"
31530,SANA,0.7268,ST NERE VILLENEUVE,2,"ph,tds"
31531,SARRECAVE,0.5352,ST NERE TROUBAT CLARAC VILLENEUVE,2,"ph,tds"
31539,SEDEILHAC,0.7396,BAROUSSE ST NERE,2,"ph,tds"
31545,SEPX,0.7268,ST NERE VILLENEUVE,2,"ph,tds"
31546,SEYRE,0.5358,SPEHA,2,"ph,tds"
31551,TARABEL,0.7072,MONTAGNE NOIRE,2,"ph,tds"
31552,TERREBASSE,0.7268,ST NERE VILLENEUVE,2,"ph,tds"
31556,TOURREILLES (LES),0.7396,BAROUSSE ST NERE,2,"ph,tds"
31558,TOUTENS,0.7072,MONTAGNE NOIRE,2,"ph,tds"
31560,TREBONS-SUR-LA-GRASSE,0.7072,MONTAGNE NOIRE,2,"ph,tds"
31562,URAU,0.2917,MELANGE LABADERQUE FOUGARON,2,"ph,tds"
31563,VACQUIERS,0.3376,SIE GIROU HERS SAVE CADOURS,2,"ph,tds"
31566,VALLEGUE,0.7072,MONTAGNE NOIRE,2,"ph,tds"
31567,VALLESVILLES,0.7072,MONTAGNE NOIRE,2,"ph,tds"
31568,VARENNES,0.706,SICOVAL MONTAGNE NOIRE,2,"ph,tds"
31569,VAUDREUILLE,0.7072,MONTAGNE NOIRE,2,"ph,tds"
31570,VAUX,0.7072,MONTAGNE NOIRE,2,"ph,tds"
31571,VENDINE,0.7072,MONTAGNE NOIRE,2,"ph,tds"
31573,VERFEIL,0.7072,MONTAGNE NOIRE,2,"ph,tds"
31576,VIEILLEVIGNE,0.5358,SPEHA,2,"ph,tds"
31577,VIGNAUX,0.3376,SIE GIROU HERS SAVE CADOURS,2,"ph,tds"
31583,VILLEMATIER,0.6676,TARN ET GIROU,2,"ph,tds"
31587,VILLENEUVE-LES-BOULOC,0.3376,SIE GIROU HERS SAVE CADOURS,2,"ph,tds"
31592,LARRA,0.3376,SIE GIROU HERS SAVE CADOURS,2,"ph,tds"
31593,CAZAC,0.5352,ST NERE TROUBAT CLARAC VILLENEUVE,2,"ph,tds"
32002,ANSAN,0.2,AUBIET,2,"ph,tds"
32008,ARMENTIEUX,0.2661,MARCIAC,2,"ph,tds"
32009,ARMOUS-ET-CAU,0.3009,BEAUMARCHES,2,"ph,tds"
32014,AUGNAX,0.4583,AUCH NORD,2,"ph,tds"
32015,AUJAN-MOURNEDE,0.9118,MASSEUBE CHELAN,2,"ph,tds"
32016,AURADE,0.5685,BAROUSSE COMMINGES SAVE,2,"ph,tds"
32017,AURENSAN,0.4643,VIELLA,2,"ph,tds"
32020,AUX-AUSSAT,0.2519,ARROS,2,"ph,tds"
32023,AVEZAN,0.2,ARRATS,2,"ph,tds"
32024,AYGUETINTE,0.471,VALENCE SUR BAISE,2,"ph,tds"
32027,BARCELONNE-DU-GERS,0.4299,RISCLE (PUITS TARSAC BANET),2,"ph,tds"
32028,BARCUGNAN,0.3241,SAINT MICHEL,2,"ph,tds"
32030,BARS,0.8136,MIRANDE MONTESQUIOU,2,"ph,tds"
32031,BASCOUS,0.245,DEMU,2,"ph,tds"
32032,BASSOUES,0.3009,BEAUMARCHES,2,"ph,tds"
32033,BAZIAN,0.5977,VIC FEZENSAC,2,"ph,tds"
32034,BAZUGUES,0.3241,SAINT MICHEL,2,"ph,tds"
32035,BEAUCAIRE,0.471,VALENCE SUR BAISE,2,"ph,tds"
32038,BEAUPUY,0.5658,BAROUSSE COMMINGES SAVE,2,"ph,tds"
32039,BECCAS,0.2519,ARROS,2,"ph,tds"
32040,BEDECHAN,0.5685,BAROUSSE COMMINGES SAVE,2,"ph,tds"
32041,BELLEGARDE,0.9118,MASSEUBE CHELAN,2,"ph,tds"
32043,BELMONT,0.5977,VIC FEZENSAC,2,"ph,tds"
32045,BERDOUES,0.8136,MIRANDE MONTESQUIOU,2,"ph,tds"
32046,BERNEDE,0.4643,VIELLA,2,"ph,tds"
32047,BERRAC,0.2,LECTOURE,2,"ph,tds"
32048,BETCAVE-AGUIN,0.5685,BAROUSSE COMMINGES SAVE,2,"ph,tds"
32049,BETOUS,0.6608,AIGNAN (PUITS GOUX VIA TASQUE),2,"ph,tds"
32050,BETPLAN,0.2519,ARROS,2,"ph,tds"
32051,BEZERIL,0.5685,BAROUSSE COMMINGES SAVE,2,"ph,tds"
32052,BEZOLLES,0.471,VALENCE SUR BAISE,2,"ph,tds"
32053,BEZUES-BAJON,0.9118,MASSEUBE CHELAN,2,"ph,tds"
32055,BIVES,0.2,ARRATS,2,"ph,tds"
32056,BLANQUEFORT,0.2,AUBIET,2,"ph,tds"
32057,BLAZIERT,0.2,CAUSSENS BRUNET,2,"ph,tds"
32058,BLOUSSON-SERIAN,0.2661,MARCIAC,2,"ph,tds"
32060,BOUCAGNERES,0.7128,AUCH SUD,2,"ph,tds"
32061,BOULAUR,0.5685,BAROUSSE COMMINGES SAVE,2,"ph,tds"
32065,BROUILH-MONBERT (LE),0.5977,VIC FEZENSAC,2,"ph,tds"
32068,CADEILHAN,0.2,ARRATS,2,"ph,tds"
32069,CADEILLAN,0.5685,BAROUSSE COMMINGES SAVE,2,"ph,tds"
32071,CAILLAVET,0.5977,VIC FEZENSAC,2,"ph,tds"
32072,CALLIAN,0.5977,VIC FEZENSAC,2,"ph,tds"
32073,CAMPAGNE-D'ARMAGNAC,0.2,ESTANG,2,"ph,tds"
32076,CASTELNAU-BARBARENS,0.2,AUBIET,2,"ph,tds"
32077,CASTELNAU-D'ANGLES,0.8136,MIRANDE MONTESQUIOU,2,"ph,tds"
32078,CASTELNAU-D'ARBIEU,0.2,FLEURANCE,2,"ph,tds"
32081,CASTELNAVET,0.6608,AIGNAN (PUITS GOUX VIA TASQUE),2,"ph,tds"
32082,CASTERA-LECTOUROIS,0.2,LECTOURE,2,"ph,tds"
32085,CASTET-ARROUY,0.2,LECTOURE,2,"ph,tds"
32086,CASTEX,0.8949,CASTEX ESTAMPES,2,"ph,tds"
32088,CASTILLON-DEBATS,0.5944,VIC FEZENSAC,2,"ph,tds"
32089,CASTILLON-MASSAS,0.4583,AUCH NORD,2,"ph,tds"
32091,CASTIN,0.4583,AUCH NORD,2,"ph,tds"
32092,CATONVIELLE,0.5685,BAROUSSE COMMINGES SAVE,2,"ph,tds"
32093,CAUMONT,0.4299,RISCLE (PUITS TARSAC BANET),2,"ph,tds"
32098,CAZAUX-SAVES,0.5685,BAROUSSE COMMINGES SAVE,2,"ph,tds"
32099,CAZAUX-VILLECOMTAL,0.2661,MARCIAC,2,"ph,tds"
32101,CERAN,0.2,FLEURANCE,2,"ph,tds"
32102,CEZAN,0.2,FLEURANCE,2,"ph,tds"
32103,CHELAN,0.9584,,2,"ph,tds"
32104,CLERMONT-POUYGUILLES,0.8136,MIRANDE MONTESQUIOU,2,"ph,tds"
32105,CLERMONT-SAVES,0.5685,BAROUSSE COMMINGES SAVE,2,"ph,tds"
32108,CORNEILLAN,0.461,VIELLA,2,"ph,tds"
32109,COULOUME-MONDEBAT,0.2989,BEAUMARCHES,2,"ph,tds"
32112,CRASTES,0.4583,AUCH NORD,2,"ph,tds"
32114,CUELAS,0.3241,SAINT MICHEL,2,"ph,tds"
32117,DURAN,0.4583,AUCH NORD,2,"ph,tds"
32118,DURBAN,0.7128,AUCH SUD,2,"ph,tds"
32120,ENCAUSSE,0.5685,BAROUSSE COMMINGES SAVE,2,"ph,tds"
32121,ENDOUFIELLE,0.5685,BAROUSSE COMMINGES SAVE,2,"ph,tds"
32122,ESCLASSAN-LABASTIDE,0.9118,MASSEUBE CHELAN,2,"ph,tds"
32124,ESPAON,0.5685,BAROUSSE COMMINGES SAVE,2,"ph,tds"
32128,ESTIPOUY,0.8136,MIRANDE MONTESQUIOU,2,"ph,tds"
32129,ESTRAMIAC,0.2,ARRATS,2,"ph,tds"
32130,FAGET-ABBATIAL,0.5685,BAROUSSE COMMINGES SAVE,2,"ph,tds"
32131,FLAMARENS,0.2,ARRATS,2,"ph,tds"
32132,FLEURANCE,0.407,,2,"ph,tds"
32135,FUSTEROUAU,0.6608,AIGNAN (PUITS GOUX VIA TASQUE),2,"ph,tds"
32138,GARRAVET,0.5685,BAROUSSE COMMINGES SAVE,2,"ph,tds"
32139,GAUDONVILLE,0.2,ARRATS,2,"ph,tds"
32141,GAUJAN,0.5685,BAROUSSE COMMINGES SAVE,2,"ph,tds"
32142,GAVARRET-SUR-AULOUSTE,0.2,FLEURANCE,2,"ph,tds"
32143,GAZAUPOUY,0.2,LECTOURE,2,"ph,tds"
32144,GAZAX-ET-BACCARISSE,0.3009,BEAUMARCHES,2,"ph,tds"
32145,GEE-RIVIERE,0.4299,RISCLE (PUITS TARSAC BANET),2,"ph,tds"
32146,GIMBREDE,0.2,LECTOURE,2,"ph,tds"
32147,GIMONT,0.5685,BAROUSSE COMMINGES SAVE,2,"ph,tds"
32148,GISCARO,0.5685,BAROUSSE COMMINGES SAVE,2,"ph,tds"
32150,GOUTZ,0.2,FLEURANCE,2,"ph,tds"
32152,HAGET,0.2519,ARROS,2,"ph,tds"
32156,IDRAC-RESPAILLES,0.8136,MIRANDE MONTESQUIOU,2,"ph,tds"
32157,ISLE-ARNE (L'),0.2,AUBIET,2,"ph,tds"
32158,ISLE-BOUZON (L'),0.2,,2,"ph,tds"
32159,ISLE-DE-NOE (L'),0.8136,MIRANDE MONTESQUIOU,2,"ph,tds"
32161,IZOTGES,0.4299,RISCLE (PUITS TARSAC BANET),2,"ph,tds"
32162,JEGUN,0.5977,VIC FEZENSAC,2,"ph,tds"
32163,JU-BELLOC,0.6608,AIGNAN (PUITS GOUX VIA TASQUE),2,"ph,tds"
32165,JUILLES,0.2,AUBIET,2,"ph,tds"
32166,JUSTIAN,0.471,VALENCE SUR BAISE,2,"ph,tds"
32167,LAAS,0.3241,SAINT MICHEL,2,"ph,tds"
32169,LABARTHE,0.8451,,2,"ph,tds"
32171,LABASTIDE-SAVES,0.5685,BAROUSSE COMMINGES SAVE,2,"ph,tds"
32172,LABEJAN,0.8136,MIRANDE MONTESQUIOU,2,"ph,tds"
32173,LABRIHE,0.2,MAUVEZIN,2,"ph,tds"
32177,LAGARDE-HACHAN,0.3241,SAINT MICHEL,2,"ph,tds"
32178,LAGARDERE,0.471,VALENCE SUR BAISE,2,"ph,tds"
32182,LAHAS,0.5685,BAROUSSE COMMINGES SAVE,2,"ph,tds"
32183,LAHITTE,0.2,AUBIET,2,"ph,tds"
32184,LALANNE,0.2,FLEURANCE,2,"ph,tds"
32185,LALANNE-ARQUE,0.9118,MASSEUBE CHELAN,2,"ph,tds"
32186,LAMAGUERE,0.5685,BAROUSSE COMMINGES SAVE,2,"ph,tds"
32188,LAMOTHE-GOAS,0.2,FLEURANCE,2,"ph,tds"
32189,LANNEMAIGNAN,0.2,ESTANG,2,"ph,tds"
32190,LANNEPAX,0.245,DEMU,2,"ph,tds"
32191,LANNE-SOUBIRAN,0.4299,RISCLE (PUITS TARSAC BANET),2,"ph,tds"
32192,LANNUX,0.4643,VIELLA,2,"ph,tds"
32193,LAREE,0.2,ESTANG,2,"ph,tds"
32194,LARRESSINGLE,0.2403,RESEAU LAURIO CE LABOURDETTE,2,"ph,tds"
32195,LARROQUE-ENGALIN,0.2,LECTOURE,2,"ph,tds"
32199,LASSERADE,0.3009,BEAUMARCHES,2,"ph,tds"
32200,LASSERAN,0.7128,AUCH SUD,2,"ph,tds"
32201,LASSEUBE-PROPRE,0.7128,AUCH SUD,2,"ph,tds"
32204,LAVARDENS,0.4583,AUCH NORD,2,"ph,tds"
32205,LAVERAET,0.2661,MARCIAC,2,"ph,tds"
32207,LEBOULIN,0.4583,AUCH NORD,2,"ph,tds"
32209,LELIN-LAPUJOLLE,0.4299,RISCLE (PUITS TARSAC BANET),2,"ph,tds"
32210,LIAS,0.5685,BAROUSSE COMMINGES SAVE,2,"ph,tds"
32216,LOURTIES-MONBRUN,0.9118,MASSEUBE CHELAN,2,"ph,tds"
32217,LOUSLITGES,0.3009,BEAUMARCHES,2,"ph,tds"
32218,LOUSSOUS-DEBAT,0.6608,AIGNAN (PUITS GOUX VIA TASQUE),2,"ph,tds"
32219,LUPIAC,0.6608,AIGNAN (PUITS GOUX VIA TASQUE),2,"ph,tds"
32221,LUSSAN,0.2,AUBIET,2,"ph,tds"
32224,MAIGNAUT-TAUZIA,0.2,CAUSSENS BRUNET,2,"ph,tds"
32230,MANSENCOME,0.471,VALENCE SUR BAISE,2,"ph,tds"
32231,MARAMBAT,0.5977,VIC FEZENSAC,2,"ph,tds"
32232,MARAVAT,0.1953,MAUVEZIN,2,"ph,tds"
32233,MARCIAC,0.2661,MARCIAC,2,"ph,tds"
32234,MARESTAING,0.5685,BAROUSSE COMMINGES SAVE,2,"ph,tds"
32236,MARGUESTAU,0.2,ESTANG,2,"ph,tds"
32238,MARSEILLAN,0.3241,SAINT MICHEL,2,"ph,tds"
32239,MARSOLAN,0.2,LECTOURE,2,"ph,tds"
32241,MAS-D'AUVIGNON,0.2,CAUSSENS BRUNET,2,"ph,tds"
32242,MASSEUBE,0.9118,MASSEUBE CHELAN,2,"ph,tds"
32243,MAULEON-D'ARMAGNAC,0.2,ESTANG,2,"ph,tds"
32244,MAULICHERES,0.4299,RISCLE (PUITS TARSAC BANET),2,"ph,tds"
32247,MAURENS,0.5685,BAROUSSE COMMINGES SAVE,2,"ph,tds"
32249,MAUVEZIN,0.2,,2,"ph,tds"
32250,MEILHAN,0.5685,BAROUSSE COMMINGES SAVE,2,"ph,tds"
32251,MERENS,0.4583,AUCH NORD,2,"ph,tds"
32254,MIRAMONT-D'ASTARAC,0.8136,MIRANDE MONTESQUIOU,2,"ph,tds"
32257,MIRANNES,0.8136,MIRANDE MONTESQUIOU,2,"ph,tds"
32258,MIREPOIX,0.4583,AUCH NORD,2,"ph,tds"
32261,MONBLANC,0.5685,BAROUSSE COMMINGES SAVE,2,"ph,tds"
32262,MONBRUN,0.5685,BAROUSSE COMMINGES SAVE,2,"ph,tds"
32263,MONCASSIN,0.3241,SAINT MICHEL,2,"ph,tds"
32264,MONCLAR,0.2,ESTANG,2,"ph,tds"
32265,MONCLAR-SUR-LOSSE,0.8136,MIRANDE MONTESQUIOU,2,"ph,tds"
32268,MONFERRAN-SAVES,0.5685,BAROUSSE COMMINGES SAVE,2,"ph,tds"
32270,MONGAUSY,0.5685,BAROUSSE COMMINGES SAVE,2,"ph,tds"
32272,MONLAUR-BERNET,0.9084,MASSEUBE CHELAN,2,"ph,tds"
32273,MONLEZUN,0.2661,MARCIAC,2,"ph,tds"
32274,MONLEZUN-D'ARMAGNAC,0.1051,PANJAS,2,"ph,tds"
32275,MONPARDIAC,0.2661,MARCIAC,2,"ph,tds"
32276,MONTADET,0.5685,BAROUSSE COMMINGES SAVE,2,"ph,tds"
32278,MONTAUT,0.3241,SAINT MICHEL,2,"ph,tds"
32279,MONTAUT-LES-CRENEAUX,0.4583,AUCH NORD,2,"ph,tds"
32280,MONT-D'ASTARAC,0.9118,MASSEUBE CHELAN,2,"ph,tds"
32281,MONT-DE-MARRAST,0.3241,SAINT MICHEL,2,"ph,tds"
32284,MONTEGUT-SAVES,0.5685,BAROUSSE COMMINGES SAVE,2,"ph,tds"
32286,MONTESTRUC-SUR-GERS,0.2,FLEURANCE,2,"ph,tds"
32288,MONTIRON,0.5685,BAROUSSE COMMINGES SAVE,2,"ph,tds"
32289,MONTPEZAT,0.5685,BAROUSSE COMMINGES SAVE,2,"ph,tds"
32292,MOUCHAN,0.2403,RESEAU LAURIO CE LABOURDETTE,2,"ph,tds"
32294,MOUREDE,0.471,VALENCE SUR BAISE,2,"ph,tds"
32295,NIZAS,0.5685,BAROUSSE COMMINGES SAVE,2,"ph,tds"
32297,NOILHAN,0.5662,BAROUSSE COMMINGES SAVE,2,"ph,tds"
32298,NOUGAROULET,0.4583,AUCH NORD,2,"ph,tds"
32300,ORBESSAN,0.7128,AUCH SUD,2,"ph,tds"
32301,ORDAN-LARROQUE,0.5977,VIC FEZENSAC,2,"ph,tds"
32302,ORNEZAN,0.7128,AUCH SUD,2,"ph,tds"
32304,PANASSAC,0.9118,MASSEUBE CHELAN,2,"ph,tds"
32306,PAUILHAC,0.2,FLEURANCE,2,"ph,tds"
32308,PEBEES,0.5685,BAROUSSE COMMINGES SAVE,2,"ph,tds"
32310,PERCHEDE,0.4299,RISCLE (PUITS TARSAC BANET),2,"ph,tds"
32311,PERGAIN-TAILLAC,0.2,LECTOURE,2,"ph,tds"
32312,PESSAN,0.7128,AUCH SUD,2,"ph,tds"
32313,PESSOULENS,0.2,ARRATS,2,"ph,tds"
32314,PEYRECAVE,0.2,ARRATS,2,"ph,tds"
32317,PEYRUSSE-VIEILLE,0.3009,BEAUMARCHES,2,"ph,tds"
32318,PIS,0.2,FLEURANCE,2,"ph,tds"
32319,PLAISANCE,0.6608,AIGNAN (PUITS GOUX VIA TASQUE),2,"ph,tds"
32320,PLIEUX,0.2,ARRATS,2,"ph,tds"
32321,POLASTRON,0.5685,BAROUSSE COMMINGES SAVE,2,"ph,tds"
32322,POMPIAC,0.5685,BAROUSSE COMMINGES SAVE,2,"ph,tds"
32323,PONSAMPERE,0.3241,SAINT MICHEL,2,"ph,tds"
32324,PONSAN-SOUBIRAN,0.9118,MASSEUBE CHELAN,2,"ph,tds"
32325,POUYDRAGUIN,0.6608,AIGNAN (PUITS GOUX VIA TASQUE),2,"ph,tds"
32326,POUYLEBON,0.8136,MIRANDE MONTESQUIOU,2,"ph,tds"
32327,POUY-LOUBRIN,0.7128,AUCH SUD,2,"ph,tds"
32328,POUY-ROQUELAURE,0.2,LECTOURE,2,"ph,tds"
32330,PRECHAC-SUR-ADOUR,0.6608,AIGNAN (PUITS GOUX VIA TASQUE),2,"ph,tds"
32331,PREIGNAN,0.4583,AUCH NORD,2,"ph,tds"
32333,PROJAN,0.4643,VIELLA,2,"ph,tds"
32336,PUYLAUSIC,0.5685,BAROUSSE COMMINGES SAVE,2,"ph,tds"
32337,PUYSEGUR,0.2,FLEURANCE,2,"ph,tds"
32338,RAMOUZENS,0.245,DEMU,2,"ph,tds"
32339,RAZENGUES,0.5685,BAROUSSE COMMINGES SAVE,2,"ph,tds"
32341,REJAUMONT,0.2,FLEURANCE,2,"ph,tds"
32342,RICOURT,0.2661,MARCIAC,2,"ph,tds"
32343,RIGUEPEU,0.5977,VIC FEZENSAC,2,"ph,tds"
32345,ROMIEU (LA),0.2,LECTOURE,2,"ph,tds"
32346,ROQUEBRUNE,0.5977,VIC FEZENSAC,2,"ph,tds"
32347,ROQUEFORT,0.4583,AUCH NORD,2,"ph,tds"
32348,ROQUELAURE,0.4583,AUCH NORD,2,"ph,tds"
32349,ROQUELAURE-SAINT-AUBIN,0.5685,BAROUSSE COMMINGES SAVE,2,"ph,tds"
32350,ROQUEPINE,0.2,CAUSSENS BRUNET,2,"ph,tds"
32354,SABAZAN,0.6608,AIGNAN (PUITS GOUX VIA TASQUE),2,"ph,tds"
32355,SADEILLAN,0.3241,SAINT MICHEL,2,"ph,tds"
32356,SAINT-ANDRE,0.5685,BAROUSSE COMMINGES SAVE,2,"ph,tds"
32360,SAINT-ARAILLES,0.8136,MIRANDE MONTESQUIOU,2,"ph,tds"
32361,SAINT-ARROMAN,0.9118,MASSEUBE CHELAN,2,"ph,tds"
32364,SAINT-AVIT-FRANDAT,0.2,LECTOURE,2,"ph,tds"
32366,SAINT-BRES,0.2,MAUVEZIN,2,"ph,tds"
32367,SAINT-CHRISTAUD,0.2661,MARCIAC,2,"ph,tds"
32370,SAINT-CLAR,0.2,ARRATS,2,"ph,tds"
32371,SAINT-CREAC,0.2,ARRATS,2,"ph,tds"
32372,SAINT-CRICQ,0.5685,BAROUSSE COMMINGES SAVE,2,"ph,tds"
32374,SAINT-ELIX-D'ASTARAC,0.5685,BAROUSSE COMMINGES SAVE,2,"ph,tds"
32375,SAINT-ELIX-THEUX,0.3241,SAINT MICHEL,2,"ph,tds"
32376,SAINTE-GEMME,0.2,MAUVEZIN,2,"ph,tds"
32377,SAINT-GEORGES,0.5685,BAROUSSE COMMINGES SAVE,2,"ph,tds"
32378,SAINT-GERME,0.4299,RISCLE (PUITS TARSAC BANET),2,"ph,tds"
32379,SAINT-GERMIER,0.5685,BAROUSSE COMMINGES SAVE,2,"ph,tds"
32380,SAINT-GRIEDE,0.4299,RISCLE (PUITS TARSAC BANET),2,"ph,tds"
32381,SAINT-JEAN-LE-COMTAL,0.7128,AUCH SUD,2,"ph,tds"
32382,SAINT-JEAN-POUTGE,0.6279,,2,"ph,tds"
32383,SAINT-JUSTIN,0.2661,MARCIAC,2,"ph,tds"
32387,SAINT-LOUBE,0.5685,BAROUSSE COMMINGES SAVE,2,"ph,tds"
32388,SAINTE-MARIE,0.2,AUBIET,2,"ph,tds"
32391,SAINT-MARTIN-DE-GOYNE,0.2,LECTOURE,2,"ph,tds"
32392,SAINT-MARTIN-GIMOIS,0.5685,BAROUSSE COMMINGES SAVE,2,"ph,tds"
32393,SAINT-MAUR,0.8136,MIRANDE MONTESQUIOU,2,"ph,tds"
32394,SAINT-MEDARD,0.8136,MIRANDE MONTESQUIOU,2,"ph,tds"
32395,SAINTE-MERE,0.2,LECTOURE,2,"ph,tds"
32399,SAINT-ORENS,0.5685,BAROUSSE COMMINGES SAVE,2,"ph,tds"
32401,SAINT-OST,0.3241,SAINT MICHEL,2,"ph,tds"
32402,SAINT-PAUL-DE-BAISE,0.471,VALENCE SUR BAISE,2,"ph,tds"
32403,SAINT-PIERRE-D'AUBEZIES,0.6608,AIGNAN (PUITS GOUX VIA TASQUE),2,"ph,tds"
32404,SAINT-PUY,0.2,CAUSSENS BRUNET,2,"ph,tds"
32407,SAINT-SOULAN,0.5685,BAROUSSE COMMINGES SAVE,2,"ph,tds"
32408,SALLES-D'ARMAGNAC,0.1051,PANJAS,2,"ph,tds"
32409,SAMARAN,0.9118,MASSEUBE CHELAN,2,"ph,tds"
32410,SAMATAN,0.5685,BAROUSSE COMMINGES SAVE,2,"ph,tds"
32411,SANSAN,0.7128,AUCH SUD,2,"ph,tds"
32414,SARRAGACHIES,0.4299,RISCLE (PUITS TARSAC BANET),2,"ph,tds"
32415,SARRAGUZAN,0.3241,SAINT MICHEL,2,"ph,tds"
32417,SAUVETAT (LA),0.2,FLEURANCE,2,"ph,tds"
32418,SAUVETERRE,0.5685,BAROUSSE COMMINGES SAVE,2,"ph,tds"
32420,SAUVIMONT,0.5685,BAROUSSE COMMINGES SAVE,2,"ph,tds"
32421,SAVIGNAC-MONA,0.5685,BAROUSSE COMMINGES SAVE,2,"ph,tds"
32422,SCIEURAC-ET-FLOURES,0.2661,MARCIAC,2,"ph,tds"
32423,SEAILLES,0.245,DEMU,2,"ph,tds"
32424,SEGOS,0.4643,VIELLA,2,"ph,tds"
32430,SERE,0.9118,MASSEUBE CHELAN,2,"ph,tds"
32431,SEREMPUY,0.2,MAUVEZIN,2,"ph,tds"
32433,SIMORRE,0.5685,BAROUSSE COMMINGES SAVE,2,"ph,tds"
32435,SIRAC,0.5685,BAROUSSE COMMINGES SAVE,2,"ph,tds"
32436,SOLOMIAC,0.2,SARRANT SOLOMIAC,2,"ph,tds"
32437,SORBETS,0.2,ARBLADE LE HAUT 2,2,"ph,tds"
32439,TARSAC,0.3873,,2,"ph,tds"
32442,TERRAUBE,0.2,CAUSSENS BRUNET,2,"ph,tds"
32446,TILLAC,0.2661,MARCIAC,2,"ph,tds"
32447,TIRENT-PONTEJAC,0.5685,BAROUSSE COMMINGES SAVE,2,"ph,tds"
32451,TOURNAN,0.5685,BAROUSSE COMMINGES SAVE,2,"ph,tds"
32452,TOURNECOUPE,0.2,ARRATS,2,"ph,tds"
32453,TOURRENQUETS,0.4583,AUCH NORD,2,"ph,tds"
32454,TRAVERSERES,0.7128,AUCH SUD,2,"ph,tds"
32455,TRONCENS,0.2661,MARCIAC,2,"ph,tds"
32457,URDENS,0.2,FLEURANCE,2,"ph,tds"
32463,VIELLA,0.4643,VIELLA,2,"ph,tds"
32466,VIOZAN,0.3241,SAINT MICHEL,2,"ph,tds"
33008,PORTE-DE-BENAUGE,0.1488,SAINT BRICE,2,"ph,tds"
33024,BAGAS,0.2,MONGAUZY,2,"ph,tds"
33031,BASSANNE,0.1414,BASSANNE,2,"ph,tds"
33043,BELLEBAT,0.1493,SAINT BRICE,2,"ph,tds"
33044,BELLEFOND,0.1996,RAUZAN,2,"ph,tds"
33046,BERNOS-BEAULAC,0.1999,,2,"ph,tds"
33048,BERTHEZ,0.1414,BASSANNE,2,"ph,tds"
33054,BLAIGNAC,0.1414,BASSANNE,2,"ph,tds"
33055,BLAIGNAN-PRIGNAC,0.1829,ST YZANS-DE-MEDOC,2,"ph,tds"
33066,BOURDELLES,0.2,MONGAUZY,2,"ph,tds"
33071,BRANNE,0.2,RAUZAN,2,"ph,tds"
33072,BRANNENS,0.1297,CASTETS-EN-DORTHE,2,"ph,tds"
33073,BRAUD-ET-SAINT-LOUIS,0.5813,BLAYAIS,2,"ph,tds"
33078,CABARA,0.1988,RAUZAN,2,"ph,tds"
33082,CADILLAC-EN-FRONSADAIS,0.445,CUBZADAIS FRONSADAIS,2,"ph,tds"
33086,CAMIAC-ET-SAINT-DENIS,0.2,ARVEYRES,2,"ph,tds"
33088,CAMPS-SUR-L'ISLE,0.2748,VALLEE DE L'ISLE,2,"ph,tds"
33089,CAMPUGNAN,0.5813,BLAYAIS,2,"ph,tds"
33100,CARS,0.5813,BLAYAIS,2,"ph,tds"
33101,CARTELEGUE,0.5803,BLAYAIS,2,"ph,tds"
33113,CAUVIGNAC,0.1053,,2,"ph,tds"
33114,CAVIGNAC,0.4448,CUBZADAIS FRONSADAIS,2,"ph,tds"
33116,CAZATS,0.1286,BAZADAIS,2,"ph,tds"
33117,CAZAUGITAT,0.2,CASTELMORRON-D'ALBRET,2,"ph,tds"
33121,CESSAC,0.1493,SAINT BRICE,2,"ph,tds"
33123,CEZAC,0.445,CUBZADAIS FRONSADAIS,2,"ph,tds"
33126,CIVRAC-DE-BLAYE,0.5813,BLAYAIS,2,"ph,tds"
33129,CLEYRAC,0.1996,CASTELMORRON-D'ALBRET,2,"ph,tds"
33130,COIMERES,0.1297,CASTETS-EN-DORTHE,2,"ph,tds"
33131,COIRAC,0.1493,SAINT BRICE,2,"ph,tds"
33132,COMPS,0.3831,BOURGEAIS,2,"ph,tds"
33133,COUBEYRAC,0.1996,PESSAC-SUR-DORDOGNE,2,"ph,tds"
33135,COURPIAC,0.2,RAUZAN,2,"ph,tds"
33139,COUTURES,0.2,MONSEGUR,2,"ph,tds"
33142,CUBNEZAIS,0.445,CUBZADAIS FRONSADAIS,2,"ph,tds"
33145,CURSAN,0.1486,BONNETAN,2,"ph,tds"
33148,DARDENAC,0.2,ARVEYRES,2,"ph,tds"
33149,DAUBEZE,0.1493,SAINT BRICE,2,"ph,tds"
33152,DONZAC,0.1493,SAINT BRICE,2,"ph,tds"
33155,ESCAUDES,0.1343,LERM-ET-MUSSET,2,"ph,tds"
33158,ESSEINTES (LES),0.2,MONGAUZY,2,"ph,tds"
33160,EYNESSE,0.2,PAYS FOYEN,2,"ph,tds"
33166,FIEU (LE),0.2748,VALLEE DE L'ISLE,2,"ph,tds"
33168,FLAUJAGUES,0.2,PESSAC-SUR-DORDOGNE,2,"ph,tds"
33169,FLOUDES,0.1414,BASSANNE,2,"ph,tds"
33170,FONTET,0.1412,,2,"ph,tds"
33171,FOSSES-ET-BALEYSSAC,0.2,MONGAUZY,2,"ph,tds"
33172,FOURS,0.5813,BLAYAIS,2,"ph,tds"
33173,FRANCS,0.2,EST-DU-LIBOURNAIS,2,"ph,tds"
33174,FRONSAC,0.445,CUBZADAIS FRONSADAIS,2,"ph,tds"
33175,FRONTENAC,0.2,RAUZAN,2,"ph,tds"
33178,GAJAC,0.1219,BAZADAIS,2,"ph,tds"
33180,GANS,0.1286,BAZADAIS,2,"ph,tds"
33181,GARDEGAN-ET-TOURTIRAC,0.2,EST-DU-LIBOURNAIS,2,"ph,tds"
33182,GAURIAC,0.3835,BOURGEAIS,2,"ph,tds"
33184,GENERAC,0.5813,BLAYAIS,2,"ph,tds"
33185,GENISSAC,0.1999,ARVEYRES,2,"ph,tds"
33190,GOUALADE,0.1342,,2,"ph,tds"
33191,GOURS,0.2746,VALLEE DE L'ISLE,2,"ph,tds"
33194,GREZILLAC,0.2,ARVEYRES,2,"ph,tds"
33196,GUILLAC,0.2,ARVEYRES,2,"ph,tds"
33198,GUITRES,0.7348,NORD LIBOURNAIS,2,"ph,tds"
33209,JUGAZAN,0.2,RAUZAN,2,"ph,tds"
33212,LABESCAU,0.1076,GRIGNOLS,2,"ph,tds"
33215,LADAUX,0.1186,TARGON,2,"ph,tds"
33216,LADOS,0.1414,BASSANNE,2,"ph,tds"
33224,LANDERROUET-SUR-SEGUR,0.1996,,2,"ph,tds"
33228,LANSAC,0.624,,2,"ph,tds"
33230,LAPOUYADE,0.7348,NORD LIBOURNAIS,2,"ph,tds"
33244,LIGNAN-DE-BAZAS,0.1278,BAZADAIS,2,"ph,tds"
33245,LIGNAN-DE-BORDEAUX,0.1486,BONNETAN,2,"ph,tds"
33246,LIGUEUX,0.2,PAYS FOYEN,2,"ph,tds"
33247,LISTRAC-DE-DUREZE,0.2,PELLEGRUE,2,"ph,tds"
33252,LOUPES,0.1486,BONNETAN,2,"ph,tds"
33257,LUGAIGNAC,0.2,ARVEYRES,2,"ph,tds"
33258,LUGASSON,0.2,RAUZAN,2,"ph,tds"
33269,MARGUERON,0.2,PAYS FOYEN,2,"ph,tds"
33270,MARIMBAULT,0.2,BERNOS CUDOS-SUD BAZADAIS,2,"ph,tds"
33271,MARIONS,0.1086,GRIGNOLS,2,"ph,tds"
33272,MARSAS,0.445,CUBZADAIS FRONSADAIS,2,"ph,tds"
33275,MARTRES,0.1493,SAINT BRICE,2,"ph,tds"
33276,MASSEILLES,0.1086,GRIGNOLS,2,"ph,tds"
33278,MAURIAC,0.2,PELLEGRUE,2,"ph,tds"
33279,MAZERES,0.1297,CASTETS-EN-DORTHE,2,"ph,tds"
33280,MAZION,0.5813,BLAYAIS,2,"ph,tds"
33283,MESTERRIEUX,0.2,CASTELMORRON-D'ALBRET,2,"ph,tds"
33285,MOMBRIER,0.3835,BOURGEAIS,2,"ph,tds"
33290,MONTAGNE,0.2,EST-DU-LIBOURNAIS,2,"ph,tds"
33291,MONTAGOUDIN,0.2,MONGAUZY,2,"ph,tds"
33292,MONTIGNAC,0.1493,SAINT BRICE,2,"ph,tds"
33295,MOUILLAC,0.4446,CUBZADAIS FRONSADAIS,2,"ph,tds"
33296,MOULIETS-ET-VILLEMARTIN,0.1997,EST-DU-LIBOURNAIS,2,"ph,tds"
33297,MOULIS-EN-MEDOC,0.1983,CASTELNAU,2,"ph,tds"
33299,MOURENS,0.1493,SAINT BRICE,2,"ph,tds"
33303,NERIGEAN,0.2,ARVEYRES,2,"ph,tds"
33305,NIZAN (LE),0.1286,BAZADAIS,2,"ph,tds"
33308,OMET,0.1493,SAINT BRICE,2,"ph,tds"
33310,ORIGNE,0.1994,LOUCHATS,2,"ph,tds"
33316,PELLEGRUE,0.2,PELLEGRUE,2,"ph,tds"
33323,PIAN-SUR-GARONNE (LE),0.102,CAUDROT,2,"ph,tds"
33325,PLASSAC,0.5813,BLAYAIS,2,"ph,tds"
33332,PORCHERES,0.2741,VALLEE DE L'ISLE,2,"ph,tds"
33344,PUJOLS,0.2,RAUZAN,2,"ph,tds"
33345,PUY (LE),0.2,MONSEGUR,2,"ph,tds"
33346,PUYBARBAN,0.1414,BASSANNE,2,"ph,tds"
33348,QUEYRAC,0.1937,BEGADAN,2,"ph,tds"
33350,RAUZAN,0.2,RAUZAN,2,"ph,tds"
33353,RIMONS,0.2,CASTELMORRON-D'ALBRET,2,"ph,tds"
33354,RIOCAUD,0.2,PAYS FOYEN,2,"ph,tds"
33356,RIVIERE (LA),0.4446,CUBZADAIS FRONSADAIS,2,"ph,tds"
33357,ROAILLAN,0.1295,CASTETS-EN-DORTHE,2,"ph,tds"
33359,ROQUEBRUNE,0.2,MONSEGUR,2,"ph,tds"
33360,ROQUILLE (LA),0.2,PAYS FOYEN,2,"ph,tds"
33361,RUCH,0.2,RAUZAN,2,"ph,tds"
33362,SABLONS,0.7348,NORD LIBOURNAIS,2,"ph,tds"
33364,SAILLANS,0.445,CUBZADAIS FRONSADAIS,2,"ph,tds"
33365,SAINT-AIGNAN,0.445,CUBZADAIS FRONSADAIS,2,"ph,tds"
33370,SAINT-ANDRONY,0.5813,BLAYAIS,2,"ph,tds"
33373,SAINT-ANTOINE-SUR-L'ISLE,0.2748,VALLEE DE L'ISLE,2,"ph,tds"
33375,SAINT-AUBIN-DE-BRANNE,0.1997,RAUZAN,2,"ph,tds"
33377,SAINT-AVIT-DE-SOULEGE,0.2,PAYS FOYEN,2,"ph,tds"
33379,SAINT-BRICE,0.1479,SAINT BRICE,2,"ph,tds"
33382,SAINT-CHRISTOLY-DE-BLAYE,0.5813,BLAYAIS,2,"ph,tds"
33386,SAINT-CIBARD,0.2,EST-DU-LIBOURNAIS,2,"ph,tds"
33387,SAINT-CIERS-D'ABZAC,0.7348,NORD LIBOURNAIS,2,"ph,tds"
33390,SAINTE-COLOMBE,0.2,EST-DU-LIBOURNAIS,2,"ph,tds"
33391,SAINT-COME,0.1281,BAZADAIS,2,"ph,tds"
33394,SAINT-EMILION,0.1999,,2,"ph,tds"
33398,SAINT-EXUPERY,0.1832,DROPT,2,"ph,tds"
33400,SAINT-FERME,0.2,CASTELMORRON-D'ALBRET,2,"ph,tds"
33401,SAINTE-FLORENCE,0.1996,RAUZAN,2,"ph,tds"
33403,SAINTE-FOY-LA-LONGUE,0.102,CAUDROT,2,"ph,tds"
33404,SAINTE-GEMME,0.2,MONSEGUR,2,"ph,tds"
33406,SAINT-GENES-DE-CASTILLON,0.1996,EST-DU-LIBOURNAIS,2,"ph,tds"
33407,SAINT-GENES-DE-FRONSAC,0.4446,CUBZADAIS FRONSADAIS,2,"ph,tds"
33411,SAINT-GERMAIN-DE-GRAVE,0.1486,SAINT BRICE,2,"ph,tds"
33412,SAINT-GERMAIN-D'ESTEUIL,0.1829,ST YZANS-DE-MEDOC,2,"ph,tds"
33413,SAINT-GERMAIN-DU-PUCH,0.2,ARVEYRES,2,"ph,tds"
33415,SAINT-GERVAIS,0.445,CUBZADAIS FRONSADAIS,2,"ph,tds"
33416,SAINT-GIRONS-D'AIGUEVIVES,0.581,BLAYAIS,2,"ph,tds"
33418,SAINT-HILAIRE-DE-LA-NOAILLE,0.1993,MONGAUZY,2,"ph,tds"
33419,SAINT-HILAIRE-DU-BOIS,0.1493,SAINT BRICE,2,"ph,tds"
33420,SAINT-HIPPOLYTE,0.1991,EST-DU-LIBOURNAIS,2,"ph,tds"
33426,SAINT-LAURENT-DES-COMBES,0.2,EST-DU-LIBOURNAIS,2,"ph,tds"
33427,SAINT-LAURENT-DU-BOIS,0.102,CAUDROT,2,"ph,tds"
33428,SAINT-LAURENT-DU-PLAN,0.102,CAUDROT,2,"ph,tds"
33431,SAINT-LEON,0.1162,TARGON,2,"ph,tds"
33432,SAINT-LOUBERT,0.2,,2,"ph,tds"
33439,SAINT-MARIENS,0.5813,BLAYAIS,2,"ph,tds"
33443,SAINT-MARTIN-DE-LERM,0.2,CASTELMORRON-D'ALBRET,2,"ph,tds"
33444,SAINT-MARTIN-DE-SESCAS,0.102,CAUDROT,2,"ph,tds"
33446,SAINT-MARTIN-DU-PUY,0.2,CASTELMORRON-D'ALBRET,2,"ph,tds"
33450,SAINT-MICHEL-DE-CASTELNAU,0.1343,LERM-ET-MUSSET,2,"ph,tds"
33453,SAINT-MICHEL-DE-LAPUJADE,0.2,MONGAUZY,2,"ph,tds"
33458,SAINT-PAUL,0.5813,BLAYAIS,2,"ph,tds"
33460,SAINT-PEY-DE-CASTETS,0.2,,2,"ph,tds"
33467,SAINT-QUENTIN-DE-CAPLONG,0.2,PAYS FOYEN,2,"ph,tds"
33468,SAINTE-RADEGONDE,0.2,PESSAC-SUR-DORDOGNE,2,"ph,tds"
33470,SAINT-ROMAIN-LA-VIRVEE,0.4436,CUBZADAIS FRONSADAIS,2,"ph,tds"
33472,SAINT-SAUVEUR-DE-PUYNORMAND,0.2748,VALLEE DE L'ISLE,2,"ph,tds"
33475,SAINT-SEURIN-DE-BOURG,0.3835,BOURGEAIS,2,"ph,tds"
33477,SAINT-SEURIN-DE-CURSAC,0.5813,BLAYAIS,2,"ph,tds"
33479,SAINT-SEVE,0.2,MONGAUZY,2,"ph,tds"
33480,SAINT-SULPICE-DE-FALEYRENS,0.2,EST-DU-LIBOURNAIS,2,"ph,tds"
33481,SAINT-SULPICE-DE-GUILLERAGUES,0.2,MONSEGUR,2,"ph,tds"
33485,SAINTE-TERRE,0.2,EST-DU-LIBOURNAIS,2,"ph,tds"
33487,SAINT-VINCENT-DE-PAUL,0.4763,PRESQU'ILE,2,"ph,tds"
33489,SAINT-VIVIEN-DE-BLAYE,0.3835,BOURGEAIS,2,"ph,tds"
33491,SAINT-VIVIEN-DE-MONSEGUR,0.2,MONSEGUR,2,"ph,tds"
33499,SALLES-DE-CASTILLON (LES),0.2,EST-DU-LIBOURNAIS,2,"ph,tds"
33502,SAUGON,0.5813,BLAYAIS,2,"ph,tds"
33504,SAUTERNES,0.161,,2,"ph,tds"
33506,SAUVETERRE-DE-GUYENNE,0.1493,SAINT BRICE,2,"ph,tds"
33508,SAVIGNAC,0.1414,BASSANNE,2,"ph,tds"
33509,SAVIGNAC-DE-L'ISLE,0.7346,NORD LIBOURNAIS,2,"ph,tds"
33511,SENDETS,0.1086,GRIGNOLS,2,"ph,tds"
33512,SIGALENS,0.1086,GRIGNOLS,2,"ph,tds"
33518,TABANAC,0.1228,LANGOIRAN,2,"ph,tds"
33520,TAILLECAVAT,0.2,MONSEGUR,2,"ph,tds"
33530,TEUILLAC,0.3835,BOURGEAIS,2,"ph,tds"
33532,TIZAC-DE-LAPOUYADE,0.7348,NORD LIBOURNAIS,2,"ph,tds"
33542,VERAC,0.4446,CUBZADAIS FRONSADAIS,2,"ph,tds"
33553,VIRSAC,0.4448,CUBZADAIS FRONSADAIS,2,"ph,tds"
34001,ABEILHAN,0.2,S. HLT-CAUX NIZAS TOURBES ROUJAN COULOBR,2,"ph,tds"
34007,AIGUES-VIVES,0.3226,SLM-PAIROLS,2,"ph,tds"
34009,ALIGNAN-DU-VENT,0.2,S. HLT-CAUX NIZAS TOURBES ROUJAN COULOBR,2,"ph,tds"
34015,ASSIGNAN,0.2,S. VERN-VERNAZOBRE,2,"ph,tds"
34018,AUTIGNAC,0.2,S. ML-RIVE GAUCHE DE L'ORB,2,"ph,tds"
34020,AZILLANET,0.3226,SLM-PAIROLS,2,"ph,tds"
34039,BOUZIGUES,0.2,S. B.L-BAS SERVICE,2,"ph,tds"
34047,CAMPAGNAN,0.2,S. HLT-ADISSAN ST PARGOIRE BELARGA CAZOU,2,"ph,tds"
34048,CAMPAGNE,0.2,SGC - NORD,2,"ph,tds"
34059,CAUNETTE (LA),0.3226,SLM-PAIROLS,2,"ph,tds"
34062,CAUSSINIOJOULS,0.2,S. ML-RIVE GAUCHE DE L'ORB,2,"ph,tds"
34068,CAZOULS-D'HERAULT,0.2,S. HLT-ADISSAN ST PARGOIRE BELARGA CAZOU,2,"ph,tds"
34072,CELLES,0.2,LL-LODEVE-POUJOLS-FOZIERES-PUECH-OLM-LAU,2,"ph,tds"
34102,FONTANES,0.2,SGC - NORD,2,"ph,tds"
34110,GALARGUES,0.2,,2,"ph,tds"
34112,GARRIGUES,0.2,SGC - NORD,2,"ph,tds"
34122,JONQUIERES,0.2,CC. VH-ST SATUR.-ST GUIR.-JONQ.,2,"ph,tds"
34131,LAURET,0.2,CC. GPSL - LEZ,2,"ph,tds"
34141,LIVINIERE (LA),0.2,SLM-LA LIVINIERE-SIRAN CENTRE,2,"ph,tds"
34147,MAGALAS,0.198,S. ML-RIVE GAUCHE DE L'ORB,2,"ph,tds"
34152,MAS-DE-LONDRES,0.2,CC. GPSL - SUQUET,2,"ph,tds"
34174,MOULES-ET-BAUCELS,0.2,S. REGION DE GANGES,2,"ph,tds"
34185,NOTRE-DAME-DE-LONDRES,0.2,CC. GPSL - SUQUET,2,"ph,tds"
34189,OLONZAC,0.3226,SLM-PAIROLS,2,"ph,tds"
34190,OUPIA,0.3226,SLM-PAIROLS,2,"ph,tds"
34222,PUILACHER,0.2,S. HLT-PLAISSAN TRESSAN AUMELAS VENDEMIA,2,"ph,tds"
34234,ROQUESSELS,0.2,S. ML-RIVE GAUCHE DE L'ORB,2,"ph,tds"
34236,ROUET,0.2,CC. GPSL - SUQUET,2,"ph,tds"
34237,ROUJAN,0.2,S. HLT-CAUX NIZAS TOURBES ROUJAN COULOBR,2,"ph,tds"
34242,SAINT-BAUZILLE-DE-MONTMEL,0.2,SGC - NORD,2,"ph,tds"
34252,SAINT-ETIENNE-ESTRECHOUX,0.5192,S. ML-FONTCAUDE,2,"ph,tds"
34265,SAINT-JEAN-DE-CORNIES,0.199,SGC - NORD,2,"ph,tds"
34266,SAINT-JEAN-DE-CUCULLES,0.2,CC. GPSL - LEZ,2,"ph,tds"
34278,SAINT-MICHEL,0.2,,2,"ph,tds"
34279,SAINT-NAZAIRE-DE-LADAREZ,0.2,S. ML-RIVE GAUCHE DE L'ORB,2,"ph,tds"
34292,SALASC,0.2,,2,"ph,tds"
34303,SORBS,0.2,LL-PLATEAU DU LARZAC,2,"ph,tds"
34311,TOURBES,0.2,S. HLT-CAUX NIZAS TOURBES ROUJAN COULOBR,2,"ph,tds"
34312,TOUR-SUR-ORB (LA),0.5192,S. ML-FONTCAUDE,2,"ph,tds"
34313,TRESSAN,0.2,S. HLT-PLAISSAN TRESSAN AUMELAS VENDEMIA,2,"ph,tds"
34341,VILLEVEYRAC,0.2,S. B.L-BAS SERVICE,2,"ph,tds"
34342,VIOLS-EN-LAVAL,0.2,CC. GPSL - SUQUET,2,"ph,tds"
34343,VIOLS-LE-FORT,0.2,CC. GPSL - SUQUET,2,"ph,tds"
35005,ARBRISSEL,0.4829,EAU PORTES BRETAGNE_BILLERIE_GUERCHE,2,"ph,tds"
35008,AVAILLES-SUR-SEICHE,0.4606,EAU PORTES BRETAGNE_BILLERIE_GUERCHE,2,"ph,tds"
35017,BAUSSAINE (LA),0.2,BRETAGNE ROMANTIQUE_BLEUQUEN SAINT THUAL_TINTENIAC,2,"ph,tds"
35023,BEDEE,0.4157,CEBR_ROPHEMEL_PACE,2,"ph,tds"
35027,BOISGERVILLY,0.2,ST MEEN MONTAUBAN_TIZON_MONTAUBAN BRETAGNE,2,"ph,tds"
35028,BOISTRUDAN,0.4744,FORET THEIL_CITE_RETIERS,2,"ph,tds"
35032,BOURGBARRE,0.1614,CEBR_CHAMP FLEURY_BRUZ,2,"ph,tds"
35033,BOURG-DES-COMPTES,0.5155,BRUYERES_FRAUX/PORT DE ROCHE_BOURG DES COMPTES,2,"ph,tds"
35039,BRECE,0.5964,CEBR_PLESSIS BEUCHER_ACIGNE,2,"ph,tds"
35042,BRIELLES,0.49,EAU PORTES BRETAGNE_BILLERIE_GUERCHE,2,"ph,tds"
35044,BROUALAN,0.5412,BEAUFORT_LANDAL_PLEINE FOUGERES,2,"ph,tds"
35050,CARDROC,0.2093,BRETAGNE ROMANTIQUE_ROCHER LA CHAPELLE/BLEUQUEN SAINT THUAL_CARDROC,2,"ph,tds"
35052,CHAMPEAUX,0.5135,EAU PORTES BRETAGNE_BILLERIE/GRANGE_BOUEXIERE,2,"ph,tds"
35056,CHAPELLE-AUX-FILTZMEENS (LA),0.2,BRETAGNE ROMANTIQUE_BLEUQUEN SAINT THUAL_TINTENIAC,2,"ph,tds"
35061,CHAPELLE-ERBREE (LA),0.5036,,2,"ph,tds"
35070,CHATEAUNEUF-D'ILLE-ET-VILAINE,0.6693,BEAUFORT_BEAUFORT_DOL DE BRETAGNE,2,"ph,tds"
35079,CHEVAIGNE,0.2,CEBR_DOUETTEE_ST AUBIN D'AUBIGNE,2,"ph,tds"
35081,CLAYES,0.4265,CEBR_ROPHEMEL_PACE,2,"ph,tds"
35087,CORNILLE,0.5734,EAU PORTES BRETAGNE_PLESSIS BEUCHER_CHATEAUGIRON,2,"ph,tds"
35097,DOMALAIN,0.4793,EAU PORTES BRETAGNE_BILLERIE_GUERCHE,2,"ph,tds"
35099,DOMLOUP,0.5449,EAU PORTES BRETAGNE_PLESSIS BEUCHER_CHATEAUGIRON,2,"ph,tds"
35111,FERRE (LE),0.7138,COGLAIS_MONTOURS_LES PORTES DU COGLAIS,2,"ph,tds"
35117,GAEL,0.4261,ST MEEN MONTAUBAN_TIZON_MONTAUBAN BRETAGNE,2,"ph,tds"
35122,GOUESNIERE (LA),0.6741,BEAUFORT_BEAUFORT_DOL DE BRETAGNE,2,"ph,tds"
35132,HIREL,0.6584,BEAUFORT_BEAUFORT_DOL DE BRETAGNE,2,"ph,tds"
35135,IRODOUER,0.4257,CEBR_ROPHEMEL_PACE,2,"ph,tds"
35148,LANRIGAN,0.2,BRETAGNE ROMANTIQUE_COUABRAC_DINGE,2,"ph,tds"
35165,MARCILLE-ROBERT,0.4641,FORET THEIL_CITE_RETIERS,2,"ph,tds"
35174,MELLE,0.766,EAU PAYS FOUGERES_PONT JUHEL_LOUVIGNE DU DESERT,2,"ph,tds"
35179,MINIAC-MORVAN,0.6661,BEAUFORT_BEAUFORT_DOL DE BRETAGNE,2,"ph,tds"
35180,MINIAC-SOUS-BECHEREL,0.1973,CEBR_LINQUENIAC_BECHEREL,2,"ph,tds"
35186,MONT-DOL,0.6691,BEAUFORT_BEAUFORT_DOL DE BRETAGNE,2,"ph,tds"
35190,MONTHAULT,0.8159,EAU PAYS FOUGERES_PONT JUHEL_LOUVIGNE DU DESERT,2,"ph,tds"
35198,MOULINS,0.4784,EAU PORTES BRETAGNE_BILLERIE_GUERCHE,2,"ph,tds"
35199,MOUSSE,0.4955,EAU PORTES BRETAGNE_BILLERIE_GUERCHE,2,"ph,tds"
35201,MUEL,0.3514,ST MEEN MONTAUBAN_TIZON_MONTAUBAN BRETAGNE,2,"ph,tds"
35220,PIRE-CHANCE,0.4692,EAU PORTES BRETAGNE_BILLERIE_GUERCHE,2,"ph,tds"
35226,PLEUGUENEUC,0.2297,BRETAGNE ROMANTIQUE_BLEUQUEN SAINT THUAL_TINTENIAC,2,"ph,tds"
35231,POLIGNE,0.5186,BRUYERES_FRAUX/PORT DE ROCHE_BOURG DES COMPTES,2,"ph,tds"
35242,RIMOU,0.844,,2,"ph,tds"
35244,ROMAZY,0.6263,VALLEE COUESNON_HAUTE CHELLERAIS_ST OUEN DES ALLEUX,2,"ph,tds"
35252,SAINT-AUBIN-DES-LANDES,0.4862,EAU PORTES BRETAGNE_BILLERIE/GRANGE_BOUEXIERE,2,"ph,tds"
35264,SAINT-DIDIER,0.5765,EAU PORTES BRETAGNE_PLESSIS BEUCHER_CHATEAUGIRON,2,"ph,tds"
35265,SAINT-DOMINEUC,0.2,BRETAGNE ROMANTIQUE_BLEUQUEN SAINT THUAL_TINTENIAC,2,"ph,tds"
35272,SAINT-GERMAIN-DU-PINEL,0.4808,EAU PORTES BRETAGNE_BILLERIE_GUERCHE,2,"ph,tds"
35282,RIVES-DU-COUESNON,0.6062,,2,"ph,tds"
35291,SAINT-MARCAN,0.523,BEAUFORT_LANDAL_PLEINE FOUGERES,2,"ph,tds"
35306,SAINT-PERE,0.6697,BEAUFORT_BEAUFORT_DOL DE BRETAGNE,2,"ph,tds"
35314,SAINT-SULIAC,0.6681,BEAUFORT_BEAUFORT_DOL DE BRETAGNE,2,"ph,tds"
35317,SAINT-SYMPHORIEN,0.2,CEBR_ROCHER LA CHAPELLE/BLEUQUEN SAINT THUAL_LA CHAPELLE CHAUSSEE,2,"ph,tds"
35318,SAINT-THUAL,0.2,,2,"ph,tds"
35325,SELLE-GUERCHAISE (LA),0.5155,,2,"ph,tds"
35329,SOUGEAL,0.8337,ANTRAIN_PONT NEUF_VAL COUESNON,2,"ph,tds"
35343,TRESBOEUF,0.7662,FORET THEIL_GROUSSINIERE_LA COUYERE,2,"ph,tds"
35346,TRIMER,0.2,BRETAGNE ROMANTIQUE_BLEUQUEN SAINT THUAL_TINTENIAC,2,"ph,tds"
35350,VERGEAL,0.4913,EAU PORTES BRETAGNE_BILLERIE_GUERCHE,2,"ph,tds"
35359,VISSEICHE,0.4862,EAU PORTES BRETAGNE_BILLERIE_GUERCHE,2,"ph,tds"
35361,VIVIER-SUR-MER (LE),0.6755,BEAUFORT_BEAUFORT_DOL DE BRETAGNE,2,"ph,tds"
35362,TRONCHET (LE),0.6675,BEAUFORT_BEAUFORT_DOL DE BRETAGNE,2,"ph,tds"
36008,ARPHEUILLES,0.2,CLION SUR INDRE,2,"ph,tds"
36011,BAGNEUX,0.6002,ST CHRISTOPHE EN BAZELLE,2,"ph,tds"
36012,BARAIZE,0.2685,CELON,2,"ph,tds"
36014,BAZAIGES,0.2685,CELON,2,"ph,tds"
36015,BEAULIEU,0.2,ABLOUX CHAILLAC,2,"ph,tds"
36019,BOMMIERS,0.2,LE LIENNET SUD,2,"ph,tds"
36020,BONNEUIL,0.2,ABLOUX CHAILLAC,2,"ph,tds"
36023,BOUGES-LE-CHATEAU,0.2,LEVROUX RURAL,2,"ph,tds"
36024,BRETAGNE,0.2,BRION,2,"ph,tds"
36029,BUXEUIL,0.1924,POULAINES,2,"ph,tds"
36030,BUXIERES-D'AILLAC,0.2,VELLES ARTHON,2,"ph,tds"
36037,CHAMPENOISE (LA),0.2,BRION,2,"ph,tds"
36040,CHAPELLE-ORTHEMALE (LA),0.2,LA DEMOISELLE OUEST,2,"ph,tds"
36041,CHAPELLE-SAINT-LAURIAN (LA),0.2,VATAN,2,"ph,tds"
36048,CHAVIN,0.2,MAILLET,2,"ph,tds"
36051,CHITRAY,0.2,ST GAULTIER HAUT,2,"ph,tds"
36052,CHOUDAY,0.2,LE COUSSERON,2,"ph,tds"
36058,CONCREMIERS,0.2,FONTGOMBAULT,2,"ph,tds"
36061,CROZON-SUR-VAUVRE,0.2,LA COUARDE SUD,2,"ph,tds"
36065,DIOU,0.1996,REUILLY DIOU,2,"ph,tds"
36067,DUNET,0.2,ABLOUX CHAILLAC,2,"ph,tds"
36074,FLERE-LA-RIVIERE,0.2,CHATILLON CLERE DU BOIS,2,"ph,tds"
36075,FONTENAY,0.2,VATAN,2,"ph,tds"
36077,FONTGUENAND,0.2,VALENCAY CHOIZEAU,2,"ph,tds"
36078,FOUGEROLLES,0.2428,LA COUARDE OUEST,2,"ph,tds"
36079,FRANCILLON,0.2,LA DEMOISELLE NORD,2,"ph,tds"
36080,FREDILLE,0.2,ECUEILLE,2,"ph,tds"
36082,GEHEE,0.2,VALENCAY BAUDRES,2,"ph,tds"
36083,GIROUX,0.2,VATAN,2,"ph,tds"
36084,GOURNAY,0.3426,AUZON CLUIS,2,"ph,tds"
36085,GUILLY,0.1924,POULAINES,2,"ph,tds"
36087,INGRANDES,0.2,FONTGOMBAULT,2,"ph,tds"
36090,JEU-MALOCHES,0.2,VALENCAY BAUDRES,2,"ph,tds"
36092,LANGE,0.2,VALENCAY BAUDRES,2,"ph,tds"
36097,LINIEZ,0.2,BRION,2,"ph,tds"
36098,LIZERAY,0.2,LE LIENNET NORD,2,"ph,tds"
36100,LOUROUER-SAINT-LAURENT,0.2,LA COUARDE MONTGIVRAY,2,"ph,tds"
36102,LUCAY-LE-LIBRE,0.2,REUILLY DIOU,2,"ph,tds"
36104,LURAIS,0.2,FONTGOMBAULT,2,"ph,tds"
36109,MAGNY (LE),0.2,LA COUARDE SUD,2,"ph,tds"
36111,MALICORNAY,0.2,MAILLET,2,"ph,tds"
36112,MARON,0.2,LE LIENNET SUD,2,"ph,tds"
36114,MAUVIERES,0.2,FONTGOMBAULT BELABRE,2,"ph,tds"
36115,MENETOU-SUR-NAHON,0.2,ST CHRISTOPHE VARENNES,2,"ph,tds"
36116,MENETREOLS-SOUS-VATAN,0.2,VATAN,2,"ph,tds"
36118,MEOBECQ,0.2,BRENNE VENDOEUVRES,2,"ph,tds"
36119,MERIGNY,0.2,FONTGOMBAULT,2,"ph,tds"
36120,MERS-SUR-INDRE,0.2,LA COUARDE NORD,2,"ph,tds"
36121,MEUNET-PLANCHES,0.2,LE LIENNET SUD,2,"ph,tds"
36124,MIGNE,0.2,LA PHILIPPIERE CHASSENEUIL,2,"ph,tds"
36126,MONTCHEVRIER,0.3426,AUZON CLUIS,2,"ph,tds"
36130,MONTLEVICQ,0.6053,IGNERAIE SUD,2,"ph,tds"
36132,MOTTE-FEUILLY (LA),0.6053,IGNERAIE SUD,2,"ph,tds"
36133,MOUHERS,0.3426,AUZON CLUIS,2,"ph,tds"
36138,NERET,0.6053,IGNERAIE SUD,2,"ph,tds"
36142,NIHERNE,0.2,LA DEMOISELLE OUEST,2,"ph,tds"
36144,NURET-LE-FERRON,0.2,LA PHILIPPIERE CHASSENEUIL,2,"ph,tds"
36147,ORVILLE,0.1924,POULAINES,2,"ph,tds"
36150,PARNAC,0.2,ABLOUX SACIERGES,2,"ph,tds"
36152,PAUDY,0.2,VATAN,2,"ph,tds"
36155,PELLEVOISIN,0.2,ECUEILLE,2,"ph,tds"
36157,PEROUILLE (LA),0.2,LA PHILIPPIERE CHASSENEUIL,2,"ph,tds"
36164,POULIGNY-SAINT-MARTIN,0.2,LA COUARDE SUD,2,"ph,tds"
36165,POULIGNY-SAINT-PIERRE,0.2,FONTGOMBAULT,2,"ph,tds"
36166,PREAUX,0.2,ECUEILLE,2,"ph,tds"
36170,REBOURSIN,0.2,VATAN,2,"ph,tds"
36175,ROUVRES-LES-BOIS,0.2,VALENCAY BAUDRES,2,"ph,tds"
36179,SAINT-AOUSTRILLE,0.2,LE LIENNET NORD,2,"ph,tds"
36181,SAINT-AUBIN,0.2,LE COUSSERON,2,"ph,tds"
36187,SAINT-CIVRAN,0.2,ABLOUX SACIERGES,2,"ph,tds"
36196,SAINT-GILLES,0.2,ABLOUX SACIERGES,2,"ph,tds"
36212,SAULNAY,0.2,CLION SUR INDRE,2,"ph,tds"
36213,SAUZELLES,0.2,FONTGOMBAULT,2,"ph,tds"
36217,SEMBLECAY,0.6002,ST CHRISTOPHE EN BAZELLE,2,"ph,tds"
36218,SOUGE,0.2,LEVROUX RURAL,2,"ph,tds"
36222,THIZAY,0.2,LE LIENNET NORD,2,"ph,tds"
36225,TRANGER (LE),0.2,CLION SUR INDRE,2,"ph,tds"
36227,URCIERS,0.6094,STE SEVERE,2,"ph,tds"
36235,VEUIL,0.2,VALENCAY CHOIZEAU,2,"ph,tds"
36238,VIGOULANT,0.9236,STE SEVERE VIJON,2,"ph,tds"
36242,VILLEGONGIS,0.2,LA DEMOISELLE NORD,2,"ph,tds"
36243,VILLEGOUIN,0.2,ECUEILLE,2,"ph,tds"
36247,VINEUIL,0.2,LA DEMOISELLE OUEST,2,"ph,tds"
37001,ABILLY,0.1999,DESCARTES,2,"ph,tds"
37016,AZAY-SUR-INDRE,0.2,REIGNAC SUR INDRE,2,"ph,tds"
37020,BEAULIEU-LES-LOCHES,0.2,LOCHES,2,"ph,tds"
37023,BEAUMONT-VILLAGE,0.2,MONTRESOR,2,"ph,tds"
37028,BOSSAY-SUR-CLAISE,0.2,BOUSSAY,2,"ph,tds"
37034,BRASLOU,0.2,,2,"ph,tds"
37037,BRECHES,0.2,VILLIERS AU BOUIN,2,"ph,tds"
37039,BRIDORE,0.1997,VERNEUIL SUR INDRE,2,"ph,tds"
37041,BUEIL-EN-TOURAINE,0.2,VILLEBOURG,2,"ph,tds"
37044,CELLE-GUENAND (LA),0.2,ST FLOVIER,2,"ph,tds"
37049,CHAMBOURG-SUR-INDRE,0.2,REIGNAC SUR INDRE,2,"ph,tds"
37094,CUSSAY,0.2,LIGUEIL (PAULMY),2,"ph,tds"
37103,ESVES-LE-MOUTIER,0.2,CIRAN,2,"ph,tds"
37106,FERRIERE (LA),0.2,MARRAY,2,"ph,tds"
37112,GIZEUX,0.2,CONTINVOIR,2,"ph,tds"
37116,HERMITES (LES),0.2,MARRAY,2,"ph,tds"
37121,JAULNAY,0.2,RAZINES,2,"ph,tds"
37125,LEMERE,0.1,CHAMPIGNY-SUR-VEUDE,2,"ph,tds"
37140,LUZE,0.2,RAZINES,2,"ph,tds"
37146,MARCILLY-SUR-MAULNE,0.2,BRAYE SUR MAULNE,2,"ph,tds"
37160,MORAND,0.1433,ST NICOLAS DES MOTETS,2,"ph,tds"
37178,PANZOULT,0.024,ST EPAIN,2,"ph,tds"
37187,PORTS,0.1998,PUSSIGNY,2,"ph,tds"
37188,POUZAY,0.1983,NOYANT DE TOURAINE,2,"ph,tds"
37198,RILLE,0.1669,CHANNAY SUR LATHAN,2,"ph,tds"
37200,RIVARENNES,0.2,SAINT BENOIT,2,"ph,tds"
37202,ROCHE-CLERMAULT (LA),0.2,SEUILLY,2,"ph,tds"
37222,SAINT-JEAN-SAINT-GERMAIN,0.2,VERNEUIL SUR INDRE,2,"ph,tds"
37234,SAINT-QUENTIN-SUR-INDROIS,0.2,REIGNAC SUR INDRE,2,"ph,tds"
37241,SAVIGNE-SUR-LATHAN,0.1999,HOMMES,2,"ph,tds"
37258,THIZAY,0.2,SEUILLY,2,"ph,tds"
37265,VARENNES,0.2,CIRAN,2,"ph,tds"
37275,VILLEDOMAIN,0.2,LOCHE SUR INDROIS,2,"ph,tds"
38029,BATIE-MONTGASCON (LA),0.2,ABRETS SUD,2,"ph,tds"
38038,BELMONT,0.2,ST DIDIER BELMONT,2,"ph,tds"
38056,BRESSIEUX,0.6293,ROSSIERE-CHARPENAY-BOURG BRESSIEUX,2,"ph,tds"
38074,CHANTESSE,0.2,,2,"ph,tds"
38080,CHARANCIEU,0.2,SERVICES DE FREYDIERE,2,"ph,tds"
38083,CHARETTE,0.2,HAUT SERVICE PLATEAU CREMIEU,2,"ph,tds"
38115,SAINT-MARTIN-DE-LA-CLUZE,0.2,RESEAU AVAL,2,"ph,tds"
38132,COTES-DE-CORPS (LES),0.2,,2,"ph,tds"
38136,CRACHIER,0.2,MAUBEC CHEZENEUVE CRACHIER,2,"ph,tds"
38159,EYDOCHE,0.199,EYDOCHE-FLACHERES,2,"ph,tds"
38162,FAVERGES-DE-LA-TOUR,0.2,MOYEN SERVICE EST ET HAUT SERVICE,2,"ph,tds"
38172,FOUR,0.2,VILLEFONTAINE VAULX-MILIEU FOUR,2,"ph,tds"
38183,GRANIEU,0.2,AOSTE GRANIEU,2,"ph,tds"
38228,MERLAS,0.2,SERVICES DE FREYDIERE,2,"ph,tds"
38230,MEYRIE,0.2,CAPI EST,2,"ph,tds"
38245,MONTAGNE,0.2,MONTAGNE - HAUT ST LATTIER,2,"ph,tds"
38255,MONTFALCON,0.2,ROYBON PRINCIPALE,2,"ph,tds"
38275,SERRE-NERPOL,0.3154,SERRE NERPOL RESEAU,2,"ph,tds"
38311,POMMIER-DE-BEAUREPAIRE,0.2,HAUT DOLON PRINCIPALE,2,"ph,tds"
38323,PRESSINS,0.2,,2,"ph,tds"
38324,PRIMARETTE,0.2,,2,"ph,tds"
38340,ROCHES-DE-CONDRIEU (LES),0.2,ST CLAIR ST PRIM ROCHE RESEAUX,2,"ph,tds"
38342,ROISSARD,0.2,RESEAU AMONT,2,"ph,tds"
38346,ROYAS,0.2,CARLOZ,2,"ph,tds"
38372,SAINT-BUEIL,0.2,SERVICES DE FREYDIERE,2,"ph,tds"
38381,SAINT-DIDIER-DE-LA-TOUR,0.2,SAINT ONDRAS,2,"ph,tds"
38406,SAINT-JULIEN-DE-L'HERMS,0.2,HAUT DOLON PRINCIPALE,2,"ph,tds"
38452,SAINT-ROMAIN-DE-SURIEU,0.2,MOURELET HAUT SERVICE,2,"ph,tds"
38460,SAINT-SULPICE-DES-RIVOIRES,0.1999,SERVICES DE FREYDIERE,2,"ph,tds"
38531,VELANNE,0.2,SERVICES DE FREYDIERE,2,"ph,tds"
38535,VERNAS,0.2,BAS SERVICE BARMETTES,2,"ph,tds"
38543,VEZERONCE-CURTIN,0.2,SALAGNON BS VIGNIEU VEZERONCE,2,"ph,tds"
38564,VOISSANT,0.2,SERVICES DE FREYDIERE,2,"ph,tds"
39002,ABERGEMENT-LE-GRAND,0.2,SIAEP D'ARBOIS POLIGNY,2,"ph,tds"
39006,AIGLEPIERRE,0.1997,SIAEP DE LA VACHE,2,"ph,tds"
39007,ALIEZE,0.2,SIE HEUTE LA ROCHE - SECTEUR ST. MAUR,2,"ph,tds"
39008,AMANGE,0.2,SIAEP DE MOULIN ROUGE- ORCHAMPS,2,"ph,tds"
39013,ARBOIS,0.2,SIAEP D'ARBOIS POLIGNY,2,"ph,tds"
39014,ARCHELANGE,0.2,SIEA DE LA REGION DE DOLE NORD,2,"ph,tds"
39030,AUTHUME,0.1993,SIEA DE LA REGION DE DOLE NORD,2,"ph,tds"
39031,AUXANGE,0.2,SIAEP DE MOULIN ROUGE- ORCHAMPS,2,"ph,tds"
39034,BALAISEAUX,0.2,SIE 3 RIVIERES - SECTEUR PRINCIPAL,2,"ph,tds"
39038,BARESIA-SUR-L'AIN,0.2,SIAEP DU PTIT LAC DE CLAIRVAUX,2,"ph,tds"
39039,BARRE (LA),0.1997,SIAEP DE MOULIN ROUGE- ORCHAMPS,2,"ph,tds"
39042,BAVERANS,0.1993,SIEA DE LA REGION DE DOLE NORD,2,"ph,tds"
39045,BEFFIA,0.1993,SIAEP DE LA REGION D'ORGELET,2,"ph,tds"
39046,BELLECOMBE,0.2763,SIAEP DU HAUT JURA SUD,2,"ph,tds"
39047,BELLEFONTAINE,0.6655,,2,"ph,tds"
39048,BELMONT,0.2,SIEA DU VAL D'AMOUR,2,"ph,tds"
39055,BILLECUL,0.1997,SIAEP DE CENTRE EST GILLOIS,2,"ph,tds"
39062,BOISSIERE (LA),0.2,SIAEP DU VALOUSON,2,"ph,tds"
39066,BORNAY,0.2,SIE HEUTE LA ROCHE - SECTEUR ST. MAUR,2,"ph,tds"
39076,BRETENIERE (LA),0.2,SIAEP DE MOULIN ROUGE- ORCHAMPS,2,"ph,tds"
39077,BRETENIERES,0.2,SIE 3 RIVIERES - SECTEUR PRINCIPAL,2,"ph,tds"
39080,BROISSIA,0.2,SIE MONTAGNA LE TEMPLIER,2,"ph,tds"
39081,BUVILLY,0.2,SIAEP D'ARBOIS POLIGNY,2,"ph,tds"
39085,CERNIEBAUD,0.2,SIAEP DE CENTRE EST CERNIEBAUD,2,"ph,tds"
39096,CHAMPAGNEY,0.2,SIE DE MONTMIREY,2,"ph,tds"
39099,CHAMPDIVERS,0.2,SIE RECEPAGE - SECTEUR TAVAUX,2,"ph,tds"
39101,CHAMPVANS,0.2,SIEA DE LA REGION DE DOLE NORD,2,"ph,tds"
39104,CHAPELLE-VOLAND,0.2,SIAEP DE LA REG. DE BLETTERANS,2,"ph,tds"
39112,CHASSAGNE (LA),0.2,SIE 3 RIVIERES - SECTEUR PRINCIPAL,2,"ph,tds"
39126,CHAUMUSSE (LA),0.3374,SIAEP DU GRANDVAUX LAC,2,"ph,tds"
39139,CHENE-BERNARD,0.1993,SIE 3 RIVIERES - SECTEUR PRINCIPAL,2,"ph,tds"
39140,CHENE-SEC,0.2,SIE 3 RIVIÈRES - SECTEUR CHAUMERGY,2,"ph,tds"
39145,CHILLE,0.2,SIE HAUTE SEILLE - BAS SERVICE,2,"ph,tds"
39149,CHISSEY-SUR-LOUE,0.2,SIEA DU VAL D'AMOUR,2,"ph,tds"
39160,COMMENAILLES,0.1993,SIE 3 RIVIÈRES - SECTEUR CHAUMERGY,2,"ph,tds"
39162,CONDAMINE,0.2,ECLA - REVERMONT,2,"ph,tds"
39168,COURBETTE,0.2,SIE HEUTE LA ROCHE - SECTEUR ST. MAUR,2,"ph,tds"
39170,COURLANS,0.2,ECLA - REVERMONT,2,"ph,tds"
39188,DAMMARTIN-MARPAIN,0.2,SIE DE MONTMIREY,2,"ph,tds"
39189,DAMPARIS,0.2,SIE RECEPAGE - SECTEUR TAVAUX,2,"ph,tds"
39197,DIGNA,0.1993,ST.-AMOUR COLIGNY - SECT. ANDELOT,2,"ph,tds"
39205,ECLANS-NENON,0.1997,SIAEP DE MOULIN ROUGE- ORCHAMPS,2,"ph,tds"
39211,ESSARDS-TAIGNEVAUX (LES),0.2,SIE 3 RIVIERES - SECTEUR PRINCIPAL,2,"ph,tds"
39217,ETOILE (L'),0.2,ECLA - REVERMONT,2,"ph,tds"
39219,EVANS,0.1997,SIAEP DOUBS-JURA - DAMPIERRE ,2,"ph,tds"
39220,FALLETANS,0.2,SIAEP DE MOULIN ROUGE- ORCHAMPS,2,"ph,tds"
39221,FAVIERE (LA),0.1993,SIAEP DE CENTRE EST GILLOIS,2,"ph,tds"
39233,FOUCHERANS,0.2,SIEA DE LA REGION DE DOLE SUD,2,"ph,tds"
39238,FRASNE-LES-MEULIERES,0.2,SIE DE MONTMIREY,2,"ph,tds"
39240,FRASNOIS (LE),0.3874,SIAEP DU LAC D'ILAY HAUT SERVICE,2,"ph,tds"
39241,FREBUANS,0.2,ECLA - REVERMONT,2,"ph,tds"
39246,GENDREY,0.1993,SIAEP DE MOULIN ROUGE- ORCHAMPS,2,"ph,tds"
39247,GENOD,0.2,SIAEP DE BOIS DE CROZ,2,"ph,tds"
39249,GERMIGNEY,0.1993,SIEA DU VAL D'AMOUR,2,"ph,tds"
39252,GEVRY,0.2,SIE RECEPAGE - SECTEUR TAVAUX,2,"ph,tds"
39254,GILLOIS,0.2,SIAEP DE CENTRE EST GILLOIS,2,"ph,tds"
39263,GROZON,0.1973,SIAEP D'ARBOIS POLIGNY,2,"ph,tds"
39265,HAUTECOUR,0.2,SIAEP DU PTIT LAC DE CLAIRVAUX,2,"ph,tds"
39270,JOUHE,0.2,SIEA DE LA REGION DE DOLE NORD,2,"ph,tds"
39275,LAMOURA,0.1997,SIAEP DU PLATEAU DES ROUSSES,2,"ph,tds"
39284,LAVANGEOT,0.2,SIAEP DE MOULIN ROUGE- ORCHAMPS,2,"ph,tds"
39288,LAVIGNY,0.2,SIE HEUTE LA ROCHE - PRINCIPAL (MIREBEL),2,"ph,tds"
39293,LESCHERES,0.3374,SIAEP DU GRANDVAUX LAC,2,"ph,tds"
39295,LOISIA,0.1993,ST.-AMOUR COLIGNY - SECT. ANDELOT,2,"ph,tds"
39301,LOULLE,0.3877,SIAEP DU LAC D'ILAY HAUT SERVICE,2,"ph,tds"
39305,LOYE (LA),0.1983,SIEA DU VAL D'AMOUR,2,"ph,tds"
39312,MARIGNA-SUR-VALOUSE,0.2,SIAEP DU VALOUSON,2,"ph,tds"
39319,MATHENAY,0.2,SIAEP D'ARBOIS POLIGNY,2,"ph,tds"
39320,MAYNAL,0.2,SIAEP DE BEAUFORT SAINTE AGNES,2,"ph,tds"
39322,MENETRUX-EN-JOUX,0.387,SIAEP DU LAC D'ILAY HAUT SERVICE,2,"ph,tds"
39323,MENOTEY,0.2,SIEA DE LA REGION DE DOLE NORD,2,"ph,tds"
39327,MESSIA-SUR-SORNE,0.2,ECLA - REVERMONT,2,"ph,tds"
39335,MOISSEY,0.2,SIE DE MONTMIREY,2,"ph,tds"
39337,MOLAMBOZ,0.1993,SIAEP D'ARBOIS POLIGNY,2,"ph,tds"
39342,MONAY,0.2,SIAEP DU TORTELET,2,"ph,tds"
39346,MONTAGNA-LE-RECONDUIT,0.1998,,2,"ph,tds"
39349,MONTAIN,0.1993,SIE HAUTE SEILLE - BAS SERVICE,2,"ph,tds"
39352,MONTEPLAIN,0.1998,SIAEP DE MOULIN ROUGE- ORCHAMPS,2,"ph,tds"
39353,MONTFLEUR,0.2,SIE MONTAGNA LE TEMPLIER,2,"ph,tds"
39354,MONTHOLIER,0.1987,SIAEP D'ARBOIS POLIGNY,2,"ph,tds"
39361,MONTMIREY-LE-CHATEAU,0.2,SIE DE MONTMIREY,2,"ph,tds"
39362,MONTMOROT,0.2,ECLA - REVERMONT,2,"ph,tds"
39370,MOUCHARD,0.1998,SIAEP DE BEL AIR,2,"ph,tds"
39372,MOURNANS-CHARBONNY,0.1997,SIAEP DE CENTRE EST LENT,2,"ph,tds"
39373,MOUSSIERES (LES),0.2763,SIAEP DU HAUT JURA SUD,2,"ph,tds"
39375,MOUTONNE,0.2,SIAEP DE LA REGION D'ORGELET,2,"ph,tds"
39376,MOUTOUX,0.2,SIAEP DE CENTRE EST LENT,2,"ph,tds"
39379,NANCE,0.2,SIAEP DE LA REG. DE BLETTERANS,2,"ph,tds"
39390,NOGNA,0.2,SIE HEUTE LA ROCHE - PRINCIPAL (MIREBEL),2,"ph,tds"
39396,ORCHAMPS,0.2,SIAEP DE MOULIN ROUGE- ORCHAMPS,2,"ph,tds"
39398,OUGNEY,0.2,SIE DE MONTMIREY,2,"ph,tds"
39400,OUR,0.2,SIAEP DE MOULIN ROUGE- ORCHAMPS,2,"ph,tds"
39409,PEINTRE,0.2,SIE DE MONTMIREY,2,"ph,tds"
39427,PLENISE,0.1973,SIAEP DE CENTRE EST LENT,2,"ph,tds"
39428,PLENISETTE,0.1997,SIAEP DE CENTRE EST LENT,2,"ph,tds"
39431,POIDS-DE-FIOLE,0.2,SIE HEUTE LA ROCHE - PRINCIPAL (MIREBEL),2,"ph,tds"
39432,POINTRE,0.199,SIE DE MONTMIREY,2,"ph,tds"
39439,PORT-LESNEY,0.2,SIAEP DE BEL AIR,2,"ph,tds"
39441,PREMANON,0.2,SIAEP DU PLATEAU DES ROUSSES,2,"ph,tds"
39443,PRESILLY,0.2,SIAEP DE LA REGION D'ORGELET,2,"ph,tds"
39446,PUPILLIN,0.2,SIAEP D'ARBOIS POLIGNY,2,"ph,tds"
39447,QUINTIGNY,0.1997,SIAEP DE LA REG. DE BLETTERANS,2,"ph,tds"
39449,RAINANS,0.2,SIEA DE LA REGION DE DOLE NORD,2,"ph,tds"
39455,REITHOUSE,0.1987,SIAEP DE LA REGION D'ORGELET,2,"ph,tds"
39456,RELANS,0.199,SIAEP DE LA REG. DE BLETTERANS,2,"ph,tds"
39458,REVIGNY,0.1987,SIE HEUTE LA ROCHE - PRINCIPAL (MIREBEL),2,"ph,tds"
39465,ROMANGE,0.1997,SIAEP DE MOULIN ROUGE- ORCHAMPS,2,"ph,tds"
39467,ROTALIER,0.2,SIAEP DE BEAUFORT SAINTE AGNES,2,"ph,tds"
39472,RYE,0.1987,SIE 3 RIVIERES - SECTEUR PRINCIPAL,2,"ph,tds"
39477,SAINT-BARAING,0.2,SIE 3 RIVIERES - SECTEUR PRINCIPAL,2,"ph,tds"
39479,SAINT-CYR-MONTMALIN,0.2,SIAEP D'ARBOIS POLIGNY,2,"ph,tds"
39481,SAINT-GERMAIN-EN-MONTAGNE,0.2,SIAEP DE CENTRE EST LENT,2,"ph,tds"
39490,SAINT-LOUP,0.2,SIE RECEPAGE - SECTEUR CHEMIN,2,"ph,tds"
39492,SAINT-MAUR,0.1997,SIE HEUTE LA ROCHE - SECTEUR ST. MAUR,2,"ph,tds"
39493,SAINT-MAURICE-CRILLAT,0.3354,SIAEP DU GRANDVAUX LAC,2,"ph,tds"
39502,SANTANS,0.2,SIEA DU VAL D'AMOUR,2,"ph,tds"
39507,SELIGNEY,0.2,SIE 3 RIVIERES - SECTEUR PRINCIPAL,2,"ph,tds"
39508,SELLIERES,0.1993,SIAEP DU TORTELET,2,"ph,tds"
39511,SERGENAUX,0.2,SIE 3 RIVIÈRES - SECTEUR CHAUMERGY,2,"ph,tds"
39512,SERGENON,0.2,SIE 3 RIVIÈRES - SECTEUR CHAUMERGY,2,"ph,tds"
39513,SERMANGE,0.2,SIAEP DE MOULIN ROUGE- ORCHAMPS,2,"ph,tds"
39514,SERRE-LES-MOULIERES,0.2,SIAEP DE MOULIN ROUGE- ORCHAMPS,2,"ph,tds"
39518,SONGESON,0.3877,SIAEP DU LAC D'ILAY HAUT SERVICE,2,"ph,tds"
39532,THOISSIA,0.1997,ST.-AMOUR COLIGNY - SECT. ANDELOT,2,"ph,tds"
39533,TOULOUSE-LE-CHATEAU,0.1997,SIAEP DU TORTELET,2,"ph,tds"
39535,TOURMONT,0.2,SIAEP D'ARBOIS POLIGNY,2,"ph,tds"
39543,VANNOZ,0.1997,SIAEP DE CENTRE EST LENT,2,"ph,tds"
39551,VERIA,0.199,ST.-AMOUR COLIGNY - SECT. ANDELOT,2,"ph,tds"
39552,VERNANTOIS,0.2,SIE HEUTE LA ROCHE - SECTEUR ST. MAUR,2,"ph,tds"
39553,VERNOIS (LE),0.1997,SIE HAUTE SEILLE - BAS SERVICE,2,"ph,tds"
39555,VERS-SOUS-SELLIERES,0.2,SIAEP DU TORTELET,2,"ph,tds"
39558,VEVY,0.2,SIE HEUTE LA ROCHE - PRINCIPAL (MIREBEL),2,"ph,tds"
39565,VILLENEUVE-D'AVAL,0.2,SIAEP D'ARBOIS POLIGNY,2,"ph,tds"
39567,VILLENEUVE-SOUS-PYMONT,0.2,SIE HAUTE SEILLE - BAS SERVICE,2,"ph,tds"
39568,VILLERSERINE,0.2,SIAEP D'ARBOIS POLIGNY,2,"ph,tds"
39571,VILLERS-ROBERT,0.1997,SIE 3 RIVIERES - SECTEUR PRINCIPAL,2,"ph,tds"
39572,VILLETTE-LES-ARBOIS,0.1997,SIAEP D'ARBOIS POLIGNY,2,"ph,tds"
39584,VRIANGE,0.199,SIAEP DE MOULIN ROUGE- ORCHAMPS,2,"ph,tds"
40002,AMOU,0.2,ESCHOURDES,2,"ph,tds"
40005,ARBOUCAVE,0.1989,TURSAN,2,"ph,tds"
40007,ARGELOS,0.1996,TURSAN,2,"ph,tds"
40011,ARSAGUE,0.1996,ESCHOURDES,2,"ph,tds"
40014,ARUE,0.7427,,2,"ph,tds"
40015,ARX,0.2855,LOSSE_LAPEYRADE,2,"ph,tds"
40016,AUBAGNAN,0.1981,MARSEILLON,2,"ph,tds"
40018,AUDON,0.2219,SOUPROSSE,2,"ph,tds"
40021,AZUR,0.6925,SOUSTONS_AZUR,2,"ph,tds"
40023,BAIGTS,0.1993,ESCHOURDES,2,"ph,tds"
40026,BAS-MAUCO,0.1995,MARSEILLON_(PAR_AURICE),2,"ph,tds"
40027,BASSERCLES,0.2,TURSAN,2,"ph,tds"
40028,BASTENNES,0.1985,ESCHOURDES,2,"ph,tds"
40029,BATS,0.1991,TURSAN,2,"ph,tds"
40033,BELIS,0.1993,SECTEUR_PAR_LA_BACHE_DE_LABRIT,2,"ph,tds"
40038,BERGOUEY,0.1989,ESCHOURDES,2,"ph,tds"
40039,BETBEZER-D'ARMAGNAC,0.4915,CREON,2,"ph,tds"
40041,BEYRIES,0.2,ESCHOURDES,2,"ph,tds"
40042,BIARROTTE,0.2,BASSE_VALLEE_ADOUR,2,"ph,tds"
40044,BIAUDOS,0.2,BASSE_VALLEE_ADOUR,2,"ph,tds"
40051,BOUGUE,0.1993,ARBOUTS_PAR_ST-GEIN,2,"ph,tds"
40052,BOURDALAT,0.1996,ARBOUTS_PAR_ST-GEIN,2,"ph,tds"
40053,BOURRIOT-BERGONCE,0.5237,ARUE,2,"ph,tds"
40054,BRASSEMPOUY,0.1995,ESCHOURDES,2,"ph,tds"
40056,BROCAS,0.1995,SECTEUR_PAR_LA_BACHE_DE_LABRIT,2,"ph,tds"
40057,BUANES,0.2,TURSAN,2,"ph,tds"
40058,CACHEN,0.5249,ARUE,2,"ph,tds"
40059,CAGNOTTE,0.2,SECTEUR_POUILLON,2,"ph,tds"
40061,CAMPAGNE,0.449,ST-MARTIN-D'ONEY,2,"ph,tds"
40063,CANDRESSE,0.2,ESCHOURDES,2,"ph,tds"
40066,CARCARES-SAINTE-CROIX,0.4485,ST-MARTIN-D'ONEY,2,"ph,tds"
40068,CASSEN,0.1992,LOURQUEN,2,"ph,tds"
40069,CASTAIGNOS-SOUSLENS,0.1995,ESCHOURDES,2,"ph,tds"
40071,CASTELNAU-CHALOSSE,0.1985,ESCHOURDES,2,"ph,tds"
40072,CASTELNAU-TURSAN,0.1989,TURSAN,2,"ph,tds"
40073,CASTELNER,0.2,TURSAN,2,"ph,tds"
40078,CAUPENNE,0.1989,ESCHOURDES,2,"ph,tds"
40081,CERE,0.2,SECTEUR_PAR_LA_BACHE_DE_LABRIT,2,"ph,tds"
40082,CLASSUN,0.2,TURSAN,2,"ph,tds"
40083,CLEDES,0.1995,TURSAN,2,"ph,tds"
40086,COUDURES,0.1996,MARSEILLON,2,"ph,tds"
40092,DUMES,0.199,MARSEILLON,2,"ph,tds"
40093,ESCALANS,0.492,CREON,2,"ph,tds"
40096,ESTIGARDE,0.492,CREON,2,"ph,tds"
40097,EUGENIE-LES-BAINS,0.2,TURSAN,2,"ph,tds"
40098,EYRES-MONCUBE,0.1995,MARSEILLON,2,"ph,tds"
40099,FARGUES,0.1997,TURSAN,2,"ph,tds"
40100,FRECHE (LE),0.2,ARBOUTS_PAR_ST-GEIN,2,"ph,tds"
40102,GABARRET,0.4902,CREON,2,"ph,tds"
40104,GAMARDE-LES-BAINS,0.2,ESCHOURDES,2,"ph,tds"
40105,GAREIN,0.1996,SECTEUR_PAR_CHATEAU_D'EAU_LABRIT,2,"ph,tds"
40106,GARREY,0.2,ESCHOURDES,2,"ph,tds"
40110,GEAUNE,0.1988,TURSAN,2,"ph,tds"
40111,GELOUX,0.449,ST-MARTIN-D'ONEY,2,"ph,tds"
40112,GIBRET,0.1996,ESCHOURDES,2,"ph,tds"
40113,GOOS,0.2,ESCHOURDES,2,"ph,tds"
40116,GOUTS,0.2216,SOUPROSSE,2,"ph,tds"
40121,HAURIET,0.1995,MARSEILLON,2,"ph,tds"
40124,HERRE,0.492,CREON,2,"ph,tds"
40126,HINX,0.2,ESCHOURDES,2,"ph,tds"
40127,HONTANX,0.1997,ARBOUTS_PAR_ST-GEIN,2,"ph,tds"
40131,LABASTIDE-D'ARMAGNAC,0.492,CREON,2,"ph,tds"
40136,LACAJUNTE,0.1997,TURSAN,2,"ph,tds"
40137,LACQUY,0.2909,POUY-DES-EAUX,2,"ph,tds"
40138,LACRABE,0.1993,TURSAN,2,"ph,tds"
40144,LARBEY,0.1995,ESCHOURDES,2,"ph,tds"
40146,LATRILLE,0.1995,TURSAN,2,"ph,tds"
40147,LAUREDE,0.2,LOURQUEN,2,"ph,tds"
40148,LAURET,0.1995,TURSAN,2,"ph,tds"
40149,LENCOUACQ,0.5249,ARUE,2,"ph,tds"
40160,LOURQUEN,0.1999,,2,"ph,tds"
40161,LUBBON,0.2848,LOSSE_LAPEYRADE,2,"ph,tds"
40167,LUXEY,0.3675,SORE,2,"ph,tds"
40172,MANT,0.1995,TURSAN,2,"ph,tds"
40173,MARPAPS,0.1997,ESCHOURDES,2,"ph,tds"
40174,MAURIES,0.1995,TURSAN,2,"ph,tds"
40177,MAYLIS,0.2,MARSEILLON,2,"ph,tds"
40183,MIMBASTE,0.1997,SECTEUR_POUILLON,2,"ph,tds"
40185,MIRAMONT-SENSACQ,0.1995,TURSAN,2,"ph,tds"
40186,MISSON,0.2,SECTEUR_POUILLON,2,"ph,tds"
40188,MOMUY,0.2,ESCHOURDES,2,"ph,tds"
40189,MONGET,0.2,TURSAN,2,"ph,tds"
40193,MONTEGUT,0.1986,ARBOUTS_PAR_ST-GEIN,2,"ph,tds"
40198,MORGANX,0.2,TURSAN,2,"ph,tds"
40203,NASSIET,0.1996,ESCHOURDES,2,"ph,tds"
40205,NOUSSE,0.2,ESCHOURDES,2,"ph,tds"
40206,OEYREGAVE,0.2,VALLEE-DES-GAVES,2,"ph,tds"
40208,ONARD,0.1995,LOURQUEN,2,"ph,tds"
40212,ORTHEVIELLE,0.2,BASSE_VALLEE_ADOUR,2,"ph,tds"
40213,ORX,0.1997,BASSE_VALLEE_ADOUR,2,"ph,tds"
40214,OSSAGES,0.2,ESCHOURDES,2,"ph,tds"
40215,OUSSE-SUZAN,0.3521,VILLENAVE_OUSSE-SUZAN,2,"ph,tds"
40216,OZOURT,0.1997,ESCHOURDES,2,"ph,tds"
40218,PARLEBOSCQ,0.492,CREON,2,"ph,tds"
40219,PAYROS-CAZAUTETS,0.1997,TURSAN,2,"ph,tds"
40221,PERQUIE,0.2,ARBOUTS_PAR_ST-GEIN,2,"ph,tds"
40226,PIMBO,0.2,TURSAN,2,"ph,tds"
40231,PORT-DE-LANNE,0.1997,BASSE_VALLEE_ADOUR,2,"ph,tds"
40235,POYANNE,0.1992,LOURQUEN,2,"ph,tds"
40236,POYARTIN,0.2,ESCHOURDES,2,"ph,tds"
40237,PRECHACQ-LES-BAINS,0.2,LOURQUEN,2,"ph,tds"
40239,PUYOL-CAZALET,0.2,TURSAN,2,"ph,tds"
40242,RIMBEZ-ET-BAUDIETS,0.2851,LOSSE_LAPEYRADE,2,"ph,tds"
40244,RIVIERE-SAAS-ET-GOURBY,0.1998,BASSE_VALLEE_ADOUR,2,"ph,tds"
40248,SAINT-ANDRE-DE-SEIGNANX,0.2,BASSE_VALLEE_ADOUR,2,"ph,tds"
40249,SAINT-AUBIN,0.1992,MARSEILLON,2,"ph,tds"
40251,SAINT-BARTHELEMY,0.1998,BASSE_VALLEE_ADOUR,2,"ph,tds"
40252,SAINTE-COLOMBE,0.1992,MARSEILLON,2,"ph,tds"
40253,SAINT-CRICQ-CHALOSSE,0.2,ESCHOURDES,2,"ph,tds"
40254,SAINT-CRICQ-DU-GAVE,0.1995,,2,"ph,tds"
40256,SAINT-ETIENNE-D'ORTHE,0.2,BASSE_VALLEE_ADOUR,2,"ph,tds"
40260,SAINT-GEOURS-D'AURIBAT,0.2,LOURQUEN,2,"ph,tds"
40262,SAINT-GOR,0.5249,ARUE,2,"ph,tds"
40263,SAINT-JEAN-DE-LIER,0.1994,LOURQUEN,2,"ph,tds"
40264,SAINT-JEAN-DE-MARSACQ,0.2,BASSE_VALLEE_ADOUR,2,"ph,tds"
40265,SAINT-JULIEN-D'ARMAGNAC,0.492,CREON,2,"ph,tds"
40267,SAINT-JUSTIN,0.4915,CREON,2,"ph,tds"
40268,SAINT-LAURENT-DE-GOSSE,0.2,BASSE_VALLEE_ADOUR,2,"ph,tds"
40269,SAINT-LON-LES-MINES,0.2,BASSE_VALLEE_ADOUR,2,"ph,tds"
40270,SAINT-LOUBOUER,0.1995,TURSAN,2,"ph,tds"
40271,SAINTE-MARIE-DE-GOSSE,0.2,BASSE_VALLEE_ADOUR,2,"ph,tds"
40272,SAINT-MARTIN-DE-HINX,0.1961,BASSE_VALLEE_ADOUR,2,"ph,tds"
40277,SAINT-PANDELON,0.2,SECTEUR_POUILLON,2,"ph,tds"
40286,SAMADET,0.2,TURSAN,2,"ph,tds"
40289,SARRAZIET,0.1987,MARSEILLON,2,"ph,tds"
40290,SARRON,0.1995,TURSAN,2,"ph,tds"
40292,SAUBRIGUES,0.1998,BASSE_VALLEE_ADOUR,2,"ph,tds"
40295,SAUGNACQ-ET-MURET,0.4774,,2,"ph,tds"
40297,SEN (LE),0.2,SECTEUR_PAR_LA_BACHE_DE_LABRIT,2,"ph,tds"
40298,SERRES-GASTON,0.2,MARSEILLON,2,"ph,tds"
40299,SERRESLOUS-ET-ARRIBANS,0.1992,MARSEILLON,2,"ph,tds"
40301,SIEST,0.1991,BASSE_VALLEE_ADOUR,2,"ph,tds"
40305,SORBETS,0.1996,TURSAN,2,"ph,tds"
40308,SORT-EN-CHALOSSE,0.1994,ESCHOURDES,2,"ph,tds"
40311,TALLER,0.4584,HERM_GOURBERA_TALLER ,2,"ph,tds"
40316,TILH,0.1994,ESCHOURDES,2,"ph,tds"
40318,TOULOUZETTE,0.2,MARSEILLON,2,"ph,tds"
40321,URGONS,0.1993,TURSAN,2,"ph,tds"
40324,VICQ-D'AURIBAT,0.1992,LOURQUEN,2,"ph,tds"
40325,VIELLE-TURSAN,0.1991,MARSEILLON,2,"ph,tds"
41001,AMBLOY,0.2,ST RIMAY-HOUSSAY,2,"ph,tds"
41017,BINAS,0.2,AUTAINVILLE,2,"ph,tds"
41019,BOISSEAU,0.2,OUCQUES,2,"ph,tds"
41020,BONNEVEAU,0.2,TROO,2,"ph,tds"
41022,BOUFFRY,0.2,ST MARC  DU COR,2,"ph,tds"
41027,BRIOU,0.2,LORGES,2,"ph,tds"
41028,BUSLOUP,0.2,LA VILLE AUX CLERCS,2,"ph,tds"
41037,CHAPELLE-ENCHERIE (LA),0.2,PEZOU,2,"ph,tds"
41040,CHAPELLE-VENDOMOISE (LA),0.2,LANDES LE GAULOIS,2,"ph,tds"
41048,CHAUVIGNY-DU-PERCHE,0.2,ST MARC  DU COR,2,"ph,tds"
41061,CORMERAY,0.2,CELLETTES,2,"ph,tds"
41062,COUDDES,0.1,SASSAY,2,"ph,tds"
41077,EPIAIS,0.2,OUCQUES,2,"ph,tds"
41096,GAULT-DU-PERCHE (LE),0.2,,2,"ph,tds"
41108,LANCOME,0.2,LANDES LE GAULOIS,2,"ph,tds"
41115,LIGNIERES,0.2,PEZOU,2,"ph,tds"
41121,MADELEINE-VILLEFROUIN (LA),0.2,ST LEONARD EN BEAUCE,2,"ph,tds"
41138,MESLAY,0.2,VENDOME,2,"ph,tds"
41166,OISLY,0.1,SASSAY,2,"ph,tds"
41174,PERIGNY,0.2,SELOMMES,2,"ph,tds"
41187,RENAY,0.2,PEZOU,2,"ph,tds"
41188,RHODON,0.2,OUCQUES,2,"ph,tds"
41201,SAINT-ARNOULT,0.1629,PRUNAY CASSEREAU,2,"ph,tds"
41203,SAINT-BOHAIRE,0.2,LANDES LE GAULOIS,2,"ph,tds"
41208,SAINT-ETIENNE-DES-GUERETS,0.1411,ST NICOLAS DES MOTETS,2,"ph,tds"
41215,SAINT-JACQUES-DES-GUERETS,0.2,TROO,2,"ph,tds"
41218,SAINT-JULIEN-SUR-CHER,0.254,,2,"ph,tds"
41222,SAINT-LOUP,0.2114,ST JULIEN SUR CHER,2,"ph,tds"
41224,SAINT-MARC-DU-COR,0.2,,2,"ph,tds"
41253,TALCY,0.2,TALCY,2,"ph,tds"
41260,THOURY,0.2,LA FERTE ST CYR,2,"ph,tds"
41261,TOURAILLES,0.2,LANDES LE GAULOIS,2,"ph,tds"
41266,VALAIRE,0.2,MONTHOU SUR BIEVRE,2,"ph,tds"
41273,VIEVY-LE-RAYE,0.2,OUCQUES,2,"ph,tds"
41274,VILLAVARD,0.2,ST RIMAY-HOUSSAY,2,"ph,tds"
41277,VILLEBOUT,0.2,ST MARC  DU COR,2,"ph,tds"
41284,VILLENEUVE-FROUVILLE,0.2,OUCQUES,2,"ph,tds"
41290,VILLEROMAIN,0.2,SELOMMES,2,"ph,tds"
41291,VILLETRUN,0.2,,2,"ph,tds"
41292,VILLEXANTON,0.2,LA CHAPELLE ST MARTIN,2,"ph,tds"
41293,VILLIERSFAUX,0.2,ST RIMAY-HOUSSAY,2,"ph,tds"
42009,ARTHUN,0.5873,LFA BOMBARDE,2,"ph,tds"
42029,BUSSIERES,0.2,SI MONTS DU LYONNAIS GRIGNY,2,"ph,tds"
42035,CEZAY,0.5873,LFA BOMBARDE,2,"ph,tds"
42036,CHAGNON,0.679,SI CELLIEU CHAGNON,2,"ph,tds"
42037,CHALAIN-D'UZORE,0.8257,LFA GRIMARD,2,"ph,tds"
42047,CHAMPOLY,0.4912,SI BOMBARDE,2,"ph,tds"
42049,CHANGY,0.7594,RDE BARRAGES,2,"ph,tds"
42062,CHEVRIERES,0.2,SI MONTS DU LYONNAIS GRIGNY,2,"ph,tds"
42063,CHIRASSIMONT,0.5485,RDE RIVE DROITE COMMELLE,2,"ph,tds"
42065,CIVENS,0.2,SI MONTS DU LYONNAIS GRIGNY,2,"ph,tds"
42070,CORDELLE,0.5485,RDE RIVE DROITE COMMELLE,2,"ph,tds"
42073,COTTANCE,0.2,SI MONTS DU LYONNAIS GRIGNY,2,"ph,tds"
42074,COUTOUVRE,0.5485,RDE RIVE DROITE COMMELLE,2,"ph,tds"
42076,CREMEAUX,0.4912,SI BOMBARDE,2,"ph,tds"
42077,CROIZET-SUR-GAND,0.5485,RDE RIVE DROITE COMMELLE,2,"ph,tds"
42085,DOIZIEUX,0.679,SI DORLAY,2,"ph,tds"
42090,ESSERTINES-EN-DONZY,0.2,SI MONTS DU LYONNAIS GRIGNY,2,"ph,tds"
42093,FARNAY,0.6777,SI DORLAY,2,"ph,tds"
42097,FOUILLOUSE (LA),0.7264,FOUILLOUSE ST JUST ST RAMBERT,2,"ph,tds"
42098,FOURNEAUX,0.5485,RDE RIVE DROITE COMMELLE,2,"ph,tds"
42099,FRAISSES,0.9382,SEM ONDAINE SEMENE,2,"ph,tds"
42105,GREZIEUX-LE-FROMENTAL,0.2,LFA SIVAP,2,"ph,tds"
42106,GREZOLLES,0.4912,SI BOMBARDE,2,"ph,tds"
42112,JARNOSSE,0.4151,SI POUILLY S/CHARLIEU CHERONDE,2,"ph,tds"
42113,JAS,0.2,SI MONTS DU LYONNAIS GRIGNY,2,"ph,tds"
42116,JURE,0.4912,SI BOMBARDE,2,"ph,tds"
42121,LERIGNEUX,0.8772,,2,"ph,tds"
42124,LUPE,0.2,CCPR ORONGE MELANGE,2,"ph,tds"
42125,LURE,0.4912,SI BOMBARDE,2,"ph,tds"
42128,MACHEZAL,0.5485,RDE RIVE DROITE COMMELLE,2,"ph,tds"
42135,MARCLOPT,0.1999,CCFE VAL D'ANZIEUX ET PLANCIEUX,2,"ph,tds"
42138,MARINGES,0.2,SI MONTS DU LYONNAIS GRIGNY,2,"ph,tds"
42142,MERLE-LEIGNEC,0.8528,SI HAUT FOREZ VERT,2,"ph,tds"
42143,MIZERIEUX,0.4912,SI BOMBARDE,2,"ph,tds"
42145,MONTAGNY,0.5485,RDE RIVE DROITE COMMELLE,2,"ph,tds"
42150,MONTVERDUN,0.5873,LFA BOMBARDE,2,"ph,tds"
42151,MORNAND-EN-FOREZ,0.5873,LFA BOMBARDE,2,"ph,tds"
42152,NANDAX,0.4151,SI POUILLY S/CHARLIEU CHERONDE,2,"ph,tds"
42153,NEAUX,0.5485,RDE RIVE DROITE COMMELLE,2,"ph,tds"
42154,NERONDE,0.2,SI MONTS DU LYONNAIS GRIGNY,2,"ph,tds"
42160,NOLLIEUX,0.4912,SI BOMBARDE,2,"ph,tds"
42163,PACAUDIERE (LA),0.7594,RDE BARRAGES,2,"ph,tds"
42164,PALOGNEUX,0.5189,LFA DARDANNET,2,"ph,tds"
42166,PARIGNY,0.5485,RDE RIVE DROITE COMMELLE,2,"ph,tds"
42170,PERREUX,0.5485,RDE RIVE DROITE COMMELLE,2,"ph,tds"
42173,POMMIERS,0.4912,SI BOMBARDE,2,"ph,tds"
42176,POUILLY-LES-NONAINS,0.7587,RDE BARRAGES,2,"ph,tds"
42178,PRADINES,0.5485,RDE RIVE DROITE COMMELLE,2,"ph,tds"
42181,REGNY,0.5485,RDE RIVE DROITE COMMELLE,2,"ph,tds"
42185,RIVAS,0.1999,CCFE VAL D'ANZIEUX ET PLANCIEUX,2,"ph,tds"
42194,SAIL-LES-BAINS,0.7594,RDE BARRAGES,2,"ph,tds"
42196,SAINTE-AGATHE-EN-DONZY,0.2,SI MONTS DU LYONNAIS GRIGNY,2,"ph,tds"
42197,SAINTE-AGATHE-LA-BOUTERESSE,0.5873,LFA BOMBARDE,2,"ph,tds"
42202,SAINT-BARTHELEMY-LESTRA,0.2,SI MONTS DU LYONNAIS GRIGNY,2,"ph,tds"
42214,SAINT-CYR-LES-VIGNES,0.2,SI MONTS DU LYONNAIS GRIGNY,2,"ph,tds"
42216,SAINT-DENIS-SUR-COISE,0.2,SI MONTS DU LYONNAIS GRIGNY,2,"ph,tds"
42220,SAINT-FORGEUX-LESPINASSE,0.7594,RDE BARRAGES,2,"ph,tds"
42221,SAINTE-FOY-SAINT-SULPICE,0.5873,LFA BOMBARDE,2,"ph,tds"
42226,SAINT-GEORGES-DE-BAROILLE,0.4912,SI BOMBARDE,2,"ph,tds"
42232,SAINT-HAON-LE-CHATEL,0.7594,RDE BARRAGES,2,"ph,tds"
42236,SAINT-HILAIRE-SOUS-CHARLIEU,0.4151,SI POUILLY S/CHARLIEU CHERONDE,2,"ph,tds"
42238,SAINT-JEAN-LA-VETRE,0.4493,,2,"ph,tds"
42241,SAINT-JODARD,0.4912,SI BOMBARDE,2,"ph,tds"
42243,SAINT-JULIEN-D'ODDES,0.4912,SI BOMBARDE,2,"ph,tds"
42248,SAINT-JUST-EN-CHEVALET,0.4912,SI BOMBARDE,2,"ph,tds"
42249,SAINT-JUST-LA-PENDUE,0.5485,RDE RIVE DROITE COMMELLE,2,"ph,tds"
42254,SAINT-MARCEL-DE-FELINES,0.2,RDE RIVE DROITE SIEMLY,2,"ph,tds"
42255,SAINT-MARCEL-D'URFE,0.4912,SI BOMBARDE,2,"ph,tds"
42260,SAINT-MARTIN-LA-SAUVETE,0.4912,SI BOMBARDE,2,"ph,tds"
42261,SAINT-MARTIN-LESTRA,0.2,SI MONTS DU LYONNAIS GRIGNY,2,"ph,tds"
42264,SAINT-MEDARD-EN-FOREZ,0.2,SI MONTS DU LYONNAIS GRIGNY,2,"ph,tds"
42266,SAINT-NIZIER-DE-FORNAS,0.6733,SI HAUT FOREZ ANDRABLE,2,"ph,tds"
42267,SAINT-NIZIER-SOUS-CHARLIEU,0.4151,SI POUILLY S/CHARLIEU CHERONDE,2,"ph,tds"
42269,SAINT-PAUL-D'UZORE,0.8257,LFA GRIMARD,2,"ph,tds"
42270,SAINT-PAUL-EN-CORNILLON,0.6412,SEM ONDAINE QUATRE VENTS,2,"ph,tds"
42274,SAINT-POLGUES,0.4912,SI BOMBARDE,2,"ph,tds"
42278,SAINT-PRIEST-LA-VETRE,0.4594,LFA VETRE,2,"ph,tds"
42283,SAINT-ROMAIN-EN-JAREZ,0.2,SI MONTS DU LYONNAIS GRIGNY,2,"ph,tds"
42284,SAINT-ROMAIN-LA-MOTTE,0.7594,RDE BARRAGES,2,"ph,tds"
42288,SAINT-SIXTE,0.6972,,2,"ph,tds"
42289,SAINT-SYMPHORIEN-DE-LAY,0.5485,RDE RIVE DROITE COMMELLE,2,"ph,tds"
42293,SAINT-VICTOR-SUR-RHINS,0.5485,RDE RIVE DROITE COMMELLE,2,"ph,tds"
42294,SAINT-VINCENT-DE-BOISSET,0.5485,RDE RIVE DROITE COMMELLE,2,"ph,tds"
42296,SALT-EN-DONZY,0.2,SI MONTS DU LYONNAIS GRIGNY,2,"ph,tds"
42297,SALVIZINET,0.2,SI MONTS DU LYONNAIS GRIGNY,2,"ph,tds"
42300,SEVELINGES,0.5485,RDE RIVE DROITE COMMELLE,2,"ph,tds"
42307,TARTARAS,0.2,SI MONTS DU LYONNAIS GRIGNY,2,"ph,tds"
42312,TOURETTE (LA),0.6733,SI HAUT FOREZ ANDRABLE,2,"ph,tds"
42313,TRELINS,0.5873,LFA BOMBARDE,2,"ph,tds"
42317,URBISE,0.7594,RDE BARRAGES,2,"ph,tds"
42334,VIOLAY,0.2,SI MONTS DU LYONNAIS GRIGNY,2,"ph,tds"
42336,VIRIGNEUX,0.2,SI MONTS DU LYONNAIS GRIGNY,2,"ph,tds"
42337,VIVANS,0.7594,RDE BARRAGES,2,"ph,tds"
43001,AGNAT,0.6939,DOULON PAR PRECAILLE,2,"ph,tds"
43002,AIGUILHE,0.6989,BROSSAC + PAVILLON JONCTION CEYSSAC,2,"ph,tds"
43014,AUTRAC,0.5608,SRCS ANZAT LE LUGUET,2,"ph,tds"
43023,BEAUNE-SUR-ARZON,0.9523,SERMOULIS,2,"ph,tds"
43031,BLASSAC,0.2,COUTEUGES SOURCE BANNAT,2,"ph,tds"
43044,CERZAT,0.1997,COUTEUGES SOURCE BANNAT,2,"ph,tds"
43052,CHAMPAGNAC-LE-VIEUX,0.6942,DOULON PAR PRECAILLE,2,"ph,tds"
43061,CHASPINHAC,0.73,BESSON - ROULON,2,"ph,tds"
43063,CHASSAGNES,0.5031,SYNDICAT ARMANDON,2,"ph,tds"
43071,CHOMELIX,0.9526,SERMOULIS,2,"ph,tds"
43072,CHOMETTE (LA),0.2,COUTEUGES SOURCE BANNAT,2,"ph,tds"
43088,ESPALEM,0.5622,SRCS ANZAT LE LUGUET,2,"ph,tds"
43093,FELINES,0.9526,SERMOULIS,2,"ph,tds"
43098,FREYCENET-LA-TOUR,0.5626,RESEAU ALAMBRE,2,"ph,tds"
43099,FRUGERES-LES-MINES,0.5622,SRCS ANZAT LE LUGUET,2,"ph,tds"
43100,FRUGIERES-LE-PIN,0.5031,SYNDICAT ARMANDON,2,"ph,tds"
43102,GRAZAC,0.7735,RESEAU LA COLLANGE,2,"ph,tds"
43103,GRENIER-MONTGON,0.5615,SRCS ANZAT LE LUGUET,2,"ph,tds"
43116,LAVAL-SUR-DOULON,0.5251,DOULON PAR PRECAILLE,2,"ph,tds"
43119,LAVOUTE-SUR-LOIRE,0.7302,BESSON - ROULON,2,"ph,tds"
43134,MEZERES,0.7302,BESSON - ROULON,2,"ph,tds"
43153,PONT-SALOMON,0.6735,LHERBRET,2,"ph,tds"
43170,SAINT-BEAUZIRE,0.5615,SRCS ANZAT LE LUGUET,2,"ph,tds"
43182,SAINT-ETIENNE-SUR-BLESLE,0.5622,SRCS ANZAT LE LUGUET,2,"ph,tds"
43191,SAINT-GERON,0.5618,SRCS ANZAT LE LUGUET,2,"ph,tds"
43193,SAINT-HILAIRE,0.6942,DOULON PAR PRECAILLE,2,"ph,tds"
43195,SAINT-ILPIZE,0.2,COUTEUGES SOURCE BANNAT,2,"ph,tds"
43208,SAINTE-MARGUERITE,0.5031,SYNDICAT ARMANDON,2,"ph,tds"
43219,SAINT-PREJET-ARMANDON,0.5031,SYNDICAT ARMANDON,2,"ph,tds"
43223,SAINT-ROMAIN-LACHALM,0.6739,LHERBRET,2,"ph,tds"
43226,SAINT-VERT,0.4932,,2,"ph,tds"
43237,SEMBADEL,0.9526,SERMOULIS,2,"ph,tds"
43246,TIRANGES,0.9221,ACHAT D'EAU SERMOULIS,2,"ph,tds"
43247,TORSIAC,0.5618,SRCS ANZAT LE LUGUET,2,"ph,tds"
43249,VALPRIVAS,0.9223,ACHAT D'EAU SERMOULIS,2,"ph,tds"
43262,VIEILLE-BRIOUDE,0.1996,COUTEUGES SOURCE BANNAT,2,"ph,tds"
43264,VILLENEUVE-D'ALLIER,0.1998,COUTEUGES SOURCE BANNAT,2,"ph,tds"
44002,AIGREFEUILLE-SUR-MAINE,0.3554,CLISSON_VIGNOBLE_GRANDLIEU,2,"ph,tds"
44031,CHAPELLE-GLAIN (LA),0.2,SECTEUR-ST SULPICE DES LANDES,2,"ph,tds"
44044,CONQUEREUIL,0.4938,SECTEUR EST-GUEMENE PENFAO,2,"ph,tds"
44057,FEGREAC,0.1998,SECTEUR ST GILDAS DES BOIS,2,"ph,tds"
44058,FERCE,0.4673,SECTEUR-PAYS DE LA MEE-NORD,2,"ph,tds"
44061,FROSSAY,0.34,SECTEUR-ST PERE EN RETZ-FROSSAY,2,"ph,tds"
44062,GAVRE (LE),0.1893,SECTEUR-NOZAY.JANS,2,"ph,tds"
44063,GETIGNE,0.3554,CLISSON_VIGNOBLE_GRANDLIEU,2,"ph,tds"
44064,GORGES,0.3554,CLISSON_VIGNOBLE_GRANDLIEU,2,"ph,tds"
44070,HAIE-FOUASSIERE (LA),0.3552,CLISSON_VIGNOBLE_GRANDLIEU,2,"ph,tds"
44077,JOUE-SUR-ERDRE,0.1892,SECTEUR-NOZAY.JANS,2,"ph,tds"
44088,MAISDON-SUR-SEVRE,0.3555,CLISSON_VIGNOBLE_GRANDLIEU,2,"ph,tds"
44090,MARNE (LA),0.2,SECTEUR MACHECOUL-ST MÊME,2,"ph,tds"
44091,MARSAC-SUR-DON,0.4937,SECTEUR EST-GUEMENE PENFAO,2,"ph,tds"
44100,MONNIERES,0.3555,CLISSON_VIGNOBLE_GRANDLIEU,2,"ph,tds"
44104,MONTRELAIS,0.5353,SECTEUR-ANCENIS,2,"ph,tds"
44113,NOZAY,0.1892,SECTEUR-NOZAY.JANS,2,"ph,tds"
44117,PALLET (LE),0.353,SECTEUR-LE VIGNOBLE,2,"ph,tds"
44119,PAULX,0.2,SECTEUR MACHECOUL-ST MÊME,2,"ph,tds"
44123,PIERRIC,0.4939,SECTEUR EST-GUEMENE PENFAO,2,"ph,tds"
44136,PREFAILLES,0.4107,SECTEUR NORD VAL ST MARTIN,2,"ph,tds"
44140,REGRIPPIERE (LA),0.353,SECTEUR-LE VIGNOBLE,2,"ph,tds"
44144,RIAILLE,0.5353,SECTEUR-ANCENIS,2,"ph,tds"
44145,ROUANS,0.3385,SECTEUR-CHAUMES EN RETZ - VUE,2,"ph,tds"
44148,RUFFIGNE,0.4673,SECTEUR-PAYS DE LA MEE-NORD,2,"ph,tds"
44189,SAINTE-REINE-DE-BRETAGNE,0.4994,CROSSAC-MISSILLAC-STE REINE DE BRETAGNE,2,"ph,tds"
44197,SION-LES-MINES,0.4671,SECTEUR-PAYS DE LA MEE-NORD,2,"ph,tds"
44199,SOUDAN,0.4673,SECTEUR-PAYS DE LA MEE-NORD,2,"ph,tds"
44207,TRANS-SUR-ERDRE,0.1727,SECTEUR-ST MARS DU DESERT,2,"ph,tds"
44210,TRIGNAC,0.2,SAINT-NAZAIRE AGGLO - LA CARENE,2,"ph,tds"
44214,VAY,0.1891,SECTEUR-NOZAY.JANS,2,"ph,tds"
44220,VUE,0.3386,SECTEUR-CHAUMES EN RETZ - VUE,2,"ph,tds"
44223,GENESTON,0.3321,SECTEUR DE GRAND LIEU,2,"ph,tds"
44224,GRIGONNAIS (LA),0.1894,SECTEUR-NOZAY.JANS,2,"ph,tds"
45010,ASCOUX,0.2,DADONVILLE-ASCOUX BOUILLY-BOUZONVILLE,2,"ph,tds"
45012,AUDEVILLE,0.2,COMMUNES FORAGE SERMAISES,2,"ph,tds"
45027,BEAUCHAMPS-SUR-HUILLARD,0.2,SYNDICAT DES EAUX D'AUVILLIERS,2,"ph,tds"
45032,BIGNON-MIRABEAU (LE),0.2,SYNDICAT DES EAUX CLÉRY ET BETZ,2,"ph,tds"
45038,BONDAROY,0.2,PITHIVIERS ST ELOI - BONDAROY,2,"ph,tds"
45041,BORDEAUX-EN-GATINAIS,0.2,CORBEILLES-BORDEAUX-LORCY,2,"ph,tds"
45047,BOUZONVILLE-AUX-BOIS,0.2,DADONVILLE-ASCOUX BOUILLY-BOUZONVILLE,2,"ph,tds"
45065,CESARVILLE-DOSSAINVILLE,0.2,COMMUNES FORAGE SERMAISES,2,"ph,tds"
45076,CHAPELLE-SAINT-SEPULCRE (LA),0.2,SYNDICAT DES EAUX CLÉRY ET BETZ,2,"ph,tds"
45091,CHEVANNES,0.2,SYNDICAT DES EAUX CLÉRY ET BETZ,2,"ph,tds"
45094,CHEVRY-SOUS-LE-BIGNON,0.2,SYNDICAT DES EAUX CLÉRY ET BETZ,2,"ph,tds"
45097,CHUELLES,0.2,SYNDICAT DES EAUX CLÉRY ET BETZ,2,"ph,tds"
45100,COMBLEUX,0.2,RESEAU CHECY ECHELETTE - COMBLEUX,2,"ph,tds"
45102,CONFLANS-SUR-LOING,0.2,SYNDICAT DES EAUX CHATEAU-RENARD,2,"ph,tds"
45110,COURCELLES,0.2,CHAMBON LA FORET-COURCELLES,2,"ph,tds"
45113,COURTEMAUX,0.2,SYNDICAT DES EAUX CLÉRY ET BETZ,2,"ph,tds"
45118,CROTTES-EN-PITHIVERAIS,0.2,,2,"ph,tds"
45132,EGRY,0.2,,2,"ph,tds"
45136,ERVAUVILLE,0.2,SYNDICAT DES EAUX CLÉRY ET BETZ,2,"ph,tds"
45149,FOUCHEROLLES,0.2,SYNDICAT DES EAUX CLÉRY ET BETZ,2,"ph,tds"
45150,FREVILLE-DU-GATINAIS,0.2,SYNDICAT DES EAUX DE BOISCOMMUN,2,"ph,tds"
45152,GEMIGNY,0.2,SYNDICAT DES EAUX HUISSEAU GEMIGNY,2,"ph,tds"
45156,GIROLLES,0.2,CEPOY GIROLLES CORQUILLEROY PAUCOURT,2,"ph,tds"
45157,GIVRAINES,0.2,YEVRE GIVRAINES BOYNES ESTOUY,2,"ph,tds"
45159,GRANGERMONT,0.2,BOESSES-ECHILLEUSES-GRANGERMONT,2,"ph,tds"
45170,INTVILLE-LA-GUETARD,0.2,COMMUNES FORAGE SERMAISES,2,"ph,tds"
45183,LION-EN-BEAUCE,0.2,RUAN - LION EN BEAUCE,2,"ph,tds"
45186,LORCY,0.2,CORBEILLES-BORDEAUX-LORCY,2,"ph,tds"
45189,LOUZOUER,0.2,SYNDICAT DES EAUX CLÉRY ET BETZ,2,"ph,tds"
45201,MERINVILLE,0.2,SYNDICAT DES EAUX CLÉRY ET BETZ,2,"ph,tds"
45209,MONTBARROIS,0.2,SYNDICAT DES EAUX DE BOISCOMMUN,2,"ph,tds"
45215,MONTLIARD,0.2,SYNDICAT DES EAUX DE BOISCOMMUN,2,"ph,tds"
45217,MORVILLE-EN-BEAUCE,0.2,COMMUNES FORAGE SERMAISES,2,"ph,tds"
45219,MOULON,0.2,SYNDICAT DES EAUX DE MIGNERES,2,"ph,tds"
45231,OISON,0.2,TIVERNON - CHAUSSY - OISON,2,"ph,tds"
45237,ORVILLE,0.1987,BRIARRES-DIMANCHEVILLE-ORVILLE,2,"ph,tds"
45243,OUZOUER-SOUS-BELLEGARDE,0.2,SYNDICAT DES EAUX D'AUVILLIERS,2,"ph,tds"
45246,PANNECIERES,0.2,COMMUNES FORAGE SERMAISES,2,"ph,tds"
45250,PERS-EN-GATINAIS,0.2,SYNDICAT DES EAUX CLÉRY ET BETZ,2,"ph,tds"
45256,PRESNOY,0.2,SYNDICAT DES EAUX D'AUVILLIERS,2,"ph,tds"
45264,ROZIERES-EN-BEAUCE,0.2,SYNDICAT DES EAUX HUISSEAU GEMIGNY,2,"ph,tds"
45265,ROZOY-LE-VIEIL,0.2,SYNDICAT DES EAUX CLÉRY ET BETZ,2,"ph,tds"
45275,SAINT-FIRMIN-DES-BOIS,0.2,SYNDICAT DES EAUX CHATEAU-RENARD,2,"ph,tds"
45281,SAINT-HILAIRE-LES-ANDRESIS,0.2,SYNDICAT DES EAUX CLÉRY ET BETZ,2,"ph,tds"
45294,SAINT-MICHEL,0.2,SYNDICAT DES EAUX DE BOISCOMMUN,2,"ph,tds"
45299,SAINT-SIGISMOND,0.2,SYNDICAT DES EAUX HUISSEAU GEMIGNY,2,"ph,tds"
45306,SELLE-EN-HERMOY (LA),0.2,SYNDICAT DES EAUX CLÉRY ET BETZ,2,"ph,tds"
45314,SULLY-LA-CHAPELLE,0.2,INGRANNES - SULLY LA CHAPELLE,2,"ph,tds"
45320,THIGNONVILLE,0.2,COMMUNES FORAGE SERMAISES,2,"ph,tds"
45343,VILLEVOQUES,0.2,SYNDICAT DES EAUX DE MIGNERES,2,"ph,tds"
45348,YEVRE-LA-VILLE,0.2,YEVRE GIVRAINES BOYNES ESTOUY,2,"ph,tds"
46001,ALBAS,0.2,SOURCE BLEUE,2,"ph,tds"
46002,ALBIAC,0.2,BISCOT,2,"ph,tds"
46004,ANGLARS,0.8039,LONGUECOSTE,2,"ph,tds"
46005,ANGLARS-JUILLAC,0.2,SOURCE BLEUE,2,"ph,tds"
46008,ARQUES (LES),0.2,LA MOULINE,2,"ph,tds"
46009,ASSIER,0.7992,LA DOUE,2,"ph,tds"
46010,AUJOLS,0.2,LE TREBOULOU,2,"ph,tds"
46013,BACH,0.2,BOURNAC CREGOLS,2,"ph,tds"
46017,BANNES,0.5009,,2,"ph,tds"
46020,BEAUREGARD,0.2,BOURNAC CREGOLS,2,"ph,tds"
46022,BELAYE,0.1973,SOURCE BLEUE,2,"ph,tds"
46027,BERGANTY,0.2,IFFERNET,2,"ph,tds"
46030,BIO,0.2,BISCOT,2,"ph,tds"
46034,BOURG (LE),0.8039,LONGUECOSTE,2,"ph,tds"
46037,BOUZIES,0.2,BOURNAC CREGOLS,2,"ph,tds"
46041,CADRIEU,0.2,CAUSSE DE GREALOU,2,"ph,tds"
46044,CAILLAC,0.2,ESPERE MERCUES CAILLAC,2,"ph,tds"
46046,CALAMANE,0.2,FONT POLEMIE,2,"ph,tds"
46050,CAMBAYRAC,0.2,QUERCY BLANC CHARTREUSE,2,"ph,tds"
46051,CAMBES,0.761,RÉSEAU DE GINTRAC,2,"ph,tds"
46054,CANIAC-DU-CAUSSE,0.2,LA PESCALERIE,2,"ph,tds"
46056,CARAYAC,0.2,CAUSSE DE GREALOU,2,"ph,tds"
46057,CARDAILLAC,0.8039,LONGUECOSTE,2,"ph,tds"
46060,CARNAC-ROUFFIAC,0.2,SOURCE BLEUE,2,"ph,tds"
46062,CASTELFRANC,0.2,SOURCE BLEUE,2,"ph,tds"
46068,CENEVIERES,0.2,BOURNAC CREGOLS,2,"ph,tds"
46073,CONCOTS,0.2,BOURNAC CREGOLS,2,"ph,tds"
46075,CORN,0.2,CAUSSE DE GREALOU,2,"ph,tds"
46078,COUZOU,0.2,CAUSSE SUD DE GRAMAT,2,"ph,tds"
46091,ESCAMPS,0.2,BOURNAC CREGOLS,2,"ph,tds"
46094,ESPEDAILLAC,0.2,CAUSSE SUD DE GRAMAT,2,"ph,tds"
46101,FELZINS,0.87,PR.DU TOLERME,2,"ph,tds"
46103,SAINT-PAUL-FLAUGNAC,0.2,QUERCY BLANC CHARTREUSE,2,"ph,tds"
46104,FLAUJAC-GARE,0.2,CAUSSE SUD DE GRAMAT,2,"ph,tds"
46108,FONS,0.761,RÉSEAU DE GINTRAC,2,"ph,tds"
46111,FOURMAGNAC,0.7992,LA DOUE,2,"ph,tds"
46115,FRAYSSINHES,0.87,PR.DU TOLERME,2,"ph,tds"
46116,FRONTENAC,0.2,FAYCELLES FRONTENAC,2,"ph,tds"
46118,GIGNAC,0.2,LA CASTINIERE,2,"ph,tds"
46119,GIGOUZAC,0.2,LAMOTHE CASSEL,2,"ph,tds"
46122,GINTRAC,0.8248,,2,"ph,tds"
46130,GREZELS,0.2,SOURCE BLEUE,2,"ph,tds"
46131,GREZES,0.7992,LA DOUE,2,"ph,tds"
46134,JUNIES (LES),0.2,SOURCE BLEUE,2,"ph,tds"
46135,LABASTIDE-DU-HAUT-MONT,0.87,PR.DU TOLERME,2,"ph,tds"
46136,LABASTIDE-DU-VERT,0.2,SOURCE BLEUE,2,"ph,tds"
46139,LABATHUDE,0.8039,LONGUECOSTE,2,"ph,tds"
46152,LAMOTHE-FENELON,0.1977,FELINES-LE ROC,2,"ph,tds"
46162,LAUZES,0.2,FONT POLEMIE,2,"ph,tds"
46165,LAVERGNE,0.761,RÉSEAU DE GINTRAC,2,"ph,tds"
46167,LENTILLAC-DU-CAUSSE,0.2,LA PESCALERIE,2,"ph,tds"
46168,LENTILLAC-SAINT-BLAISE,0.87,PR.DU TOLERME,2,"ph,tds"
46173,LIMOGNE-EN-QUERCY,0.2,BOURNAC CREGOLS,2,"ph,tds"
46174,LINAC,0.87,PR.DU TOLERME,2,"ph,tds"
46179,LUGAGNAC,0.2,BOURNAC CREGOLS,2,"ph,tds"
46181,LUNEGARDE,0.2,CAUSSE SUD DE GRAMAT,2,"ph,tds"
46188,MAXOU,0.2,FONT POLEMIE,2,"ph,tds"
46190,MECHMONT,0.2,LAMOTHE CASSEL,2,"ph,tds"
46193,MIERS,0.4431,GRANOU,2,"ph,tds"
46200,MONTCLERA,0.2,LA MOULINE,2,"ph,tds"
46209,NADAILLAC-DE-ROUGE,0.2,FELINES-LE ROC,2,"ph,tds"
46210,NADILLAC,0.2,LAMOTHE CASSEL,2,"ph,tds"
46212,ORNIAC,0.2,LA PESCALERIE,2,"ph,tds"
46223,PONTCIRQ,0.2,,2,"ph,tds"
46226,PRENDEIGNES,0.8039,LONGUECOSTE,2,"ph,tds"
46238,RIGNAC,0.2,GRAMAT,2,"ph,tds"
46241,ROUFFILHAC,0.2,REGION DE PAYRAC-IMPORT BOURIANE,2,"ph,tds"
46242,RUDELLE,0.2,BISCOT,2,"ph,tds"
46246,SAIGNES,0.2,BISCOT,2,"ph,tds"
46249,SAINT-BRESSOU,0.8039,LONGUECOSTE,2,"ph,tds"
46250,SAINT-CAPRAIS,0.2,FONT BOUILLANT,2,"ph,tds"
46255,SAINT-CIRGUES,0.87,PR.DU TOLERME,2,"ph,tds"
46260,SAINTE-COLOMBE,0.8039,LONGUECOSTE,2,"ph,tds"
46269,SAINT-HILAIRE,0.87,PR.DU TOLERME,2,"ph,tds"
46270,SAINT-JEAN-DE-LAUR,0.2,BOURNAC CREGOLS,2,"ph,tds"
46272,SAINT-JEAN-MIRABEL,0.2,,2,"ph,tds"
46276,SAINT-MARTIN-LABOUVAL,0.2,BOURNAC CREGOLS,2,"ph,tds"
46279,SAINT-MAURICE-EN-QUERCY,0.8039,LONGUECOSTE,2,"ph,tds"
46280,SAINT-MEDARD,0.2,FONT VINCENT,2,"ph,tds"
46282,SAINT-MEDARD-NICOURBY,0.8039,LONGUECOSTE,2,"ph,tds"
46286,SAINT-PAUL-DE-VERN,0.87,PR.DU TOLERME,2,"ph,tds"
46288,SAINT-PERDOUX,0.8039,LONGUECOSTE,2,"ph,tds"
46292,SAINT-SIMON,0.761,RÉSEAU DE GINTRAC,2,"ph,tds"
46293,SAINT-SOZY,0.8173,,2,"ph,tds"
46294,SAINT-SULPICE,0.2,CAUSSE SUD DE GRAMAT,2,"ph,tds"
46296,SAINT-VINCENT-RIVE-D'OLT,0.2,QUERCY BLANC CHARTREUSE,2,"ph,tds"
46301,SAUZET,0.2,SOURCE BLEUE,2,"ph,tds"
46302,SENAILLAC-LATRONQUIERE,0.87,PR.DU TOLERME,2,"ph,tds"
46304,SENIERGUES,0.2,REGION DE PAYRAC-IMPORT BOURIANE,2,"ph,tds"
46305,SERIGNAC,0.2,LEMANCE-LENCLIO,2,"ph,tds"
46310,SOULOMES,0.2,LA PESCALERIE,2,"ph,tds"
46316,THEDIRAC,0.2,LAMOTHE CASSEL,2,"ph,tds"
46318,THEMINES,0.2,BISCOT,2,"ph,tds"
46320,TOUR-DE-FAURE,0.2,BOURNAC CREGOLS,2,"ph,tds"
46323,USSEL,0.2,LAMOTHE CASSEL,2,"ph,tds"
46324,UZECH,0.2,LAMOTHE CASSEL,2,"ph,tds"
46328,VARAIRE,0.2,BOURNAC CREGOLS,2,"ph,tds"
46333,VIDAILLAC,0.2,BOURNAC CREGOLS,2,"ph,tds"
46335,VILLESEQUE,0.2,QUERCY BLANC CHARTREUSE,2,"ph,tds"
47002,AGME,0.2,NORD DU LOT- GONTAUD DE NOGARET,2,"ph,tds"
47003,AGNAC,0.2242,BRAME - ST COLOMB DE LAUZUN,2,"ph,tds"
47007,ALLONS,0.2,PDL - LAGAGNAN,2,"ph,tds"
47010,ANTAGNAC,0.2,GARONNE GASCOGNE,2,"ph,tds"
47012,ANZEX,0.2,PDL - LAGAGNAN,2,"ph,tds"
47013,ARGENTON,0.2,GARONNE GASCOGNE,2,"ph,tds"
47023,BEAUGAS,0.5877,NORD DU LOT -  PINEL HAUTERIVE,2,"ph,tds"
47024,BEAUPUY,0.2,NORD MARMANDE - MARMANDE,2,"ph,tds"
47026,BEAUZIAC,0.2,PDL - LAGAGNAN,2,"ph,tds"
47028,BIRAC-SUR-TREC,0.2,NORD DU LOT- GONTAUD DE NOGARET,2,"ph,tds"
47032,BON-ENCONTRE,0.3169,AGGLOMERATION AGEN -LACAPELETTE,2,"ph,tds"
47033,BOUDY-DE-BEAUREGARD,0.5877,NORD DU LOT -  PINEL HAUTERIVE,2,"ph,tds"
47034,BOUGLON,0.2,GARONNE GASCOGNE,2,"ph,tds"
47035,BOURGOUGNAGUE,0.2242,BRAME - ST COLOMB DE LAUZUN,2,"ph,tds"
47036,BOURLENS,0.2,SDC LEMANCE-MAUROUX SOURCE DU LOT,2,"ph,tds"
47037,BOURNEL,0.2,BRAME- SOURCE VERGT DE BIRON,2,"ph,tds"
47038,BOURRAN,0.2,SUD DU LOT - LAFITTE,2,"ph,tds"
47040,BRAX,0.2,AGGLOMERATION AGEN - SIVOIZAC,2,"ph,tds"
47044,CAHUZAC,0.2242,BRAME - ST COLOMB DE LAUZUN,2,"ph,tds"
47045,CALIGNAC,0.2,ALBRET - NAZARETH,2,"ph,tds"
47047,CAMBES,0.2377,NORD MARMANDE -  ST PIERRE,2,"ph,tds"
47050,CASSIGNAS,0.1396,SUD DU LOT - CAUZAC,2,"ph,tds"
47056,CASTELNAU-SUR-GUPIE,0.2377,NORD MARMANDE -  ST PIERRE,2,"ph,tds"
47059,CAUBON-SAINT-SAUVEUR,0.2377,NORD MARMANDE -  ST PIERRE,2,"ph,tds"
47063,CAVARC,0.2,BRAME- SOURCE VERGT DE BIRON,2,"ph,tds"
47064,CAZIDEROQUE,0.2,LOT AMONT - TOURNON D'AGENAIS,2,"ph,tds"
47067,CLERMONT-SOUBIRAN,0.3191,SYNDICAT MIXTE EAU POTABLE,2,"ph,tds"
47068,COCUMONT,0.2,GARONNE GASCOGNE,2,"ph,tds"
47071,COULX,0.5877,NORD DU LOT -  PINEL HAUTERIVE,2,"ph,tds"
47074,COUTHURES-SUR-GARONNE,0.2,GARONNE GASCOGNE,2,"ph,tds"
47075,CROIX-BLANCHE (LA),0.1959,SUD DU LOT -  MADAILLAN,2,"ph,tds"
47076,CUQ,0.2,AGGLOMERATION AGEN - SIVOIZAC,2,"ph,tds"
47078,DAMAZAN,0.2,DAMAZAN - BUZET,2,"ph,tds"
47079,DAUSSE,0.4039,LOT AMONT PENNE  MOUNET,2,"ph,tds"
47080,DEVILLAC,0.2,BRAME- SOURCE VERGT DE BIRON,2,"ph,tds"
47081,DOLMAYRAC,0.1959,SUD DU LOT -  MADAILLAN,2,"ph,tds"
47083,DOUDRAC,0.2,BRAME- SOURCE VERGT DE BIRON,2,"ph,tds"
47089,ESCLOTTES,0.2592,NORD MARMANDE - AURIAC,2,"ph,tds"
47092,FALS,0.2,AGGLOMERATION AGEN - SIVOIZAC,2,"ph,tds"
47093,FARGUES-SUR-OURBISE,0.2,DAMAZAN - BUZET,2,"ph,tds"
47095,FAUILLET,0.1895,VGA - TONNEINS,2,"ph,tds"
47098,FIEUX,0.2,ALBRET - NAZARETH,2,"ph,tds"
47099,FONGRAVE,0.5877,NORD DU LOT -  PINEL HAUTERIVE,2,"ph,tds"
47102,FRANCESCAS,0.2,ALBRET - NAZARETH,2,"ph,tds"
47103,FRECHOU,0.2,ALBRET - NAZARETH,2,"ph,tds"
47105,FRESPECH,0.1396,SUD DU LOT - CAUZAC,2,"ph,tds"
47107,GALAPIAN,0.2,SUD DU LOT - LAFITTE,2,"ph,tds"
47114,GREZET-CAVAGNAN,0.2,PDL - LAGAGNAN,2,"ph,tds"
47115,GUERIN,0.2,GARONNE GASCOGNE,2,"ph,tds"
47118,HAUTESVIGNES,0.2,NORD DU LOT- GONTAUD DE NOGARET,2,"ph,tds"
47122,LABRETONIE,0.2,NORD DU LOT- GONTAUD DE NOGARET,2,"ph,tds"
47124,LACAUSSADE,0.2,NORD DU LOT -  PAULHIAC,2,"ph,tds"
47126,LACHAPELLE,0.2377,NORD MARMANDE -  ST PIERRE,2,"ph,tds"
47129,LAGARRIGUE,0.1961,SUD DU LOT  - PRAYSSAS,2,"ph,tds"
47130,LAGRUERE,0.2,,2,"ph,tds"
47132,LALANDUSSE,0.2242,BRAME - ST COLOMB DE LAUZUN,2,"ph,tds"
47133,LAMONTJOIE,0.2,ALBRET - NAZARETH,2,"ph,tds"
47134,LANNES,0.198,ALBRET - NAZARETH,2,"ph,tds"
47136,LAPERCHE,0.2805,NORD DU LOT -  TOMBEBOEUF,2,"ph,tds"
47139,LASSERRE,0.2,ALBRET - NAZARETH,2,"ph,tds"
47142,LAUZUN,0.2242,BRAME - ST COLOMB DE LAUZUN,2,"ph,tds"
47144,LAVERGNE,0.2242,BRAME - ST COLOMB DE LAUZUN,2,"ph,tds"
47148,LEYRITZ-MONCASSIN,0.2,PDL - LAGAGNAN,2,"ph,tds"
47151,LOUBES-BERNAC,0.2592,NORD MARMANDE - AURIAC,2,"ph,tds"
47152,LOUGRATTE,0.5877,NORD DU LOT -  PINEL HAUTERIVE,2,"ph,tds"
47158,MARMONT-PACHAS,0.1671,AGGLOMERATION AGEN - SERIGNAC,2,"ph,tds"
47159,MAS-D'AGENAIS (LE),0.2,GARONNE - MAS D'AGENAIS-MOULIOT,2,"ph,tds"
47163,MAUVEZIN-SUR-GUPIE,0.2377,NORD MARMANDE -  ST PIERRE,2,"ph,tds"
47164,MAZIERES-NARESSE,0.2,BRAME- SOURCE VERGT DE BIRON,2,"ph,tds"
47167,MEZIN,0.2,ALBRET - NAZARETH,2,"ph,tds"
47169,MOIRAX,0.2,AGGLOMERATION AGEN - SIVOIZAC,2,"ph,tds"
47170,MONBAHUS,0.5877,NORD DU LOT -  PINEL HAUTERIVE,2,"ph,tds"
47173,MONCLAR,0.5877,NORD DU LOT -  PINEL HAUTERIVE,2,"ph,tds"
47174,MONCRABEAU,0.2,ALBRET - NAZARETH,2,"ph,tds"
47176,MONGAILLARD,0.2,ALBRET - LUCHET,2,"ph,tds"
47179,MONSEMPRON-LIBOS,0.2,SDC LEMANCE - PAR SDC LOUBEJAC 24,2,"ph,tds"
47181,MONTAGNAC-SUR-LEDE,0.2,NORD DU LOT -  PAULHIAC,2,"ph,tds"
47182,MONTASTRUC,0.5877,NORD DU LOT -  PINEL HAUTERIVE,2,"ph,tds"
47187,MONTETON,0.2592,NORD MARMANDE - AURIAC,2,"ph,tds"
47188,MONTIGNAC-DE-LAUZUN,0.5877,NORD DU LOT -  PINEL HAUTERIVE,2,"ph,tds"
47190,MONTPEZAT,0.1961,SUD DU LOT  - PRAYSSAS,2,"ph,tds"
47191,MONTPOUILLAN,0.2,GARONNE GASCOGNE,2,"ph,tds"
47194,MOUSTIER,0.258,BRAME -  ALLEMANS DU DROPT,2,"ph,tds"
47197,NOMDIEU,0.2,ALBRET - NAZARETH,2,"ph,tds"
47198,PAILLOLES,0.5877,NORD DU LOT -  PINEL HAUTERIVE,2,"ph,tds"
47199,PARDAILLAN,0.2592,NORD MARMANDE - AURIAC,2,"ph,tds"
47200,PARRANQUET,0.2,BRAME- SOURCE VERGT DE BIRON,2,"ph,tds"
47204,PEYRIERE,0.258,BRAME -  ALLEMANS DU DROPT,2,"ph,tds"
47212,POUSSIGNAC,0.2,GARONNE GASCOGNE,2,"ph,tds"
47214,PUCH-D'AGENAIS,0.2,PDL - LAGAGNAN,2,"ph,tds"
47217,PUYMIROL,0.1396,AGGLOMERATION AGEN - CAUZAC,2,"ph,tds"
47218,PUYSSERAMPION,0.258,BRAME -  ALLEMANS DU DROPT,2,"ph,tds"
47222,REUNION (LA),0.2,PDL - LAGAGNAN,2,"ph,tds"
47223,RIVES,0.2,BRAME- SOURCE VERGT DE BIRON,2,"ph,tds"
47225,ROQUEFORT,0.2,AGGLOMERATION AGEN - SIVOIZAC,2,"ph,tds"
47226,ROUMAGNE,0.226,BRAME -  ALLEMANS DU DROPT,2,"ph,tds"
47227,RUFFIAC,0.2,GARONNE GASCOGNE,2,"ph,tds"
47229,SAINT-ASTIER,0.2592,NORD MARMANDE - AURIAC,2,"ph,tds"
47230,SAINT-AUBIN,0.2,NORD DU LOT -  SAVIGNAC,2,"ph,tds"
47231,SAINT-AVIT,0.2377,NORD MARMANDE -  ST PIERRE,2,"ph,tds"
47232,SAINT-BARTHELEMY-D'AGENAIS,0.2805,NORD DU LOT -  TOMBEBOEUF,2,"ph,tds"
47237,SAINTE-COLOMBE-DE-VILLENEUVE,0.1959,SUD DU LOT -  MADAILLAN,2,"ph,tds"
47245,SAINT-GERAUD,0.2377,NORD MARMANDE -  ST PIERRE,2,"ph,tds"
47247,SAINT-JEAN-DE-DURAS,0.2592,NORD MARMANDE - AURIAC,2,"ph,tds"
47248,SAINT-JEAN-DE-THURAC,0.1396,AGGLOMERATION AGEN - CAUZAC,2,"ph,tds"
47249,SAINT-LAURENT,0.2,SUD DU LOT - LAFITTE,2,"ph,tds"
47254,SAINT-MARTIN-CURTON,0.2,PDL - LAGAGNAN,2,"ph,tds"
47256,SAINT-MARTIN-DE-VILLEREAL,0.2,BRAME- SOURCE VERGT DE BIRON,2,"ph,tds"
47258,SAINTE-MAURE-DE-PEYRIAC,0.2,ALBRET - NAZARETH,2,"ph,tds"
47259,SAINT-MAURICE-DE-LESTAPEL,0.5877,NORD DU LOT -  PINEL HAUTERIVE,2,"ph,tds"
47260,SAINT-MAURIN,0.1396,AGGLOMERATION AGEN - CAUZAC,2,"ph,tds"
47262,SAINT-NICOLAS-DE-LA-BALERME,0.2,AGGLOMERATION AGEN - SIVOIZAC,2,"ph,tds"
47264,SAINT-PARDOUX-ISAAC,0.2242,BRAME - ST COLOMB DE LAUZUN,2,"ph,tds"
47267,SAINT-PIERRE-DE-BUZET,0.1757,,2,"ph,tds"
47269,SAINT-PIERRE-DE-CLAIRAC,0.1396,AGGLOMERATION AGEN - CAUZAC,2,"ph,tds"
47274,SAINT-ROMAIN-LE-NOBLE,0.1396,AGGLOMERATION AGEN - CAUZAC,2,"ph,tds"
47275,SAINT-SALVY,0.1961,SUD DU LOT  - PRAYSSAS,2,"ph,tds"
47276,SAINT-SARDOS,0.1961,SUD DU LOT  - PRAYSSAS,2,"ph,tds"
47277,SAINT-SAUVEUR-DE-MEILHAN,0.2,GARONNE GASCOGNE,2,"ph,tds"
47279,SAINT-SIXTE,0.2,AGGLOMERATION AGEN - SIVOIZAC,2,"ph,tds"
47281,SAINT-URCISSE,0.1396,AGGLOMERATION AGEN - CAUZAC,2,"ph,tds"
47284,SALLES,0.2,NORD DU LOT -  PAULHIAC,2,"ph,tds"
47288,SAUVAGNAS,0.1396,AGGLOMERATION AGEN - CAUZAC,2,"ph,tds"
47289,SAUVETAT-DE-SAVERES (LA),0.1396,AGGLOMERATION AGEN - CAUZAC,2,"ph,tds"
47290,SAUVETAT-DU-DROPT (LA),0.258,BRAME -  ALLEMANS DU DROPT,2,"ph,tds"
47291,SAUVETAT-SUR-LEDE (LA),0.5877,NORD DU LOT -  PINEL HAUTERIVE,2,"ph,tds"
47294,SAVIGNAC-DE-DURAS,0.2592,NORD MARMANDE - AURIAC,2,"ph,tds"
47296,SEGALAS,0.5877,NORD DU LOT -  PINEL HAUTERIVE,2,"ph,tds"
47297,SEMBAS,0.1959,SUD DU LOT -  MADAILLAN,2,"ph,tds"
47299,SERIGNAC-PEBOUDOU,0.2242,BRAME - ST COLOMB DE LAUZUN,2,"ph,tds"
47302,SOS,0.2,ALBRET - NAZARETH,2,"ph,tds"
47304,TAILLEBOURG,0.2,NORD DU LOT- GONTAUD DE NOGARET,2,"ph,tds"
47305,TAYRAC,0.1396,AGGLOMERATION AGEN - CAUZAC,2,"ph,tds"
47307,THEZAC,0.2,SDC LEMANCE-MAUROUX SOURCE DU LOT,2,"ph,tds"
47311,TOURLIAC,0.2,BRAME- SOURCE VERGT DE BIRON,2,"ph,tds"
47313,TOURTRES,0.2805,NORD DU LOT -  TOMBEBOEUF,2,"ph,tds"
47314,TREMONS,0.4039,LOT AMONT PENNE  MOUNET,2,"ph,tds"
47320,VILLEFRANCHE-DU-QUEYRAN,0.2,PDL - LAGAGNAN,2,"ph,tds"
47321,VILLENEUVE-DE-DURAS,0.2592,NORD MARMANDE - AURIAC,2,"ph,tds"
47324,VILLEREAL,0.2,BRAME- SOURCE VERGT DE BIRON,2,"ph,tds"
47325,VILLETON,0.2,GARONNE - MAS D'AGENAIS-MOULIOT,2,"ph,tds"
48105,NAUSSAC-FONTANES,0.561,LANGOGNE LES LOMBARDS - LA CLAMOUSE,2,"ph,tds"
49008,ANGRIE,0.6417,CANDE,2,"ph,tds"
49010,ARMAILLE,0.3748,CHAZE HENRY,2,"ph,tds"
49038,BOURG-L'EVEQUE,0.3748,CHAZE HENRY,2,"ph,tds"
49056,CARBAY,0.3748,CHAZE HENRY,2,"ph,tds"
49057,CERNUSSON,0.4478,VIHIERSOIS,2,"ph,tds"
49064,CHAMBELLAY,0.7612,CHAMPIGNE,2,"ph,tds"
49076,CHAPELLE-SAINT-LAUD (LA),0.1815,SEICHES,2,"ph,tds"
49131,EPIEDS,0.5944,SAUMUR,2,"ph,tds"
49161,JAILLE-YVON (LA),0.7605,CHAMPIGNE,2,"ph,tds"
49174,HUILLE-LEZIGNE,0.1743,DURTAL,2,"ph,tds"
49178,LOIRE,0.6419,CANDE,2,"ph,tds"
49195,MAZIERES-EN-MAUGES,0.4475,VIHIERSOIS,2,"ph,tds"
49205,MIRE,0.1405,MORANNES,2,"ph,tds"
49211,MONTILLIERS,0.4478,VIHIERSOIS,2,"ph,tds"
49284,SAINT-GERMAIN-DES-PRES,0.2085,SAINT GEORGES - BECON,2,"ph,tds"
49291,SAINT-JUST-SUR-DIVE,0.5943,SAUMUR,2,"ph,tds"
49310,SAINT-PAUL-DU-BOIS,0.4478,VIHIERSOIS,2,"ph,tds"
49336,SOMLOIRE,0.4478,VIHIERSOIS,2,"ph,tds"
49341,SOUZAY-CHAMPIGNY,0.1424,MONTSOREAU,2,"ph,tds"
49344,THORIGNE-D'ANJOU,0.7609,CHAMPIGNE,2,"ph,tds"
49352,TOUTLEMONDE,0.4474,VIHIERSOIS,2,"ph,tds"
49362,VARRAINS,0.5946,SAUMUR,2,"ph,tds"
49364,VAUDELNAY,0.2,MONTREUIL BELLAY,2,"ph,tds"
49369,VERNOIL-LE-FOURRIER,0.1345,VERNANTES,2,"ph,tds"
49371,VEZINS,0.4478,VIHIERSOIS,2,"ph,tds"
49381,YZERNAY,0.4478,VIHIERSOIS,2,"ph,tds"
50006,AMIGNY,0.2,ST JEAN DE DAYE,2,"ph,tds"
50013,ANNEVILLE-EN-SAIRE,0.304,PONT-AUBIN,2,"ph,tds"
50016,APPEVILLE,0.2,LE BAUPTOIS,2,"ph,tds"
50019,AUCEY-LA-PLAINE,0.4895,LA GAUBERDIERE,2,"ph,tds"
50021,AUDOUVILLE-LA-HUBERT,0.2,STE MARIE DU MONT,2,"ph,tds"
50024,AUXAIS,0.2,SAINTENY,2,"ph,tds"
50027,BACILLY,0.3748,MONTVIRON,2,"ph,tds"
50028,BALEINE (LA),0.7177,VILLEDIEU OUEST,2,"ph,tds"
50030,BARFLEUR,0.3809,PONT-AUBIN,2,"ph,tds"
50032,BARRE-DE-SEMILLY (LA),0.8809,BOIS BRETEL,2,"ph,tds"
50033,BAUBIGNY,0.3398,LA SCYE PORTBAIL,2,"ph,tds"
50036,BAUPTE,0.2,LE BAUPTOIS,2,"ph,tds"
50038,BEAUCHAMPS,0.7803,SIAEP LA HAYE PESNEL,2,"ph,tds"
50040,BEAUFICEL,0.5744,LE BOYEUX,2,"ph,tds"
50046,BERIGNY,0.9292,BOIS BRETEL,2,"ph,tds"
50048,BESLON,0.2,LA COUDRAYE,2,"ph,tds"
50049,BESNEVILLE,0.1774,LA GATHE,2,"ph,tds"
50052,BEUZEVILLE-LA-BASTILLE,0.2,LE BAUPTOIS,2,"ph,tds"
50055,BINIVILLE,0.1774,LA GATHE,2,"ph,tds"
50062,BOISYVON,0.2459,ST POIS,2,"ph,tds"
50064,BONNEVILLE (LA),0.1774,LA GATHE,2,"ph,tds"
50070,BOUTTEVILLE,0.2,STE MARIE DU MONT,2,"ph,tds"
50072,BRAINVILLE,0.5639,NIGI,2,"ph,tds"
50083,BRICQUEBOSQ,0.2,GROSVILLE,2,"ph,tds"
50085,BRICQUEVILLE-SUR-MER,0.8846,CERENCES,2,"ph,tds"
50090,BUAIS-LES-MONTS ,0.6803,MILLY,2,"ph,tds"
50092,CAMBERNON,0.6559,ST SAUVEUR LENDELIN,2,"ph,tds"
50093,CAMETOURS,0.2487,ACHAT SYMPEC OUVILLE,2,"ph,tds"
50094,CAMPROND,0.6559,ST SAUVEUR LENDELIN,2,"ph,tds"
50096,CANTELOUP,0.3584,PONT-AUBIN,2,"ph,tds"
50101,CARNEVILLE,0.2,GONNEVILLE,2,"ph,tds"
50105,CATTEVILLE,0.1774,LA GATHE,2,"ph,tds"
50106,CAVIGNY,0.2,ST JEAN DE DAYE,2,"ph,tds"
50108,CEAUX,0.4941,LA GAUBERDIERE,2,"ph,tds"
50110,CERISY-LA-FORET,0.8785,BOIS BRETEL,2,"ph,tds"
50115,GRIPPON (LE),0.7998,SIAEP LA HAYE PESNEL,2,"ph,tds"
50118,CHAMPREPUS,0.6754,VILLEDIEU OUEST,2,"ph,tds"
50138,COLOMBY,0.6915,RUE LUDEY,2,"ph,tds"
50144,COULOUVRAY-BOISBENATRE,0.2789,ST POIS,2,"ph,tds"
50145,COURCY,0.3228,ACHAT SYMPEC OUVILLE,2,"ph,tds"
50146,COURTILS,0.4984,LA GAUBERDIERE,2,"ph,tds"
50152,CRESNAYS (LES),0.554,REFFUVEILLE,2,"ph,tds"
50155,CROLLON,0.509,LA GAUBERDIERE,2,"ph,tds"
50156,CROSVILLE-SUR-DOUVE,0.1774,LA GATHE,2,"ph,tds"
50159,DANGY,0.4155,CHAPELLE S/VIRE,2,"ph,tds"
50166,DOVILLE,0.2448,LA HAYE DU PUITS OUEST,2,"ph,tds"
50167,DRAGEY-RONTHON,0.5262,MONTVIRON,2,"ph,tds"
50174,EQUILLY,0.8119,SIAEP LA HAYE PESNEL,2,"ph,tds"
50175,EROUDEVILLE,0.3774,MONTEBOURG,2,"ph,tds"
50176,ETANG-BERTRAND (L'),0.7429,RUE LUDEY,2,"ph,tds"
50178,FERMANVILLE,0.2,GONNEVILLE,2,"ph,tds"
50182,FEUILLIE (LA),0.4661,ST SAUVEUR LENDELIN,2,"ph,tds"
50183,FIERVILLE-LES-MINES,0.2535,LA SCYE PORTBAIL,2,"ph,tds"
50186,FLOTTEMANVILLE,0.4088,VAUGOUBERT,2,"ph,tds"
50188,FOLLIGNY,0.7876,SIAEP LA HAYE PESNEL,2,"ph,tds"
50193,FRESNE-PORET (LE),0.5712,LE BOYEUX,2,"ph,tds"
50196,GATTEVILLE-LE-PHARE,0.3521,PONT-AUBIN,2,"ph,tds"
50207,GOLLEVILLE,0.1774,LA GATHE,2,"ph,tds"
50208,GONFREVILLE,0.2,LE BAUPTOIS,2,"ph,tds"
50210,GORGES,0.2,LE BAUPTOIS,2,"ph,tds"
50217,GRAND-CELLAND (LE),0.5255,REFFUVEILLE,2,"ph,tds"
50221,GRIMESNIL,0.8912,CERENCES,2,"ph,tds"
50225,GUISLAIN (LE),0.341,LA SEROUDIERE,2,"ph,tds"
50227,HAM (LE),0.3988,MONTEBOURG,2,"ph,tds"
50231,HAUTEVILLE-SUR-MER,0.6418,MONTMARTIN S/MER,2,"ph,tds"
50234,HAYE-BELLEFOND (LA),0.4365,LA SEROUDIERE,2,"ph,tds"
50235,HAYE-D'ECTOT (LA),0.3338,LA SCYE PORTBAIL,2,"ph,tds"
50240,HELLEVILLE,0.3885,TOURELLE,2,"ph,tds"
50241,HEMEVEZ,0.4023,VAUGOUBERT,2,"ph,tds"
50243,HEUGUEVILLE-SUR-SIENNE,0.5672,NIGI,2,"ph,tds"
50246,HIESVILLE,0.2,STE MARIE DU MONT,2,"ph,tds"
50247,HOCQUIGNY,0.7937,SIAEP LA HAYE PESNEL,2,"ph,tds"
50251,HUBERVILLE,0.3861,VAUGOUBERT,2,"ph,tds"
50252,HUDIMESNIL,0.8945,CERENCES,2,"ph,tds"
50253,HUISNES-SUR-MER,0.5039,LA GAUBERDIERE,2,"ph,tds"
50258,JOGANVILLE,0.3927,MONTEBOURG,2,"ph,tds"
50259,JUILLEY,0.5179,LA GAUBERDIERE,2,"ph,tds"
50261,LAMBERVILLE,0.8613,CAUMONT,2,"ph,tds"
50263,LAPENTY,0.6798,MILLY,2,"ph,tds"
50265,LAULNE,0.2,LE BAUPTOIS,2,"ph,tds"
50266,LENGRONNE,0.9008,CERENCES,2,"ph,tds"
50269,LIESVILLE-SUR-DOUVE,0.2,STE MARIE DU MONT,2,"ph,tds"
50271,LINGEARD,0.2946,ST POIS,2,"ph,tds"
50272,TOURNEVILLE-SUR-MER,0.6258,MONTMARTIN S/MER,2,"ph,tds"
50277,LONGUEVILLE,0.1876,BREVILLE,2,"ph,tds"
50278,LOREUR (LE),0.8912,CERENCES,2,"ph,tds"
50279,LOREY (LE),0.7266,ST SAUVEUR LENDELIN,2,"ph,tds"
50281,LUCERNE-D'OUTREMER (LA),0.5836,,2,"ph,tds"
50283,LUZERNE (LA),0.8916,BOIS BRETEL,2,"ph,tds"
50294,MARTINVAST,0.6742,FONTAINE D'OMBRE,2,"ph,tds"
50295,MAUPERTUIS,0.4524,LA SEROUDIERE,2,"ph,tds"
50299,MESNIL (LE),0.4707,LA SCYE PORTBAIL,2,"ph,tds"
50300,MESNIL-ADELEE (LE),0.7967,JUVIGNY,2,"ph,tds"
50302,MESNIL-AMEY (LE),0.7544,ST GILLES-HEBECREVON,2,"ph,tds"
50304,MESNIL-AUBERT (LE),0.8945,CERENCES,2,"ph,tds"
50311,MESNIL-GARNIER (LE),0.7054,VILLEDIEU OUEST,2,"ph,tds"
50312,MESNIL-GILBERT (LE),0.2946,ST POIS,2,"ph,tds"
50317,MESNIL-OZENNE (LE),0.5037,REFFUVEILLE,2,"ph,tds"
50326,MESNIL-VILLEMAN (LE),0.6853,VILLEDIEU OUEST,2,"ph,tds"
50328,MILLIERES,0.6706,ST SAUVEUR LENDELIN,2,"ph,tds"
50334,MONTABOT,0.3975,LA SEROUDIERE,2,"ph,tds"
50336,MONTAIGU-LES-BOIS,0.7054,VILLEDIEU OUEST,2,"ph,tds"
50340,MONTCUIT,0.6763,ST SAUVEUR LENDELIN,2,"ph,tds"
50341,MONTEBOURG,0.4033,MONTEBOURG,2,"ph,tds"
50342,MONTFARVILLE,0.2778,PONT-AUBIN,2,"ph,tds"
50345,MONTHUCHON,0.5243,ST SAUVEUR LENDELIN,2,"ph,tds"
50347,MONTJOIE-SAINT-MARTIN,0.5114,LA GAUBERDIERE,2,"ph,tds"
50351,MONTRABOT,0.8972,CAUMONT,2,"ph,tds"
50357,MORIGNY,0.4554,MONTBRAY,2,"ph,tds"
50360,MORVILLE,0.662,RUE LUDEY,2,"ph,tds"
50361,MOUCHE (LA),0.7974,SIAEP LA HAYE PESNEL,2,"ph,tds"
50362,MOULINES,0.6991,MILLY,2,"ph,tds"
50363,MOYON VILLAGES,0.364,CHAPELLE S/VIRE,2,"ph,tds"
50364,MUNEVILLE-LE-BINGARD,0.5478,ST SAUVEUR LENDELIN,2,"ph,tds"
50368,NAY,0.2,SAINTENY,2,"ph,tds"
50370,NEHOU,0.1774,LA GATHE,2,"ph,tds"
50374,NEUVILLE-EN-BEAUMONT,0.1774,LA GATHE,2,"ph,tds"
50379,NOTRE-DAME-DE-LIVOYE,0.8264,LES LOGES,2,"ph,tds"
50384,OCTEVILLE-L'AVENEL,0.6845,SAUSSEMESNIL,2,"ph,tds"
50387,ORGLANDES,0.1774,LA GATHE,2,"ph,tds"
50397,PERRIERS-EN-BEAUFICEL,0.5419,LE BOYEUX,2,"ph,tds"
50407,POILLEY,0.4984,LA GAUBERDIERE,2,"ph,tds"
50408,PONTAUBAULT,0.4926,LA GAUBERDIERE,2,"ph,tds"
50420,QUIBOU,0.4041,CHAPELLE S/VIRE,2,"ph,tds"
50425,RAUVILLE-LA-BIGOT,0.4697,HAMEAU ES JEANNE,2,"ph,tds"
50426,RAUVILLE-LA-PLACE,0.1774,,2,"ph,tds"
50430,REIGNEVILLE-BOCAGE,0.1774,LA GATHE,2,"ph,tds"
50433,REVILLE,0.2909,PONT-AUBIN,2,"ph,tds"
50436,ROMAGNY FONTENAY,0.787,LA BAZOGE,2,"ph,tds"
50443,SACEY,0.509,LA GAUBERDIERE,2,"ph,tds"
50448,SAINT-AUBIN-DE-TERREGATTE,0.5814,,2,"ph,tds"
50452,SAINT-BRICE-DE-LANDELLES,0.6707,MILLY,2,"ph,tds"
50454,SAINT-CHRISTOPHE-DU-FOC,0.4406,TOURELLE,2,"ph,tds"
50457,SAINTE-COLOMBE,0.1774,LA GATHE,2,"ph,tds"
50463,SAINT-DENIS-LE-GAST,0.8642,CERENCES,2,"ph,tds"
50469,SAINTE-GENEVIEVE,0.3137,PONT-AUBIN,2,"ph,tds"
50471,SAINT-GEORGES-DE-LA-RIVIERE,0.2118,LA SCYE PORTBAIL,2,"ph,tds"
50472,SAINT-GEORGES-DE-LIVOYE,0.8114,LES LOGES,2,"ph,tds"
50473,SAINT-GEORGES-D'ELLE,0.9226,BOIS BRETEL,2,"ph,tds"
50476,SAINT-GERMAIN-D'ELLE,0.83,BOIS BRETEL,2,"ph,tds"
50481,SAINT-GERMAIN-SUR-AY,0.1122,LA HAYE DU PUITS OUEST,2,"ph,tds"
50482,SAINT-GERMAIN-SUR-SEVES,0.2,SAINTENY,2,"ph,tds"
50484,SAINT-HILAIRE-DU-HARCOUET,0.842,LA BAZOGE,2,"ph,tds"
50486,SAINT-JACQUES-DE-NEHOU,0.1891,LA SCYE PORTBAIL,2,"ph,tds"
50488,SAINT-JEAN-DE-DAYE,0.2,ST JEAN DE DAYE,2,"ph,tds"
50490,SAINT-JEAN-DE-LA-RIVIERE,0.4802,LA SCYE PORTBAIL,2,"ph,tds"
50499,SAINT-LAURENT-DE-CUVES,0.2842,ST POIS,2,"ph,tds"
50500,SAINT-LAURENT-DE-TERREGATTE,0.5052,LA GAUBERDIERE,2,"ph,tds"
50504,SAINT-LOUET-SUR-VIRE,0.7286,CONDE SUR VIRE,2,"ph,tds"
50511,SAINT-MARTIN-D'AUDOUVILLE,0.3897,MONTEBOURG,2,"ph,tds"
50512,SAINT-MARTIN-DE-BONFOSSE,0.389,CHAPELLE S/VIRE,2,"ph,tds"
50517,SAINT-MARTIN-DE-VARREVILLE,0.2,STE MARIE DU MONT,2,"ph,tds"
50518,SAINT-MARTIN-LE-BOUILLANT,0.3092,ST POIS,2,"ph,tds"
50519,SAINT-MARTIN-LE-GREARD,0.5871,FONTAINE D'OMBRE,2,"ph,tds"
50521,SAINT-MAUR-DES-BOIS,0.3019,ST POIS,2,"ph,tds"
50522,SAINT-MAURICE-EN-COTENTIN,0.4113,LA SCYE PORTBAIL,2,"ph,tds"
50540,SAINT-PIERRE-LANGERS,0.5597,CHAMPEAUX,2,"ph,tds"
50542,SAINT-POIS,0.2979,ST POIS,2,"ph,tds"
50543,SAINT-QUENTIN-SUR-LE-HOMME,0.469,ST LOUP,2,"ph,tds"
50548,SAINT-SAUVEUR-DE-PIERREPONT,0.179,LA HAYE DU PUITS OUEST,2,"ph,tds"
50554,SAINT-SENIER-SOUS-AVRANCHES,0.5979,AVRANCHES EST,2,"ph,tds"
50563,SAINT-VIGOR-DES-MONTS,0.5474,MONTBRAY,2,"ph,tds"
50567,SAUSSEMESNIL,0.5394,,2,"ph,tds"
50568,SAUSSEY,0.4009,ACHAT SYMPEC OUVILLE,2,"ph,tds"
50572,SENOVILLE,0.3398,LA SCYE PORTBAIL,2,"ph,tds"
50574,SERVON,0.5039,LA GAUBERDIERE,2,"ph,tds"
50577,SORTOSVILLE-EN-BEAUMONT,0.3662,LA SCYE PORTBAIL,2,"ph,tds"
50578,SORTOSVILLE,0.3893,VAUGOUBERT,2,"ph,tds"
50579,SOTTEVAST,0.4895,HAMEAU ES JEANNE,2,"ph,tds"
50580,SOTTEVILLE,0.3752,TOURELLE,2,"ph,tds"
50584,SUBLIGNY,0.7864,SIAEP LA HAYE PESNEL,2,"ph,tds"
50588,TAMERVILLE,0.4391,,2,"ph,tds"
50589,TANIS,0.4941,LA GAUBERDIERE,2,"ph,tds"
50596,THEVILLE,0.3426,PONT-AUBIN,2,"ph,tds"
50598,TOCQUEVILLE,0.3137,PONT-AUBIN,2,"ph,tds"
50604,TREAUVILLE,0.4126,TOURELLE,2,"ph,tds"
50610,URVILLE,0.3861,VAUGOUBERT,2,"ph,tds"
50617,VARENGUEBEC,0.2,LE BAUPTOIS,2,"ph,tds"
50621,VAUDREVILLE,0.3927,MONTEBOURG,2,"ph,tds"
50628,VERNIX,0.8076,LES LOGES,2,"ph,tds"
51004,ALLEMANCHE-LAUNAY-ET-SOYER,0.2,CCSSOM ANGLURE,2,"ph,tds"
51007,AMBONNAY,0.2,CCGVM SECTEUR TOURS-AMBONNAY,2,"ph,tds"
51008,AMBRIERES,0.1965,SIAEP DE LANDRICOURT AMBRIERE,2,"ph,tds"
51013,AOUGNY,0.2,CUGR ANTHENAY-CUISLES-OLIZY...,2,"ph,tds"
51028,AVENAY-VAL-D'OR,0.2,CCGVM AY,2,"ph,tds"
51032,BAGNEUX,0.2,CCSSOM ANGLURE,2,"ph,tds"
51035,BANNES,0.2,SMIDEP DU MONT AOUT,2,"ph,tds"
51048,BELVAL-SOUS-CHATILLON,0.1989,CCPC CHAMPLAT LA NEUVILLE BELVAL,2,"ph,tds"
51049,BERGERES-LES-VERTUS,0.2,CAECPC BLANCS-COTEAUX BERGERES ETRECHY,2,"ph,tds"
51053,BERZIEUX,0.112,CCAC VILLE SUR TOURBE,2,"ph,tds"
51061,BILLY-LE-GRAND,0.2,CUGR REGION DE VERZY,2,"ph,tds"
51066,BLAISE-SOUS-ARZILLIERES,0.2,CCVCD CHATELRAOULD-BLAISE SOUS ARZ.,2,"ph,tds"
51072,BOUILLY,0.2,CUGR ROUILLAT,2,"ph,tds"
51073,BOULEUSE,0.2,CUGR SARCY-POILLY-BOULEUSE,2,"ph,tds"
51082,BRAUX-SAINTE-COHIERE,0.2,CCAC SAINTE MENEHOULD,2,"ph,tds"
51086,BREUIL,0.2,CUGR SIAEP DE FISMES,2,"ph,tds"
51087,BREUVERY-SUR-COOLE,0.2,CCMC ECURY-MAIRY-COUPETZ,2,"ph,tds"
51089,BROUILLET,0.2,CUGR ANTHENAY-CUISLES-OLIZY...,2,"ph,tds"
51090,BROUSSY-LE-GRAND,0.2,,2,"ph,tds"
51091,BROUSSY-LE-PETIT,0.2,CCSSOM MONDEMENT,2,"ph,tds"
51106,CERNON,0.2,CCMC ECURY-MAIRY-COUPETZ,2,"ph,tds"
51107,CHAINTRIX-BIERGES,0.2,CAECPC CHAINTRIX GERMINON VOUZY...,2,"ph,tds"
51115,CHAMPFLEURY,0.2,CUGR CHAMPFLEURY TROIS-PUITS VILLERS,2,"ph,tds"
51118,CHAMPIGNY,0.2,CU GRAND REIMS,2,"ph,tds"
51127,CHAPELLE-LASSON (LA),0.2,CCSSOM ANGLURE,2,"ph,tds"
51133,CHATELIER (LE),0.1593,CCAC SECTEUR VIEIL-DAMPIERRE,2,"ph,tds"
51135,CHATILLON-SUR-BROUE,0.1757,SIAEP OUTINES CHATILLON SUR BR,2,"ph,tds"
51140,CHAUMUZY,0.1895,CUGR ROUILLAT,2,"ph,tds"
51143,CHEMIN (LE),0.1593,CCAC SECTEUR VIEIL-DAMPIERRE,2,"ph,tds"
51148,CHEPPES-LA-PRAIRIE,0.1956,CCMC ECURY-MAIRY-COUPETZ,2,"ph,tds"
51150,CHERVILLE,0.2,UDI JALONS-CHERVILLE-MATOUGUES,2,"ph,tds"
51151,CHICHEY,0.2,CCSSOM SECTEUR DE GAYE,2,"ph,tds"
51155,CLESLES,0.2,CCSSOM ANGLURE,2,"ph,tds"
51157,COIZARD-JOCHES,0.2,,2,"ph,tds"
51162,CONFLANS-SUR-SEINE,0.2,CCSSOM SECTEUR VILLIERS CONFLANS,2,"ph,tds"
51165,CONNANTRE,0.2,SMIDEP DU MONT AOUT,2,"ph,tds"
51166,CONTAULT,0.2,CCAC SECTEUR DOMMARTIN VARIMONT,2,"ph,tds"
51168,COOLUS,0.2,CHALONS EN CHAMP. BAS SERVICE RIV.G,2,"ph,tds"
51170,CORFELIX,0.2,CCBC BERGERES LE THOULT,2,"ph,tds"
51174,CORRIBERT,0.2,CCPC SUIZY LE FRANC,2,"ph,tds"
51175,CORROBERT,0.2,CCBC BERGERES LE THOULT,2,"ph,tds"
51176,CORROY,0.2,SMIDEP DU MONT AOUT,2,"ph,tds"
51179,COUPEVILLE,0.2,CCMC DAMPIERRE LE FRESNE COUPEVILLE,2,"ph,tds"
51181,COURCELLES-SAPICOURT,0.2,CUGR REGION DE GUEUX,2,"ph,tds"
51182,COURCEMAIN,0.2,SMIDEP DU MONT AOUT,2,"ph,tds"
51186,COURJEONNET,0.2,CCPC SECTEUR COIZARD-FEREBRIANGES,2,"ph,tds"
51187,COURLANDON,0.2,CUGR SIAEP DE FISMES,2,"ph,tds"
51194,COURVILLE,0.2,,2,"ph,tds"
51201,CUISLES,0.2,CUGR ANTHENAY-CUISLES-OLIZY...,2,"ph,tds"
51203,CUPERLY,0.2,CCRS LA CHEPPE CUPERLY,2,"ph,tds"
51210,DIZY,0.1982,CCGVM AY,2,"ph,tds"
51216,DONTRIEN,0.2,,2,"ph,tds"
51225,ECUEIL,0.2,CUGR ROUILLAT,2,"ph,tds"
51227,ECURY-SUR-COOLE,0.2,CCMC ECURY-MAIRY-COUPETZ,2,"ph,tds"
51229,EPENSE,0.2,CCAC SECTEUR DOMMARTIN VARIMONT,2,"ph,tds"
51232,EPOYE,0.2,CUGR REGION DE SAINT MASMES,2,"ph,tds"
51238,ETOGES,0.2,CCPC SECTEUR COIZARD-FEREBRIANGES,2,"ph,tds"
51239,ETRECHY,0.2,CAECPC BLANCS-COTEAUX BERGERES ETRECHY,2,"ph,tds"
51245,FAVEROLLES-ET-COEMY,0.2,CUGR REGION DE GUEUX,2,"ph,tds"
51263,FROMENTIERES,0.2,CCBC BERGERES LE THOULT,2,"ph,tds"
51268,GERMINON,0.2,CAECPC CHAINTRIX GERMINON VOUZY...,2,"ph,tds"
51272,GIVRY-EN-ARGONNE,0.1593,CCAC SECTEUR VIEIL-DAMPIERRE,2,"ph,tds"
51293,HEUTREGIVILLE,0.2,CUGR REGION DE SAINT MASMES,2,"ph,tds"
51300,ISLE-SUR-MARNE,0.2,SIAEP DE LARZICOURT ISLE-SUR-MARNE,2,"ph,tds"
51304,JANVILLIERS,0.2,CCBC BERGERES LE THOULT,2,"ph,tds"
51305,JANVRY,0.2,CUGR REGION DE GUEUX,2,"ph,tds"
51306,JOISELLE,0.2,CCSSOM VILLENEUVE LA LIONNE,2,"ph,tds"
51309,JONQUERY,0.2,CUGR ANTHENAY-CUISLES-OLIZY...,2,"ph,tds"
51310,JOUY-LES-REIMS,0.2,CUGR REGION DE GUEUX,2,"ph,tds"
51313,LACHY,0.2,HS CCSSOM LES ESSARTS-LES-SEZANNE,2,"ph,tds"
51316,LARZICOURT,0.2,SIAEP DE LARZICOURT ISLE-SUR-MARNE,2,"ph,tds"
51324,LINTHES,0.2,CCSSOM MONDEMENT,2,"ph,tds"
51327,LOISY-EN-BRIE,0.2,CAECPC BLANCS-COTEAUX BERGERES ETRECHY,2,"ph,tds"
51341,MALMY,0.1329,CCAC VILLE SUR TOURBE,2,"ph,tds"
51345,MAREUIL-EN-BRIE,0.2,CCPC SUIZY LE FRANC,2,"ph,tds"
51348,MARFAUX,0.2,CUGR ROUILLAT,2,"ph,tds"
51350,MARGNY,0.2,CCBC BERGERES LE THOULT,2,"ph,tds"
51351,MARIGNY,0.2,SMIDEP DU MONT AOUT,2,"ph,tds"
51353,MARSANGIS,0.2,CCSSOM ANGLURE,2,"ph,tds"
51355,MASSIGES,0.1329,CCAC VILLE SUR TOURBE,2,"ph,tds"
51357,MATOUGUES,0.2,UDI JALONS-CHERVILLE-MATOUGUES,2,"ph,tds"
51362,MERFY,0.2,CUGR CHENAY-MERFY-TRIGNY,2,"ph,tds"
51364,MERY-PREMECY,0.2,CUGR ROUILLAT,2,"ph,tds"
51365,MESNEUX (LES),0.2,CUGR ROUILLAT,2,"ph,tds"
51367,MESNIL-SUR-OGER (LE),0.2,CAECPC BLANCS-COTEAUX BERGERES ETRECHY,2,"ph,tds"
51369,MOEURS-VERDEY,0.2,CCSSOM LES ESSARTS LES SEZANNE,2,"ph,tds"
51371,MOIVRE,0.2,CCMC DAMPIERRE LE FRESNE COUPEVILLE,2,"ph,tds"
51375,MONTBRE,0.2,CUGR REGION DE VERZY,2,"ph,tds"
51379,MONTIGNY-SUR-VESLE,0.2,CUGR SIAEP DE FISMES,2,"ph,tds"
51382,MONT-SUR-COURVILLE,0.2,CUGR SIAEP DE FISMES,2,"ph,tds"
51392,MUTIGNY,0.2,CCGVM AY,2,"ph,tds"
51404,NOIRLIEU,0.2,CCAC SECTEUR DOMMARTIN VARIMONT,2,"ph,tds"
51414,OLIZY,0.2,CUGR ANTHENAY-CUISLES-OLIZY...,2,"ph,tds"
51420,OUTREPONT,0.2,SMVU DE SAINT AMAND EST,2,"ph,tds"
51421,OYES,0.2,CCSSOM MONDEMENT,2,"ph,tds"
51422,PARGNY-LES-REIMS,0.2,CUGR REGION DE GUEUX,2,"ph,tds"
51424,PASSAVANT-EN-ARGONNE,0.2,CCAC VERRIERES VILLERS PASSAVANT,2,"ph,tds"
51426,PEAS,0.2,CCSSOM MONDEMENT,2,"ph,tds"
51435,POCANCY,0.2,CAECPC CHAINTRIX GERMINON VOUZY...,2,"ph,tds"
51443,POTANGIS,0.2,CCSSOM SECTEUR VILLIERS CONFLANS,2,"ph,tds"
51445,POURCY,0.2,CUGR ROUILLAT,2,"ph,tds"
51449,PRUNAY,0.2,CU GRAND REIMS,2,"ph,tds"
51450,PUISIEULX,0.2,CU GRAND REIMS,2,"ph,tds"
51456,REMICOURT,0.1593,CCAC SECTEUR VIEIL-DAMPIERRE,2,"ph,tds"
51458,REUVES,0.2,CCSSOM MONDEMENT,2,"ph,tds"
51461,RILLY-LA-MONTAGNE,0.2,CUGR REGION DE VERZY,2,"ph,tds"
51468,ROSNAY,0.2,CUGR REGION DE GUEUX,2,"ph,tds"
51469,ROUFFY,0.2,CAECPC CHAINTRIX GERMINON VOUZY...,2,"ph,tds"
51471,SACY,0.2,CUGR ROUILLAT,2,"ph,tds"
51476,SAINT-ETIENNE-AU-TEMPLE,0.2,CHALONS EN CHAMP. HT SERVICE RIV.DT,2,"ph,tds"
51482,SAINT-GERMAIN-LA-VILLE,0.2,SIAEP DU MONT LOUVET,2,"ph,tds"
51484,SAINT-GILLES,0.2,CUGR SIAEP DE FISMES,2,"ph,tds"
51488,SAINT-IMOGES,0.2,CCGVM AY,2,"ph,tds"
51492,SAINT-JUST-SAUVAGE,0.2,CCSSOM ANGLURE,2,"ph,tds"
51493,SAINT-LEONARD,0.2,CU GRAND REIMS,2,"ph,tds"
51495,SAINT-LOUP,0.2,CCSSOM MONDEMENT,2,"ph,tds"
51496,SAINT-LUMIER-EN-CHAMPAGNE,0.1979,SMVU DE SAINT AMAND EST,2,"ph,tds"
51498,SAINT-MARD-SUR-AUVE,0.2,CCAC AUVE ST MARD,2,"ph,tds"
51499,SAINT-MARD-LES-ROUFFY,0.2,CAECPC CHAINTRIX GERMINON VOUZY...,2,"ph,tds"
51500,SAINT-MARD-SUR-LE-MONT,0.1593,CCAC SECTEUR VIEIL-DAMPIERRE,2,"ph,tds"
51502,SAINT-MARTIN-AUX-CHAMPS,0.2,CCMC ECURY-MAIRY-COUPETZ,2,"ph,tds"
51503,SAINT-MARTIN-L'HEUREUX,0.1972,CUGR SECTEUR DONTRIEN,2,"ph,tds"
51504,SAINT-MARTIN-SUR-LE-PRE,0.2,CHALONS EN CHAMP. HT SERVICE RIV.DT,2,"ph,tds"
51510,SAINT-QUENTIN-LES-MARAIS,0.198,SMVU DE SAINT AMAND EST,2,"ph,tds"
51512,SAINT-QUENTIN-SUR-COOLE,0.2,CCMC ECURY-MAIRY-COUPETZ,2,"ph,tds"
51514,SAINT-REMY-SOUS-BROYES,0.2,CCSSOM SECTEUR DE GAYE,2,"ph,tds"
51516,SAINT-SATURNIN,0.2,SMIDEP DU MONT AOUT,2,"ph,tds"
51519,SAINT-THOMAS-EN-ARGONNE,0.2,CCAC VIENNE LE CHATEAU,2,"ph,tds"
51523,SARCY,0.2,CUGR SARCY-POILLY-BOULEUSE,2,"ph,tds"
51527,SAVIGNY-SUR-ARDRES,0.2,CUGR REGION DE GUEUX,2,"ph,tds"
51533,SERVON-MELZICOURT,0.2,CCAC VIENNE LE CHATEAU,2,"ph,tds"
51534,SERZY-ET-PRIN,0.2,CUGR REGION DE GUEUX,2,"ph,tds"
51537,SIVRY-ANTE,0.1593,CCAC SECTEUR VIEIL-DAMPIERRE,2,"ph,tds"
51538,SOGNY-AUX-MOULINS,0.2,CCMC ECURY-MAIRY-COUPETZ,2,"ph,tds"
51549,SOMME-YEVRE,0.2,CCAC SECTEUR DOMMARTIN VARIMONT,2,"ph,tds"
51558,SOULIERES,0.2,CAECPC BLANCS-COTEAUX BERGERES ETRECHY,2,"ph,tds"
51562,TAISSY,0.2,CU GRAND REIMS,2,"ph,tds"
51565,THAAS,0.2,SMIDEP DU MONT AOUT,2,"ph,tds"
51584,TROIS-PUITS,0.2,CUGR CHAMPFLEURY TROIS-PUITS VILLERS,2,"ph,tds"
51600,VAUDESINCOURT,0.2,CUGR SECTEUR DONTRIEN,2,"ph,tds"
51603,VELYE,0.2,CAECPC CHAINTRIX GERMINON VOUZY...,2,"ph,tds"
51613,VERZENAY,0.2,CUGR REGION DE VERZY,2,"ph,tds"
51616,VESIGNEUL-SUR-MARNE,0.2,SIAEP DU MONT LOUVET,2,"ph,tds"
51617,VEUVE (LA),0.2,SECTEUR JUVIGNY-VRAUX-AIGNY-CONDE,2,"ph,tds"
51620,VIENNE-LA-VILLE,0.2,CCAC VIENNE LE CHATEAU,2,"ph,tds"
51624,VILLE-EN-TARDENOIS,0.2,CUGR CHAMBRECY VILLE EN T.,2,"ph,tds"
51625,VILLENEUVE-LA-LIONNE,0.2,,2,"ph,tds"
51628,VILLENEUVE-SAINT-VISTRE-ET-VILLEVOTTE,0.2,CCSSOM SECTEUR DE GAYE,2,"ph,tds"
51629,VILLERS-ALLERAND,0.2,CUGR REGION DE VERZY,2,"ph,tds"
51630,VILLERS-AUX-BOIS,0.2,CAECPC BLANCS-COTEAUX BERGERES ETRECHY,2,"ph,tds"
51631,VILLERS-AUX-NOEUDS,0.2,CUGR CHAMPFLEURY TROIS-PUITS VILLERS,2,"ph,tds"
51632,VILLERS-EN-ARGONNE,0.2,CCAC VERRIERES VILLERS PASSAVANT,2,"ph,tds"
51642,VILLIERS-AUX-CORNEILLES,0.2,,2,"ph,tds"
51654,VOUILLERS,0.2,,2,"ph,tds"
51656,VRAUX,0.2,,2,"ph,tds"
51657,VRIGNY,0.2,CUGR REGION DE GUEUX,2,"ph,tds"
51659,WARGEMOULIN-HURLUS,0.1329,CCAC VILLE SUR TOURBE,2,"ph,tds"
51663,MAGENTA,0.2,CAECPC EPERNAY,2,"ph,tds"
52004,AINGOULAINCOURT,0.2,SYNDICAT D'ECHENAY,2,"ph,tds"
52012,ANNONVILLE,0.2,SYNDICAT D'EPIZON,2,"ph,tds"
52038,BASSONCOURT,0.1986,SYN. INTERCOMMUNAL DU NORD BASSIGNY,2,"ph,tds"
52053,BLAISY,0.2,SYNDICAT SOURCE DES DHUITS,2,"ph,tds"
52057,BLUMERAY,0.2,SYN. DE DOULEVANT-LE-CHATEAU,2,"ph,tds"
52069,BRAUX-LE-CHATEL,0.2,SYNDICAT D'ORGES,2,"ph,tds"
52076,BRICON,0.2,SYNDICAT D'ORGES,2,"ph,tds"
52084,BUSSON,0.2,SYNDICAT D'EPIZON,2,"ph,tds"
52101,CHAMPIGNEULLES-EN-BASSIGNY,0.1986,SYN. INTERCOMMUNAL DU NORD BASSIGNY,2,"ph,tds"
52124,CHEZEAUX,0.2,CHEZEAUX,2,"ph,tds"
52126,CHOILLEY-DARDENAY,0.2,S.I.E. DE LA HAUTE VINGEANNE,2,"ph,tds"
52170,DOMMARIEN,0.2,S.I.E. DE LA HAUTE VINGEANNE,2,"ph,tds"
52174,DONCOURT-SUR-MEUSE,0.1986,SYN. INTERCOMMUNAL DU NORD BASSIGNY,2,"ph,tds"
52218,GERMAY,0.2,SYNDICAT D'EPIZON,2,"ph,tds"
52219,GERMISAY,0.2,SYNDICAT D'EPIZON,2,"ph,tds"
52222,GILLAUME,0.2,SYNDICAT D'ECHENAY,2,"ph,tds"
52231,GUINDRECOURT-AUX-ORMES,0.2,SY. MAIZIERES-GUINDRECOURT,2,"ph,tds"
52253,JUZENNECOURT,0.2,SYNDICAT SOURCE DES DHUITS,2,"ph,tds"
52304,MALAINCOURT-SUR-MEUSE,0.1986,SYN. INTERCOMMUNAL DU NORD BASSIGNY,2,"ph,tds"
52313,MAREILLES,0.2,SYNDICAT DE CIREY-LES-MAREILLE,2,"ph,tds"
52337,MONTREUIL-SUR-THONNANCE,0.2,SYNDICAT D'ECHENAY,2,"ph,tds"
52342,MORIONVILLIERS,0.2,SYNDICAT DE LA MANOISE,2,"ph,tds"
52356,NOMECOURT,0.2,SYNDICAT DE MATHONS,2,"ph,tds"
52376,PANSEY,0.2,SYNDICAT D'ECHENAY,2,"ph,tds"
52378,PAROY-SUR-SAULX,0.2,SYNDICAT D'ECHENAY,2,"ph,tds"
52463,SAUDRON,0.2,SYNDICAT D'ECHENAY,2,"ph,tds"
52492,TORCENAY,0.2,TORCENAY,2,"ph,tds"
53019,BANNES,0.2,COSSE EN CHAMPAGNE,2,"ph,tds"
53026,BEAULIEU-SUR-OUDON,0.2824,LOIRON,2,"ph,tds"
53030,BIGNON-DU-MAINE (LE),0.2,MAISONCELLES,2,"ph,tds"
53031,BIGOTTIERE (LA),0.6794,CHAILLAND,2,"ph,tds"
53033,BOISSIERE (LA),0.1998,LE CRAONNAIS SERVICE BAS,2,"ph,tds"
53035,BOUCHAMPS-LES-CRAON,0.1997,LE CRAONNAIS SERVICE BAS,2,"ph,tds"
53038,BOULAY-LES-IFS,0.8814,CHAMPFREMONT,2,"ph,tds"
53042,BRECE,0.3914,GORRON,2,"ph,tds"
53043,BREE,0.1273,MONTSURS,2,"ph,tds"
53053,CHAMPGENETEUX,0.751,BAIS,2,"ph,tds"
53058,CHAPELLE-CRAONNAISE (LA),0.4459,LA PLAINE,2,"ph,tds"
53063,CHATELAIN,0.7941,BIERNE,2,"ph,tds"
53068,CHERANCE,0.4461,LA PLAINE,2,"ph,tds"
53071,COLOMBIERS-DU-PLESSIS,0.9806,CARELLES,2,"ph,tds"
53075,COSMES,0.4466,LA PLAINE,2,"ph,tds"
53080,COUPTRAIN,0.6387,LES AVALOIRS,2,"ph,tds"
53087,CROPTE (LA),0.2,LA BAZOUGE,2,"ph,tds"
53088,CUILLE,0.5837,LIVRE LA TOUCHE,2,"ph,tds"
53091,DESERTINES,0.3026,VIEUVY,2,"ph,tds"
53098,FONTAINE-COUVERTE,0.5837,LIVRE LA TOUCHE,2,"ph,tds"
53104,GENNES-LONGUEFUYE,0.7944,BIERNE,2,"ph,tds"
53105,GESNES,0.1273,MONTSURS,2,"ph,tds"
53112,HAM (LE),0.6383,LE HORPS,2,"ph,tds"
53115,HERCE,0.9804,CARELLES,2,"ph,tds"
53117,HOUSSAY,0.4374,CC PAYS CHATEAU-GONTIER OUEST,2,"ph,tds"
53131,LESBOIS,0.3029,VIEUVY,2,"ph,tds"
53136,ROCHE-NEUVILLE (LA),0.4373,CC PAYS CHATEAU-GONTIER OUEST,2,"ph,tds"
53142,MADRE,0.6387,LES AVALOIRS,2,"ph,tds"
53145,MARIGNE-PEUTON,0.4374,CC PAYS CHATEAU-GONTIER OUEST,2,"ph,tds"
53148,MEE,0.4466,LA PLAINE,2,"ph,tds"
53151,MERAL,0.5837,LIVRE LA TOUCHE,2,"ph,tds"
53173,PALLU (LA),0.6387,LES AVALOIRS,2,"ph,tds"
53176,PAS (LE),0.3509,LA HAUTE VARENNE,2,"ph,tds"
53180,POMMERIEUX,0.4466,LA PLAINE,2,"ph,tds"
53189,RENNES-EN-GRENOUILLES,0.1993,LASSAY,2,"ph,tds"
53192,ROUAUDIERE (LA),0.2,LE CRAONNAIS SERVICE HAUT,2,"ph,tds"
53204,SAINT-CALAIS-DU-DESERT,0.6387,LES AVALOIRS,2,"ph,tds"
53210,SAINT-DENIS-D'ANJOU,0.7944,BIERNE,2,"ph,tds"
53212,SAINT-DENIS-DU-MAINE,0.2,LA BAZOUGE,2,"ph,tds"
53222,SAINT-GERMAIN-D'ANXURE,0.27,ALEXAIN - ST GERMAIN,2,"ph,tds"
53232,SAINT-LEGER,0.2,DISTRIBUTION DE LA CHEVROLIERE,2,"ph,tds"
53233,SAINT-LOUP-DU-DORAT,0.0491,BALLEE,2,"ph,tds"
53235,SAINTE-MARIE-DU-BOIS,0.2,LASSAY,2,"ph,tds"
53242,SAINT-MICHEL-DE-LA-ROE,0.5837,LIVRE LA TOUCHE,2,"ph,tds"
53250,SAINT-POIX,0.5837,LIVRE LA TOUCHE,2,"ph,tds"
53251,SAINT-QUENTIN-LES-ANGES,0.4466,LA PLAINE,2,"ph,tds"
53256,SAINT-THOMAS-DE-COURCERIERS,0.7513,BAIS,2,"ph,tds"
53258,SELLE-CRAONNAISE (LA),0.1999,LE CRAONNAIS SERVICE BAS,2,"ph,tds"
53259,SENONNES,0.2,LE CRAONNAIS SERVICE HAUT,2,"ph,tds"
53266,TRANS,0.7513,BAIS,2,"ph,tds"
54001,ABAUCOURT,0.2,RESEAU MOULIN,2,"ph,tds"
54004,AFFLEVILLE,0.2,SIE DE PIENNES (54),2,"ph,tds"
54005,AFFRACOURT,0.4283,MOSELLE,2,"ph,tds"
54015,ANDERNY,0.2,SIE D'AUDUN LE ROMAN,2,"ph,tds"
54018,ANOUX,0.2,SI DU CONTRAT RIVIERE WOIGOT,2,"ph,tds"
54020,ANTHELUPT,0.1346,SE EINVILLE AU JARD,2,"ph,tds"
54021,ARMAUCOURT,0.2,RESEAU MOULIN,2,"ph,tds"
54024,ARRAYE-ET-HAN,0.2,RESEAU MOULIN,2,"ph,tds"
54025,ART-SUR-MEURTHE,0.6673,METROPOLE DU GRAND NANCY,2,"ph,tds"
54033,AVILLERS,0.2,SIE DE PIENNES (54),2,"ph,tds"
54037,AZELOT,0.4335,RESEAU PLATEAU DU VERMOIS,2,"ph,tds"
54044,BARBAS,0.7347,SIE D'ANCERVILLER,2,"ph,tds"
54045,BARBONVILLE,0.2,EURON MORTAGNE I (54),2,"ph,tds"
54048,BAROCHES (LES),0.2,SI DU CONTRAT RIVIERE WOIGOT,2,"ph,tds"
54056,BAZAILLES,0.2,SIE DE MERCY LE BAS,2,"ph,tds"
54062,BENNEY,0.4283,MOSELLE,2,"ph,tds"
54069,BEUVILLERS,0.2,SIE D'AUDUN LE ROMAN,2,"ph,tds"
54070,BEY-SUR-SEILLE,0.2,RESEAU MOULIN,2,"ph,tds"
54072,BEZAUMONT,0.1908,RESEAU BOUCLE DE LOISY,2,"ph,tds"
54082,BONCOURT,0.2,RESEAU SOIRON SERVICE NORD,2,"ph,tds"
54083,BONVILLER,0.1346,SE EINVILLE AU JARD,2,"ph,tds"
54084,MONT-BONVILLERS,0.2,SIE D'AUDUN LE ROMAN,2,"ph,tds"
54093,BRAINVILLE,0.2,RESEAU SOIRON SERVICE SUD,2,"ph,tds"
54094,BRALLEVILLE,0.4283,MOSELLE,2,"ph,tds"
54100,BRIN-SUR-SEILLE,0.2,RESEAU MOULIN,2,"ph,tds"
54101,BROUVILLE,0.5459,MERVILLER,2,"ph,tds"
54106,BURES,0.0865,SIE DE BENAMONT,2,"ph,tds"
54107,BURIVILLE,0.5318,SIE D'HABLAINVILLE,2,"ph,tds"
54113,CHAMPENOUX,0.0523,C.C. DU GRAND COURONNE,2,"ph,tds"
54117,CHAOUILLEY,0.2,TRAMONT,2,"ph,tds"
54126,CHENICOURT,0.2,RESEAU MOULIN,2,"ph,tds"
54127,CHENIERES,0.2,SIE DE MEXY (SAUF BASLIEUX),2,"ph,tds"
54133,COINCOURT,0.0865,SIE DE BENAMONT,2,"ph,tds"
54141,COYVILLER,0.4335,RESEAU PLATEAU DU VERMOIS,2,"ph,tds"
54142,CRANTENOY,0.4283,MOSELLE,2,"ph,tds"
54144,CREVECHAMPS,0.4283,MOSELLE,2,"ph,tds"
54147,CRION,0.1346,SE EINVILLE AU JARD,2,"ph,tds"
54153,DAMPVITOUX,0.2,RESEAU SOIRON SERVICE SUD,2,"ph,tds"
54158,DOLCOURT,0.2,TRAMONT,2,"ph,tds"
54160,DOMEVRE-EN-HAYE,0.2,RESEAU EAU SOURCE DE VILCEY,2,"ph,tds"
54161,DOMEVRE-SUR-VEZOUZE,0.5885,S.I.E DE L'AULNOYE,2,"ph,tds"
54166,DOMMARTIN-LA-CHAUSSEE,0.2,RESEAU SOIRON SERVICE SUD,2,"ph,tds"
54168,DOMMARTIN-SOUS-AMANCE,0.0523,C.C. DU GRAND COURONNE,2,"ph,tds"
54169,DOMPRIX,0.2,SIE DE PIENNES (54),2,"ph,tds"
54171,DONCOURT-LES-CONFLANS,0.2,RESEAU SOIRON SERVICE NORD,2,"ph,tds"
54175,EINVAUX,0.2,EURON MORTAGNE I (54),2,"ph,tds"
54177,EMBERMENIL,0.2899,RESEAU FORAGE BENAMENIL,2,"ph,tds"
54179,EPLY,0.1908,RESEAU BOUCLE DE LOISY,2,"ph,tds"
54180,ERBEVILLER-SUR-AMEZULE,0.0523,C.C. DU GRAND COURONNE,2,"ph,tds"
54182,ESSEY-ET-MAIZERAIS,0.2,RESEAU EAU SOURCE DE VILCEY,2,"ph,tds"
54185,ETREVAL,0.2,TRAMONT,2,"ph,tds"
54186,EULMONT,0.0523,C.C. DU GRAND COURONNE,2,"ph,tds"
54187,EUVEZIN,0.2,RESEAU EAU SOURCE DE VILCEY,2,"ph,tds"
54193,FEY-EN-HAYE,0.2,RESEAU EAU SOURCE DE VILCEY,2,"ph,tds"
54198,FLEVILLE-LIXIERES,0.2,RESEAU SOIRON SERVICE NORD,2,"ph,tds"
54200,FLIREY,0.2,RESEAU EAU SOURCE DE VILCEY,2,"ph,tds"
54204,FORCELLES-SOUS-GUGNEY,0.2,FANONCOURT,2,"ph,tds"
54207,FRAISNES-EN-SAINTOIS,0.2,FANONCOURT,2,"ph,tds"
54209,FRANCONVILLE,0.2,EURON MORTAGNE I (54),2,"ph,tds"
54216,FROVILLE,0.2,EURON MORTAGNE I (54),2,"ph,tds"
54219,GELLENONCOURT,0.0523,C.C. DU GRAND COURONNE,2,"ph,tds"
54221,GERBECOURT-ET-HAPLEMONT,0.4283,MOSELLE,2,"ph,tds"
54227,GIRAUMONT,0.2,RESEAU SOIRON SERVICE NORD,2,"ph,tds"
54231,GONDRECOURT-AIX,0.2,SIE DE PIENNES (54),2,"ph,tds"
54233,GONDREXON,0.5885,S.I.E DE L'AULNOYE,2,"ph,tds"
54235,GOVILLER,0.2,TRAMONT,2,"ph,tds"
54244,HAGEVILLE,0.2,RESEAU SOIRON SERVICE SUD,2,"ph,tds"
54245,HAIGNEVILLE,0.2,EURON MORTAGNE I (54),2,"ph,tds"
54248,HAMONVILLE,0.2,RESEAU EAU SOURCE DE VILCEY,2,"ph,tds"
54249,HANNONVILLE-SUZEMONT,0.2,RESEAU SOIRON SERVICE SUD,2,"ph,tds"
54253,HATRIZE,0.2,RESEAU SOIRON SERVICE NORD,2,"ph,tds"
54258,HENAMENIL,0.0865,SIE DE BENAMONT,2,"ph,tds"
54259,HERBEVILLER,0.2899,RESEAU FORAGE BENAMENIL,2,"ph,tds"
54268,HOUSSEVILLE,0.4283,MOSELLE,2,"ph,tds"
54269,HUDIVILLER,0.1346,SE EINVILLE AU JARD,2,"ph,tds"
54277,JEANDELIZE,0.2,RESEAU SOIRON SERVICE NORD,2,"ph,tds"
54278,JEVONCOURT,0.4283,MOSELLE,2,"ph,tds"
54281,JOLIVET,0.1346,SE EINVILLE AU JARD,2,"ph,tds"
54283,JOUAVILLE,0.2,RESEAU SOIRON SERVICE NORD,2,"ph,tds"
54284,JOUDREVILLE,0.2,SIE DE PIENNES (54),2,"ph,tds"
54285,JUVRECOURT,0.0865,SIE DE BENAMONT,2,"ph,tds"
54286,LABRY,0.2,RESEAU SOIRON SERVICE NORD,2,"ph,tds"
54289,LAITRE-SOUS-AMANCE,0.0523,C.C. DU GRAND COURONNE,2,"ph,tds"
54292,LAMATH,0.2,EURON MORTAGNE I (54),2,"ph,tds"
54293,LANDECOURT,0.2,EURON MORTAGNE I (54),2,"ph,tds"
54296,LANEUVELOTTE,0.0523,C.C. DU GRAND COURONNE,2,"ph,tds"
54297,LANEUVEVILLE-AUX-BOIS,0.2899,RESEAU FORAGE BENAMENIL,2,"ph,tds"
54301,LANFROICOURT,0.2,RESEAU MOULIN,2,"ph,tds"
54302,LANTEFONTAINE,0.2,SI DU CONTRAT RIVIERE WOIGOT,2,"ph,tds"
54309,LEMAINVILLE,0.4283,MOSELLE,2,"ph,tds"
54310,LEMENIL-MITRY,0.4283,MOSELLE,2,"ph,tds"
54313,LETRICOURT,0.2,RESEAU MOULIN,2,"ph,tds"
54316,LIMEY-REMENAUVILLE,0.2,RESEAU EAU SOURCE DE VILCEY,2,"ph,tds"
54317,LIRONVILLE,0.2,RESEAU EAU SOURCE DE VILCEY,2,"ph,tds"
54324,LOREY,0.2,EURON MORTAGNE I (54),2,"ph,tds"
54325,LOROMONTZEY,0.2,EURON MORTAGNE I (54),2,"ph,tds"
54326,LUBEY,0.2,SI DU CONTRAT RIVIERE WOIGOT,2,"ph,tds"
54330,LUPCOURT,0.4335,RESEAU PLATEAU DU VERMOIS,2,"ph,tds"
54331,MAGNIERES,0.2,EURON MORTAGNE II (54),2,"ph,tds"
54334,MAIRY-MAINVILLE,0.2,SIE DE PIENNES (54),2,"ph,tds"
54340,MAMEY,0.2,RESEAU EAU SOURCE DE VILCEY,2,"ph,tds"
54343,MANDRES-AUX-QUATRE-TOURS,0.2,RESEAU EAU SOURCE DE VILCEY,2,"ph,tds"
54344,MANGONVILLE,0.4283,MOSELLE,2,"ph,tds"
54348,MANONVILLE,0.2,RESEAU EAU SOURCE DE VILCEY,2,"ph,tds"
54349,MANONVILLER,0.2828,,2,"ph,tds"
54356,MATTEXEY,0.2,EURON MORTAGNE II (54),2,"ph,tds"
54358,MAZERULLES,0.0523,C.C. DU GRAND COURONNE,2,"ph,tds"
54368,MIGNEVILLE,0.7347,SIE D'ANCERVILLER,2,"ph,tds"
54370,MINORVILLE,0.2,RESEAU EAU SOURCE DE VILCEY,2,"ph,tds"
54372,MOIVRONS,0.2,RESEAU MOULIN,2,"ph,tds"
54374,MONCEL-SUR-SEILLE,0.0523,C.C. DU GRAND COURONNE,2,"ph,tds"
54381,MONTREUX,0.7347,SIE D'ANCERVILLER,2,"ph,tds"
54386,MORIVILLER,0.2,EURON MORTAGNE I (54),2,"ph,tds"
54387,MORVILLE-SUR-SEILLE,0.2,SIE D'ATTON,2,"ph,tds"
54393,MOYEN,0.2,EURON MORTAGNE II (54),2,"ph,tds"
54394,MURVILLE,0.2,SIE D'AUDUN LE ROMAN,2,"ph,tds"
54399,NEUVILLER-SUR-MOSELLE,0.4283,MOSELLE,2,"ph,tds"
54401,NONHIGNY,0.7347,SIE D'ANCERVILLER,2,"ph,tds"
54404,NOVIANT-AUX-PRES,0.2,RESEAU EAU SOURCE DE VILCEY,2,"ph,tds"
54406,OGEVILLER,0.2899,RESEAU FORAGE BENAMENIL,2,"ph,tds"
54407,OGNEVILLE,0.2,GUEULARD,2,"ph,tds"
54408,OLLEY,0.2,RESEAU SOIRON SERVICE NORD,2,"ph,tds"
54413,OZERAILLES,0.2,RESEAU SOIRON SERVICE NORD,2,"ph,tds"
54416,PANNES,0.2,RESEAU EAU SOURCE DE VILCEY,2,"ph,tds"
54418,PARROY,0.0865,SIE DE BENAMONT,2,"ph,tds"
54422,PETTONVILLE,0.5318,SIE D'HABLAINVILLE,2,"ph,tds"
54429,PIERREVILLE,0.2532,MELANGE MOSELLE-TRAMONT,2,"ph,tds"
54433,PORT-SUR-SEILLE,0.1908,RESEAU BOUCLE DE LOISY,2,"ph,tds"
54434,PRAYE,0.2,TRAMONT,2,"ph,tds"
54436,PREUTIN-HIGNY,0.2,SIE DE MERCY LE HAUT,2,"ph,tds"
54437,PULLIGNY,0.2532,MELANGE MOSELLE-TRAMONT,2,"ph,tds"
54440,PUXE,0.2,RESEAU SOIRON SERVICE NORD,2,"ph,tds"
54442,QUEVILLONCOURT,0.2,TRAMONT,2,"ph,tds"
54445,RAVILLE-SUR-SANON,0.1346,SE EINVILLE AU JARD,2,"ph,tds"
54447,RECLONVILLE,0.5318,SIE D'HABLAINVILLE,2,"ph,tds"
54450,REHERREY,0.5318,SIE D'HABLAINVILLE,2,"ph,tds"
54452,REILLON,0.5885,S.I.E DE L'AULNOYE,2,"ph,tds"
54453,REMBERCOURT-SUR-MAD,0.2,RESEAU SOIRON SERVICE SUD,2,"ph,tds"
54455,REMENOVILLE,0.2,EURON MORTAGNE II (54),2,"ph,tds"
54456,REMEREVILLE,0.0523,C.C. DU GRAND COURONNE,2,"ph,tds"
54458,REPAIX,0.5885,S.I.E DE L'AULNOYE,2,"ph,tds"
54464,ROUVES,0.1908,RESEAU BOUCLE DE LOISY,2,"ph,tds"
54467,ROZELIEURES,0.2,EURON MORTAGNE I (54),2,"ph,tds"
54468,SAFFAIS,0.4335,RESEAU PLATEAU DU VERMOIS,2,"ph,tds"
54469,SAINT-AIL,0.2,RESEAU SOIRON SERVICE NORD,2,"ph,tds"
54470,SAINT-BAUSSANT,0.2,RESEAU EAU SOURCE DE VILCEY,2,"ph,tds"
54471,SAINT-BOINGT,0.1827,EURON MORTAGNE I (54),2,"ph,tds"
54473,SAINT-FIRMIN,0.4283,MOSELLE,2,"ph,tds"
54478,SAINT-MARCEL,0.2,RESEAU SOIRON SERVICE NORD,2,"ph,tds"
54479,SAINT-MARD,0.2,EURON MORTAGNE I (54),2,"ph,tds"
54480,SAINT-MARTIN,0.5885,S.I.E DE L'AULNOYE,2,"ph,tds"
54481,SAINT-MAURICE-AUX-FORGES,0.7347,SIE D'ANCERVILLER,2,"ph,tds"
54489,SAINT-SUPPLET,0.2,SIE DE PIENNES (54),2,"ph,tds"
54491,SANCY,0.2,RÉSEAUX TRIEUX SANCY TUCQUEGNIEUX,2,"ph,tds"
54499,SEICHEPREY,0.2,RESEAU EAU SOURCE DE VILCEY,2,"ph,tds"
54501,SERANVILLE,0.2,EURON MORTAGNE II (54),2,"ph,tds"
54502,SERRES,0.0865,SIE DE BENAMONT,2,"ph,tds"
54511,SPONVILLE,0.2,RESEAU SOIRON SERVICE SUD,2,"ph,tds"
54513,TANTONVILLE,0.4283,MOSELLE,2,"ph,tds"
54517,THEZEY-SAINT-MARTIN,0.2,RESEAU MOULIN,2,"ph,tds"
54524,THUMEREVILLE,0.2,RESEAU SOIRON SERVICE NORD,2,"ph,tds"
54541,VALHEY,0.0865,SIE DE BENAMONT,2,"ph,tds"
54543,VALLOIS,0.2,EURON MORTAGNE II (54),2,"ph,tds"
54551,VAUCOURT,0.299,RESEAU MELANGE AULNOYE,2,"ph,tds"
54553,VAUDEVILLE,0.4283,MOSELLE,2,"ph,tds"
54554,VAUDIGNY,0.4283,MOSELLE,2,"ph,tds"
54555,VAXAINVILLE,0.5318,SIE D'HABLAINVILLE,2,"ph,tds"
54556,VEHO,0.5885,S.I.E DE L'AULNOYE,2,"ph,tds"
54561,VENNEZEY,0.2,EURON MORTAGNE II (54),2,"ph,tds"
54562,VERDENAL,0.5885,S.I.E DE L'AULNOYE,2,"ph,tds"
54564,VIEVILLE-EN-HAYE,0.2,RESEAU EAU SOURCE DE VILCEY,2,"ph,tds"
54567,VILLACOURT,0.2,EURON MORTAGNE I (54),2,"ph,tds"
54571,VILLE-EN-VERMOIS,0.4335,RESEAU PLATEAU DU VERMOIS,2,"ph,tds"
54577,VILLERS-LES-MOIVRONS,0.2,RESEAU MOULIN,2,"ph,tds"
54581,VILLE-SUR-YRON,0.2,RESEAU SOIRON SERVICE SUD,2,"ph,tds"
54589,VITTONVILLE,0.1214,SIEA CHAMPEY VITTONVILLE,2,"ph,tds"
54592,VRONCOURT,0.2,TRAMONT,2,"ph,tds"
54593,WAVILLE,0.2,RESEAU SOIRON SERVICE SUD,2,"ph,tds"
54597,XIROCOURT,0.4283,MOSELLE,2,"ph,tds"
54599,XONVILLE,0.2,RESEAU SOIRON SERVICE SUD,2,"ph,tds"
54600,XOUSSE,0.299,RESEAU MELANGE AULNOYE,2,"ph,tds"
54601,XURES,0.0865,SIE DE BENAMONT,2,"ph,tds"
55004,AINCREVILLE,0.2,RESEAU FORAGE BEZINVILLERS,2,"ph,tds"
55009,ANCEMONT,0.2,UD NORD PLAINE DE LA WOEVRE / VAL DE MEUSE,2,"ph,tds"
55015,AULNOIS-EN-PERTHOIS,0.2,RESEAU SOURCE RUPT-AUX-NONAINS,2,"ph,tds"
55017,AUTRECOURT-SUR-AIRE,0.2,RESEAU COURCELLES-RAMBLUZIN,2,"ph,tds"
55028,BANTHEVILLE,0.2,RESEAU FORAGE BEZINVILLERS,2,"ph,tds"
55031,BAUDONVILLIERS,0.2,RESEAU SOURCE RUPT-AUX-NONAINS,2,"ph,tds"
55035,BAZINCOURT-SUR-SAULX,0.2,RESEAU SOURCE RUPT-AUX-NONAINS,2,"ph,tds"
55036,BEAUCLAIR,0.2,SIAEP DE LA REGION DE BEAUCLAIR,2,"ph,tds"
55037,BEAUFORT-EN-ARGONNE,0.2,SIAEP DE LA REGION DE BEAUCLAIR,2,"ph,tds"
55038,BEAULIEU-EN-ARGONNE,0.2,RESEAU COURCELLES-RAMBLUZIN,2,"ph,tds"
55044,BELRAIN,0.2,RESEAU FORAGES DE COURCELLES,2,"ph,tds"
55046,BENEY-EN-WOEVRE,0.2,SIAEP DU TREY-ST JEAN (55),2,"ph,tds"
55054,BISLEE,0.2,SIAEP HAN-BISLEE-KOEUR PETITE,2,"ph,tds"
55057,BOINVILLE-EN-WOEVRE,0.2,UD NORD PLAINE DE LA WOEVRE / VAL DE MEUSE,2,"ph,tds"
55075,BRAUVILLIERS,0.2,RESEAU SOURCE RUPT-AUX-NONAINS,2,"ph,tds"
55081,BRIZEAUX,0.2,RESEAU COURCELLES-RAMBLUZIN,2,"ph,tds"
55103,CHARPENTRY,0.2,,2,"ph,tds"
55108,CHAUMONT-SUR-AIRE,0.2,RESEAU FORAGES DE COURCELLES,2,"ph,tds"
55115,CIERGES-SOUS-MONTFAUCON,0.2,RESEAU FORAGE DES AVIS,2,"ph,tds"
55118,CLERY-LE-GRAND,0.2,RESEAU FORAGE BEZINVILLERS,2,"ph,tds"
55128,COURCELLES-SUR-AIRE,0.2,RESEAU FORAGES DE COURCELLES,2,"ph,tds"
55129,COUROUVRE,0.2,RESEAU FORAGES DE RAMBLUZIN,2,"ph,tds"
55144,DAMMARIE-SUR-SAULX,0.2,RESEAU SOURCE RUPT-AUX-NONAINS,2,"ph,tds"
55149,DELUT,0.2,RESEAU SOURCE FONDS DE VAUX,2,"ph,tds"
55156,DOMBRAS,0.2,RESEAU SOURCE FONDS DE VAUX,2,"ph,tds"
55160,DOMPIERRE-AUX-BOIS,0.2,,2,"ph,tds"
55162,DOMREMY-LA-CANNE,0.2,RESEAU SOURCE BRASSERIE N°2 (55),2,"ph,tds"
55163,DONCOURT-AUX-TEMPLIERS,0.2,UD NORD PLAINE DE LA WOEVRE / VAL DE MEUSE,2,"ph,tds"
55174,EPINONVILLE,0.2,RESEAU FORAGE DES AVIS,2,"ph,tds"
55175,ERIZE-LA-BRULEE,0.2,RESEAU FORAGES DE COURCELLES,2,"ph,tds"
55178,ERIZE-SAINT-DIZIER,0.2,RESEAU FORAGES DE COURCELLES,2,"ph,tds"
55191,FOAMEIX-ORNEL,0.2,SIAEP GINCREY-MAUCOURT,2,"ph,tds"
55194,FOUCAUCOURT-SUR-THABAS,0.2,RESEAU COURCELLES-RAMBLUZIN,2,"ph,tds"
55200,FROMEREVILLE-LES-VALLONS,0.2,SIAEP DE SIVRY LA PERCHE,2,"ph,tds"
55206,GERCOURT-ET-DRILLANCOURT,0.2,RESEAU BRANCHE SUD,2,"ph,tds"
55210,GIMECOURT,0.2,SIAEP DE VILLOTTE SUR AIRE,2,"ph,tds"
55211,GINCREY,0.2,SIAEP GINCREY-MAUCOURT,2,"ph,tds"
55212,GIRAUVOISIN,0.2,UD SUD PLAINE DE LA WOEVRE,2,"ph,tds"
55216,GOURAINCOURT,0.2,RESEAU SOURCE BRASSERIE N°2 (55),2,"ph,tds"
55219,GRIMAUCOURT-EN-WOEVRE,0.2,SIAEP REGION D'HERMEVILLE,2,"ph,tds"
55225,HALLES-SOUS-LES-COTES,0.2,,2,"ph,tds"
55232,HARVILLE,0.2,UD NORD PLAINE DE LA WOEVRE / VAL DE MEUSE,2,"ph,tds"
55241,HEIPPES,0.2,RESEAU FORAGES DE RAMBLUZIN,2,"ph,tds"
55245,HEUDICOURT-SOUS-LES-COTES,0.2,UD SUD PLAINE DE LA WOEVRE,2,"ph,tds"
55251,IPPECOURT,0.2,RESEAU FORAGES DE RAMBLUZIN,2,"ph,tds"
55254,TROIS-DOMAINES (LES),0.2,RESEAU FORAGES DE RAMBLUZIN,2,"ph,tds"
55255,JAMETZ,0.2,RESEAU SOURCE FONDS DE VAUX,2,"ph,tds"
55256,JONVILLE-EN-WOEVRE,0.2,UD NORD PLAINE DE LA WOEVRE / VAL DE MEUSE,2,"ph,tds"
55258,GEVILLE,0.2,UD SUD PLAINE DE LA WOEVRE,2,"ph,tds"
55260,JULVECOURT,0.2,RESEAU FORAGES DE RAMBLUZIN,2,"ph,tds"
55261,JUVIGNY-EN-PERTHOIS,0.2,RESEAU SOURCE RUPT-AUX-NONAINS,2,"ph,tds"
55270,LAHAYVILLE,0.2,SIAEP DU TREY-ST JEAN (55),2,"ph,tds"
55280,LANHERES,0.1937,RESEAU SOURCE BRASSERIE N°2 (55),2,"ph,tds"
55284,LAVINCOURT,0.2,RESEAU SOURCE RUPT-AUX-NONAINS,2,"ph,tds"
55285,LAVOYE,0.2,RESEAU COURCELLES-RAMBLUZIN,2,"ph,tds"
55295,LISLE-EN-BARROIS,0.2,RESEAU FORAGES DE LAIMONT,2,"ph,tds"
55299,LOISON,0.2,RESEAU DU FORAGE DE ST LAURENT,2,"ph,tds"
55300,LONGEAUX,0.2,RESEAU DARFEUIL-SCE NANTOIS,2,"ph,tds"
55315,MANDRES-EN-BARROIS,0.2,SIAEP DE LA REGION D'ECHENAY,2,"ph,tds"
55316,MANGIENNES,0.2,RESEAU DU FORAGE DE ST LAURENT,2,"ph,tds"
55317,MANHEULLES,0.2,UD NORD PLAINE DE LA WOEVRE / VAL DE MEUSE,2,"ph,tds"
55325,MAUCOURT-SUR-ORNE,0.2,SIAEP GINCREY-MAUCOURT,2,"ph,tds"
55331,MELIGNY-LE-PETIT,0.2,SIAEP DE LA SOURCE GODION,2,"ph,tds"
55332,MENAUCOURT,0.2,RESEAU DARFEUIL-SCE NANTOIS,2,"ph,tds"
55336,MERLES-SUR-LOISON,0.2,RESEAU SOURCE FONDS DE VAUX,2,"ph,tds"
55339,MOGEVILLE,0.2,SIAEP GINCREY-MAUCOURT,2,"ph,tds"
55346,MONTFAUCON-D'ARGONNE,0.2,RESEAU FORAGES DE CUISY,2,"ph,tds"
55352,MONTPLONNE,0.2,RESEAU SOURCE RUPT-AUX-NONAINS,2,"ph,tds"
55353,MONTSEC,0.2,UD SUD PLAINE DE LA WOEVRE,2,"ph,tds"
55357,MORGEMOULIN,0.2,SIAEP GINCREY-MAUCOURT,2,"ph,tds"
55363,MOULOTTE,0.2,UD NORD PLAINE DE LA WOEVRE / VAL DE MEUSE,2,"ph,tds"
55367,MUZERAY,0.2,RESEAU DU FORAGE DE ST LAURENT,2,"ph,tds"
55368,NAIVES-EN-BLOIS,0.2,SIAEP DE LA SOURCE GODION,2,"ph,tds"
55371,NANCOIS-LE-GRAND,0.2,SIAEP DE LA SOURCE GODION,2,"ph,tds"
55375,NANTILLOIS,0.2,RESEAU FORAGES DE CUISY,2,"ph,tds"
55379,NEUFOUR (LE),0.1948,,2,"ph,tds"
55381,NEUVILLE-LES-VAUCOULEURS,0.2,SIAEP SAINTE LIBAIRE,2,"ph,tds"
55382,NEUVILLE-SUR-ORNAIN,0.2,,2,"ph,tds"
55385,NIXEVILLE-BLERCOURT,0.2,SIAEP DE SIVRY LA PERCHE,2,"ph,tds"
55387,NOUILLONPONT,0.2,RESEAU DU FORAGE DE ST LAURENT,2,"ph,tds"
55395,OSCHES,0.2,,2,"ph,tds"
55399,PAREID,0.2,UD NORD PLAINE DE LA WOEVRE / VAL DE MEUSE,2,"ph,tds"
55406,PINTHEVILLE,0.2,UD NORD PLAINE DE LA WOEVRE / VAL DE MEUSE,2,"ph,tds"
55409,PRETZ-EN-ARGONNE,0.2,RESEAU COURCELLES-RAMBLUZIN,2,"ph,tds"
55411,RAMBLUZIN-ET-BENOITE-VAUX,0.2,RESEAU FORAGES DE RAMBLUZIN,2,"ph,tds"
55426,RESSON,0.2,BEL AIR,2,"ph,tds"
55429,RIAVILLE,0.2,UD NORD PLAINE DE LA WOEVRE / VAL DE MEUSE,2,"ph,tds"
55439,RONVAUX,0.2,UD NORD PLAINE DE LA WOEVRE / VAL DE MEUSE,2,"ph,tds"
55442,RAIVAL,0.2,RESEAU FORAGES DE COURCELLES,2,"ph,tds"
55445,ROUVROIS-SUR-OTHAIN,0.2,RESEAU DU FORAGE DE ST LAURENT,2,"ph,tds"
55447,RUPT-AUX-NONAINS,0.2,,2,"ph,tds"
55453,SAINT-ANDRE-EN-BARROIS,0.2,RESEAU FORAGES DE RAMBLUZIN,2,"ph,tds"
55454,SAINT-AUBIN-SUR-AIRE,0.2,SIAEP DE LA SOURCE GODION,2,"ph,tds"
55477,SAVONNIERES-EN-PERTHOIS,0.2,RESEAU SOURCE RUPT-AUX-NONAINS,2,"ph,tds"
55479,SEIGNEULLES,0.2,RESEAU FORAGES DE COURCELLES,2,"ph,tds"
55488,SILMONT,0.2,RESEAU FGE LONGEVILLE NORD,2,"ph,tds"
55493,SOMMEILLES,0.2,RESEAU FORAGES DE LAIMONT,2,"ph,tds"
55494,SOMMELONNE,0.2,RESEAU SOURCE RUPT-AUX-NONAINS,2,"ph,tds"
55497,SOUHESMES-RAMPONT (LES),0.2,SIAEP DE SIVRY LA PERCHE,2,"ph,tds"
55498,SOUILLY,0.1992,,2,"ph,tds"
55501,STAINVILLE,0.2,RESEAU SOURCE RUPT-AUX-NONAINS,2,"ph,tds"
55512,TILLY-SUR-MEUSE,0.2,UD NORD PLAINE DE LA WOEVRE / VAL DE MEUSE,2,"ph,tds"
55515,TRESAUVAUX,0.2,,2,"ph,tds"
55521,TROYON,0.2,UD NORD PLAINE DE LA WOEVRE / VAL DE MEUSE,2,"ph,tds"
55523,VACHERAUVILLE,0.2,RESEAU LA FORESTIERE,2,"ph,tds"
55525,VADELAINCOURT,0.2,,2,"ph,tds"
55532,VAUBECOURT,0.2,RESEAU COURCELLES-RAMBLUZIN,2,"ph,tds"
55534,VAUDEVILLE-LE-HAUT,0.2,SIVOM DU SR3V,2,"ph,tds"
55535,VAUDONCOURT,0.2,RESEAU DU FORAGE DE ST LAURENT,2,"ph,tds"
55560,VILLERS-AUX-VENTS,0.2,RESEAU FORAGES DE LAIMONT,2,"ph,tds"
55562,VILLERS-LE-SEC,0.2,HEVILLIERS-COUVERTPUIS-VILLERS LE SEC,2,"ph,tds"
55563,VILLERS-LES-MANGIENNES,0.2,RESEAU SOURCE FONDS DE VAUX,2,"ph,tds"
55565,VILLERS-SOUS-PAREID,0.2,SIAEP DU SOIRON (55),2,"ph,tds"
55566,VILLERS-SUR-MEUSE,0.2,UD NORD PLAINE DE LA WOEVRE / VAL DE MEUSE,2,"ph,tds"
55567,VILLE-SUR-COUSANCES,0.2,RESEAU FORAGES DE RAMBLUZIN,2,"ph,tds"
55574,VOUTHON-BAS,0.2,SIVOM DU SR3V,2,"ph,tds"
55581,WILLERONCOURT,0.2,SIAEP DE LA SOURCE GODION,2,"ph,tds"
55583,WOEL,0.2,UD NORD PLAINE DE LA WOEVRE / VAL DE MEUSE,2,"ph,tds"
56013,BELZ,0.5868,AURAY-QUIBERON,2,"ph,tds"
56019,BILLIO,0.616,ST JEAN BREVELAY,2,"ph,tds"
56020,BOHAL,0.5495,BASSE VALLEE DE L'OUST,2,"ph,tds"
56027,BULEON,0.5578,BIGNAN-BULEON,2,"ph,tds"
56035,CARO,0.5466,BASSE VALLEE DE L'OUST,2,"ph,tds"
56048,CROISTY (LE),0.4684,BERNE-PRIZIAC,2,"ph,tds"
56050,CROIX-HELLEAN (LA),0.592,JOSSELIN,2,"ph,tds"
56055,ETEL,0.5817,AURAY-QUIBERON,2,"ph,tds"
56068,GREE-SAINT-LAURENT (LA),0.6261,LANOUEE,2,"ph,tds"
56077,GUERNO (LE),0.4408,QUESTEMBERT SUD,2,"ph,tds"
56079,GUILLAC,0.5912,JOSSELIN,2,"ph,tds"
56080,GUILLIERS,0.5942,PLOERMEL,2,"ph,tds"
56082,HELLEAN,0.5687,JOSSELIN,2,"ph,tds"
56087,ILE-AUX-MOINES,0.6973,VANNES OUEST,2,"ph,tds"
56088,ILE-D'ARZ,0.7004,VANNES OUEST,2,"ph,tds"
56093,KERGRIST,0.702,NOYAL-PONTIVY - CLEGUEREC,2,"ph,tds"
56099,LANGOELAN,0.5436,SCORFF AMONT,2,"ph,tds"
56103,LANTILLAC,0.5641,BIGNAN-BULEON,2,"ph,tds"
56106,LARMOR-BADEN,0.6782,VANNES OUEST,2,"ph,tds"
56108,LARRE,0.7642,QUESTEMBERT OUEST,2,"ph,tds"
56110,LIGNOL,0.5193,SCORFF AMONT,2,"ph,tds"
56119,LOCOAL-MENDON,0.5654,AURAY-QUIBERON,2,"ph,tds"
56122,LOYAT,0.5877,PLOERMEL,2,"ph,tds"
56134,MOHON,0.5848,PLOERMEL,2,"ph,tds"
56167,PLOUGOUMELEN,0.6766,VANNES OUEST,2,"ph,tds"
56168,PLOUHARNEL,0.5706,AURAY-QUIBERON,2,"ph,tds"
56203,SAINT-AIGNAN,0.698,NOYAL-PONTIVY - CLEGUEREC,2,"ph,tds"
56207,SAINT-BARTHELEMY,0.8157,BAUD,2,"ph,tds"
56209,SAINTE-BRIGITTE,0.7055,SILFIAC,2,"ph,tds"
56210,SAINT-CARADEC-TREGOMEL,0.4632,BERNE-PRIZIAC,2,"ph,tds"
56224,SAINT-LAURENT-SUR-OUST,0.5372,BASSE VALLEE DE L'OUST,2,"ph,tds"
56225,SAINT-LERY,0.8234,MAURON,2,"ph,tds"
56227,SAINT-MALO-DES-TROIS-FONTAINES,0.5591,PLOERMEL,2,"ph,tds"
56228,SAINT-MARCEL,0.5515,BASSE VALLEE DE L'OUST,2,"ph,tds"
56234,SAINT-PIERRE-QUIBERON,0.5705,AURAY-QUIBERON,2,"ph,tds"
56241,SAUZON,0.596,BELLE-ILE,2,"ph,tds"
56249,TAUPONT,0.5861,PLOERMEL,2,"ph,tds"
56250,THEHILLAC,0.4562,LA ROCHE BERNARD,2,"ph,tds"
56256,TREHORENTEUC,0.5795,MAURON SUD,2,"ph,tds"
56264,KERNASCLEDEN,0.5106,BERNE-PRIZIAC,2,"ph,tds"
57007,ADAINCOURT,0.0422,CHENOIS,2,"ph,tds"
57009,AJONCOURT,0.2,SEILLE ET MOSELLE S.I.E (57),2,"ph,tds"
57010,ALAINCOURT-LA-COTE,0.165,SEBVF 2,2,"ph,tds"
57011,ALBESTROFF,0.371,RODALBE 1,2,"ph,tds"
57018,AMELECOURT,0.3494,CHATEAU-SALINS,2,"ph,tds"
57020,ANCERVILLE,0.165,SEBVF 2,2,"ph,tds"
57025,ANZELING,0.1918,BOULAY,2,"ph,tds"
57031,ARS-LAQUENEXY,0.2,SERM 1,2,"ph,tds"
57035,ASSENONCOURT,0.5298,LANGUIMBERG,2,"ph,tds"
57037,AUBE,0.165,SEBVF 2,2,"ph,tds"
57040,AULNOIS-SUR-SEILLE,0.165,SEBVF 2,2,"ph,tds"
57043,AY-SUR-MOSELLE,0.2,SERM 2,2,"ph,tds"
57048,BANNAY,0.2965,SEBVF 3,2,"ph,tds"
57052,BARST,0.1767,BARST,2,"ph,tds"
57054,BAUDRECOURT,0.0422,CHENOIS,2,"ph,tds"
57055,BAZONCOURT,0.165,SEBVF 2,2,"ph,tds"
57057,BECHY,0.165,SEBVF 2,2,"ph,tds"
57059,BELLANGE,0.3494,CHATEAU-SALINS,2,"ph,tds"
57067,BERTRANGE,0.147,,2,"ph,tds"
57070,BETTANGE,0.1918,BOULAY,2,"ph,tds"
57075,BEUX,0.2,VERNY LA LOBE,2,"ph,tds"
57076,BEYREN-LES-SIERCK,0.2,PUTTELANGE-RODEMACK,2,"ph,tds"
57079,BIBICHE,0.2,BOUZONVILLE,2,"ph,tds"
57085,BIONVILLE-SUR-NIED,0.2965,SEBVF 3,2,"ph,tds"
57090,BLANCHE-EGLISE,0.2,MULCEY-SAINT-MEDARD,2,"ph,tds"
57095,BOUCHEPORN,0.1918,BOULAY,2,"ph,tds"
57096,BOULANGE,0.2,FONTOY 1,2,"ph,tds"
57098,BOURGALTROFF,0.2,VERGAVILLE,2,"ph,tds"
57099,BOURDONNAY,0.5298,LANGUIMBERG,2,"ph,tds"
57110,BRETTNACH,0.2,BOUZONVILLE,2,"ph,tds"
57112,BROUCK,0.1918,BOULAY,2,"ph,tds"
57115,BRULANGE,0.165,SEBVF 2,2,"ph,tds"
57116,BUCHY,0.2,VERNY LA LOBE,2,"ph,tds"
57118,BUDLING,0.2,OUDRENNE 1,2,"ph,tds"
57120,BURLIONCOURT,0.3494,CHATEAU-SALINS,2,"ph,tds"
57125,CHAILLY-LES-ENNERY,0.2,EST-THIONVILLOIS 1,2,"ph,tds"
57127,CHANVILLE,0.165,SEBVF 2,2,"ph,tds"
57131,CHATEAU-ROUGE,0.2,BOUZONVILLE,2,"ph,tds"
57133,CHATEAU-VOUE,0.371,RODALBE 1,2,"ph,tds"
57136,CHEMERY-LES-DEUX,0.1918,BOULAY,2,"ph,tds"
57139,CHERISEY,0.2,VERNY MERCY,2,"ph,tds"
57144,COCHEREN,0.1995,WINBORN,2,"ph,tds"
57147,COIN-SUR-SEILLE,0.2,VERNY MAGNY,2,"ph,tds"
57148,COLLIGNY-MAIZERY,0.165,SEBVF 2,2,"ph,tds"
57154,COUME,0.1918,,2,"ph,tds"
57161,CUTTING,0.7189,DOMNOM-LES-DIEUZE 1,2,"ph,tds"
57165,DALEM,0.2,BOUZONVILLE,2,"ph,tds"
57166,DALHAIN,0.3494,CHATEAU-SALINS,2,"ph,tds"
57167,DALSTEIN,0.1918,BOULAY,2,"ph,tds"
57173,DESSELING,0.5298,LANGUIMBERG,2,"ph,tds"
57174,DESTRY,0.2942,RODALBE 2,2,"ph,tds"
57178,DIFFEMBACH-LES-HELLIMER,0.1095,HELLIMER-FREMESTROFF,2,"ph,tds"
57180,DOLVING,0.6917,BERTHELMING 2,2,"ph,tds"
57186,EBERSVILLER,0.1918,BOULAY,2,"ph,tds"
57187,EBLANGE,0.1918,BOULAY,2,"ph,tds"
57189,EINCHEVILLE,0.2942,RODALBE 2,2,"ph,tds"
57190,ELVANGE,0.2965,SEBVF 3,2,"ph,tds"
57193,ENNERY,0.2,SERM 2,2,"ph,tds"
57195,EPPING,0.2,VOLMUNSTER,2,"ph,tds"
57198,ERSTROFF,0.1095,HELLIMER-FREMESTROFF,2,"ph,tds"
57200,ETANGS (LES),0.165,SEBVF 2,2,"ph,tds"
57201,ETTING,0.2,KALHAUSEN - ETTING,2,"ph,tds"
57204,FAILLY,0.2,SERM 1,2,"ph,tds"
57210,FENETRANGE,0.7196,BERTHELMING  1,2,"ph,tds"
57211,FEVES,0.2,PIERREVILLERS,2,"ph,tds"
57213,FILSTROFF,0.2,BOUZONVILLE,2,"ph,tds"
57214,FIXEM,0.1,CATTENOM,2,"ph,tds"
57215,FLASTROFF,0.2,BOUZONVILLE,2,"ph,tds"
57217,FLETRANGE,0.165,SEBVF 2,2,"ph,tds"
57220,FLOCOURT,0.2,VERNY LA LOBE,2,"ph,tds"
57222,FOLKLING,0.2,FORBACH 5 SUD,2,"ph,tds"
57229,FOULCREY,0.6544,LORQUIN-GONDREXANGE,2,"ph,tds"
57230,FOULIGNY,0.2938,SEBVF 3,2,"ph,tds"
57231,FOVILLE,0.165,SEBVF 2,2,"ph,tds"
57232,FRANCALTROFF,0.1095,HELLIMER-FREMESTROFF,2,"ph,tds"
57235,FREISTROFF,0.1918,BOULAY,2,"ph,tds"
57236,FREMERY,0.0422,CHENOIS,2,"ph,tds"
57237,FREMESTROFF,0.1095,HELLIMER-FREMESTROFF,2,"ph,tds"
57238,FRESNES-EN-SAULNOIS,0.3494,CHATEAU-SALINS,2,"ph,tds"
57239,FREYBOUSE,0.1095,HELLIMER-FREMESTROFF,2,"ph,tds"
57241,FRIBOURG,0.5298,LANGUIMBERG,2,"ph,tds"
57252,GOMELANGE,0.1918,BOULAY,2,"ph,tds"
57253,GONDREXANGE,0.6544,LORQUIN-GONDREXANGE,2,"ph,tds"
57255,GOSSELMING,0.6917,BERTHELMING 2,2,"ph,tds"
57256,GRAVELOTTE,0.2,PIERREVILLERS,2,"ph,tds"
57258,GRENING,0.1095,HELLIMER-FREMESTROFF,2,"ph,tds"
57262,GROSTENQUIN,0.2942,RODALBE 2,2,"ph,tds"
57268,GUEBLING,0.2,,2,"ph,tds"
57271,GUENVILLER,0.1767,BARST,2,"ph,tds"
57272,GUERMANGE,0.5298,LANGUIMBERG,2,"ph,tds"
57273,GUERSTLING,0.2,BOUZONVILLE,2,"ph,tds"
57275,GUESSLING-HEMERING,0.165,SEBVF 2,2,"ph,tds"
57276,GUINGLANGE,0.2965,SEBVF 3,2,"ph,tds"
57278,GUINZELING,0.7189,DOMNOM-LES-DIEUZE 1,2,"ph,tds"
57290,HAMPONT,0.3494,CHATEAU-SALINS,2,"ph,tds"
57292,HANNOCOURT,0.2,BACOURT,2,"ph,tds"
57293,HAN-SUR-NIED,0.0422,CHENOIS,2,"ph,tds"
57295,HARAUCOURT-SUR-SEILLE,0.2,,2,"ph,tds"
57296,HARGARTEN-AUX-MINES,0.1918,BOULAY,2,"ph,tds"
57297,HARPRICH,0.165,SEBVF 2,2,"ph,tds"
57299,HARTZVILLER,0.6544,LORQUIN-GONDREXANGE,2,"ph,tds"
57307,HAYES,0.2,SERM 1,2,"ph,tds"
57310,HELLERING-LES-FENETRANGE,0.8183,S.I.E DRULINGEN,2,"ph,tds"
57312,HELSTROFF,0.1918,BOULAY,2,"ph,tds"
57313,HEMILLY,0.2965,SEBVF 3,2,"ph,tds"
57314,HEMING,0.6544,LORQUIN-GONDREXANGE,2,"ph,tds"
57319,HERNY,0.2965,SEBVF 3,2,"ph,tds"
57320,HERTZING,0.6544,LORQUIN-GONDREXANGE,2,"ph,tds"
57322,HESTROFF,0.1918,BOULAY,2,"ph,tds"
57328,HOLACOURT,0.0422,CHENOIS,2,"ph,tds"
57329,HOLLING,0.1918,BOULAY,2,"ph,tds"
57331,HOMBOURG-BUDANGE,0.2,EST-THIONVILLOIS 1,2,"ph,tds"
57337,HOSTE,0.1767,BARST,2,"ph,tds"
57342,IBIGNY,0.6544,LORQUIN-GONDREXANGE,2,"ph,tds"
57345,INGLANGE,0.2,EST-THIONVILLOIS 2,2,"ph,tds"
57347,INSVILLER,0.7189,DOMNOM-LES-DIEUZE 1,2,"ph,tds"
57349,JALLAUCOURT,0.165,SEBVF 2,2,"ph,tds"
57352,JUSSY,0.2,PIERREVILLERS,2,"ph,tds"
57356,KANFEN,0.2,BRIQUERIE,2,"ph,tds"
57358,KEDANGE-SUR-CANNER,0.2,EST-THIONVILLOIS 1,2,"ph,tds"
57361,KERLING-LES-SIERCK,0.2,KIRSCHNAUMEN,2,"ph,tds"
57367,KLANG,0.2,EST-THIONVILLOIS 1,2,"ph,tds"
57368,KNUTANGE,0.2,FONTOY 1,2,"ph,tds"
57372,KUNTZIG,0.2,EST-THIONVILLOIS 2,2,"ph,tds"
57377,LANDANGE,0.6544,LORQUIN-GONDREXANGE,2,"ph,tds"
57379,LANDROFF,0.2942,RODALBE 2,2,"ph,tds"
57380,LANEUVEVILLE-LES-LORQUIN,0.6544,LORQUIN-GONDREXANGE,2,"ph,tds"
57383,LANGUIMBERG,0.5298,LANGUIMBERG,2,"ph,tds"
57384,LANING,0.1095,HELLIMER-FREMESTROFF,2,"ph,tds"
57385,LAQUENEXY,0.165,SEBVF 2,2,"ph,tds"
57387,LAUMESFELD,0.2,KIRSCHNAUMEN,2,"ph,tds"
57389,LELLING,0.165,SEBVF 2,2,"ph,tds"
57391,LEMONCOURT,0.165,SEBVF 2,2,"ph,tds"
57392,LEMUD,0.165,SEBVF 2,2,"ph,tds"
57393,LENGELSHEIM,0.2,VOLMUNSTER,2,"ph,tds"
57396,LESSY,0.2,PIERREVILLERS,2,"ph,tds"
57398,LEYVILLER,0.1095,HELLIMER-FREMESTROFF,2,"ph,tds"
57406,LIOCOURT,0.165,SEBVF 2,2,"ph,tds"
57409,LIXING-LES-SAINT-AVOLD,0.1095,HELLIMER-FREMESTROFF,2,"ph,tds"
57411,LOMMERANGE,0.2,FONTOY 1,2,"ph,tds"
57413,LONGEVILLE-LES-SAINT-AVOLD,0.165,SEBVF 2,2,"ph,tds"
57417,LOSTROFF,0.7189,DOMNOM-LES-DIEUZE 1,2,"ph,tds"
57418,LOUDREFING,0.7189,DOMNOM-LES-DIEUZE 1,2,"ph,tds"
57423,LUBECOURT,0.3494,CHATEAU-SALINS,2,"ph,tds"
57424,LUCY,0.0422,CHENOIS,2,"ph,tds"
57425,LUPPY,0.2,VERNY LA LOBE,2,"ph,tds"
57426,LUTTANGE,0.2,EST-THIONVILLOIS 1,2,"ph,tds"
57430,MAINVILLERS,0.2965,SEBVF 3,2,"ph,tds"
57431,MAIZEROY,0.165,SEBVF 2,2,"ph,tds"
57436,MALAUCOURT-SUR-SEILLE,0.165,SEBVF 2,2,"ph,tds"
57440,MANHOUE,0.165,SEBVF 2,2,"ph,tds"
57441,MANOM,0.2,BRIQUERIE,2,"ph,tds"
57442,MANY,0.2965,SEBVF 3,2,"ph,tds"
57443,MARANGE-SILVANGE,0.2,PIERREVILLERS,2,"ph,tds"
57444,MARANGE-ZONDRANGE,0.2965,SEBVF 3,2,"ph,tds"
57449,MARSILLY,0.2,SERM 1,2,"ph,tds"
57453,MAXSTADT,0.1095,HELLIMER-FREMESTROFF,2,"ph,tds"
57461,METAIRIES-SAINT-QUIRIN,0.6544,LORQUIN-GONDREXANGE,2,"ph,tds"
57464,METZERESCHE,0.2,EST-THIONVILLOIS 1,2,"ph,tds"
57465,METZERVISSE,0.1947,EST-THIONVILLOIS 2,2,"ph,tds"
57466,METZING,0.2,FORBACH 5 SUD,2,"ph,tds"
57470,MOLRING,0.7189,DOMNOM-LES-DIEUZE 1,2,"ph,tds"
57471,MOMERSTROFF,0.1918,BOULAY,2,"ph,tds"
57472,MONCHEUX,0.165,SEBVF 2,2,"ph,tds"
57476,MONNEREN,0.2,KIRSCHNAUMEN,2,"ph,tds"
57478,MONTDIDIER,0.371,RODALBE 1,2,"ph,tds"
57486,MORVILLE-SUR-NIED,0.2,BACOURT,2,"ph,tds"
57495,NARBEFONTAINE,0.1918,BOULAY,2,"ph,tds"
57496,NEBING,0.371,RODALBE 1,2,"ph,tds"
57497,NELLING,0.1095,HELLIMER-FREMESTROFF,2,"ph,tds"
57500,NEUFMOULINS,0.5304,,2,"ph,tds"
57501,NEUFVILLAGE,0.371,RODALBE 1,2,"ph,tds"
57504,NIDERHOFF,0.6544,LORQUIN-GONDREXANGE,2,"ph,tds"
57507,NIEDERVISSE,0.1918,BOULAY,2,"ph,tds"
57509,NITTING,0.6544,LORQUIN-GONDREXANGE,2,"ph,tds"
57511,NORROY-LE-VENEUR,0.2,PIERREVILLERS,2,"ph,tds"
57512,NOUILLY,0.2,SERM 1,2,"ph,tds"
57516,OBERDORFF,0.2,BOUZONVILLE,2,"ph,tds"
57518,OBERSTINZEL,0.7093,,2,"ph,tds"
57519,OBERVISSE,0.1918,BOULAY,2,"ph,tds"
57520,OBRECK,0.3494,CHATEAU-SALINS,2,"ph,tds"
57526,ORMERSVILLER,0.2,VOLMUNSTER,2,"ph,tds"
57527,ORNY,0.2,VERNY MERCY,2,"ph,tds"
57528,ORON,0.18,FONTENY-ORON,2,"ph,tds"
57530,OTTONVILLE,0.1918,BOULAY,2,"ph,tds"
57532,PAGNY-LES-GOIN,0.2,VERNY LA LOBE,2,"ph,tds"
57533,PANGE,0.165,SEBVF 2,2,"ph,tds"
57535,PETIT-REDERCHING,0.7255,S.E.A.BICKENALBE,2,"ph,tds"
57539,PEVANGE,0.371,RODALBE 1,2,"ph,tds"
57542,PIBLANGE,0.1918,BOULAY,2,"ph,tds"
57546,PLESNOIS,0.2,PIERREVILLERS,2,"ph,tds"
57547,POMMERIEUX,0.2,VERNY LA LOBE,2,"ph,tds"
57548,PONTOY,0.2,VERNY LA LOBE,2,"ph,tds"
57549,PONTPIERRE,0.165,SEBVF 2,2,"ph,tds"
57551,POSTROFF,0.8183,S.I.E DRULINGEN,2,"ph,tds"
57553,POURNOY-LA-CHETIVE,0.2,VERNY MAGNY,2,"ph,tds"
57554,POURNOY-LA-GRASSE,0.2,VERNY MERCY,2,"ph,tds"
57559,PUZIEUX,0.165,SEBVF 2,2,"ph,tds"
57560,RACRANGE,0.371,RODALBE 1,2,"ph,tds"
57563,RAVILLE,0.165,SEBVF 2,2,"ph,tds"
57569,REMELING,0.2,KIRSCHNAUMEN,2,"ph,tds"
57570,REMERING,0.2,BOUZONVILLE,2,"ph,tds"
57572,REMILLY,0.165,SEBVF 2,2,"ph,tds"
57573,RENING,0.1095,HELLIMER-FREMESTROFF,2,"ph,tds"
57575,RETONFEY,0.2,SERM 1,2,"ph,tds"
57578,REZONVILLE-VIONVILLE,0.2,PIERREVILLERS,2,"ph,tds"
57579,RHODES,0.5298,LANGUIMBERG,2,"ph,tds"
57580,RICHE,0.371,RODALBE 1,2,"ph,tds"
57586,ROCHONVILLERS,0.2,FONTOY 1,2,"ph,tds"
57593,RONCOURT,0.2,PIERREVILLERS,2,"ph,tds"
57595,RORBACH-LES-DIEUZE,0.7189,DOMNOM-LES-DIEUZE 1,2,"ph,tds"
57598,ROUHLING,0.2,GROSBLIEDERSTROFF-ROUHLING,2,"ph,tds"
57607,SAINTE-BARBE,0.2,SERM 1,2,"ph,tds"
57609,SAINT-EPVRE,0.0422,CHENOIS,2,"ph,tds"
57610,SAINT-FRANCOIS-LACROIX,0.2,BOUZONVILLE,2,"ph,tds"
57611,SAINT-GEORGES,0.6544,LORQUIN-GONDREXANGE,2,"ph,tds"
57616,SAINT-JULIEN-LES-METZ,0.2,SERM 2,2,"ph,tds"
57617,SAINT-JURE,0.2,VERNY LA LOBE,2,"ph,tds"
57620,SAINTE-MARIE-AUX-CHENES,0.1992,PIERREVILLERS,2,"ph,tds"
57624,SAINTE-RUFFINE,0.2,PIERREVILLERS,2,"ph,tds"
57627,SANRY-SUR-NIED,0.165,SEBVF 2,2,"ph,tds"
57643,SECOURT,0.2,VERNY LA LOBE,2,"ph,tds"
57649,SERVIGNY-LES-SAINTE-BARBE,0.2,SERM 1,2,"ph,tds"
57652,SILLEGNY,0.2,VERNY LA LOBE,2,"ph,tds"
57653,SILLY-EN-SAULNOIS,0.2,VERNY LA LOBE,2,"ph,tds"
57655,SOLGNE,0.2,VERNY LA LOBE,2,"ph,tds"
57656,SORBEY,0.165,SEBVF 2,2,"ph,tds"
57657,SOTZELING,0.371,RODALBE 1,2,"ph,tds"
57664,TARQUIMPOL,0.5298,LANGUIMBERG,2,"ph,tds"
57669,THEDING,0.2,FORBACH 5 SUD,2,"ph,tds"
57671,THIMONVILLE,0.2,VERNY LA LOBE,2,"ph,tds"
57673,THONVILLE,0.165,SEBVF 2,2,"ph,tds"
57674,TINCRY,0.2,BACOURT,2,"ph,tds"
57676,TRAGNY,0.2,VERNY LA LOBE,2,"ph,tds"
57678,TRESSANGE,0.2,FONTOY 1,2,"ph,tds"
57681,TROMBORN,0.2,BOUZONVILLE,2,"ph,tds"
57684,VAHL-EBERSING,0.1095,HELLIMER-FREMESTROFF,2,"ph,tds"
57685,VAHL-LES-BENESTROFF,0.371,RODALBE 1,2,"ph,tds"
57687,VALLERANGE,0.371,RODALBE 1,2,"ph,tds"
57692,VANNECOURT,0.3494,CHATEAU-SALINS,2,"ph,tds"
57693,VANTOUX,0.2,SERM 1,2,"ph,tds"
57695,VARIZE-VAUDONCOURT,0.165,SEBVF 2,2,"ph,tds"
57700,VAUDRECHING,0.2,BOUZONVILLE,2,"ph,tds"
57702,VAXY,0.3494,CHATEAU-SALINS,2,"ph,tds"
57705,VELVING,0.1918,BOULAY,2,"ph,tds"
57708,VERNY,0.2,VERNY LA LOBE,2,"ph,tds"
57717,VILLER,0.165,SEBVF 2,2,"ph,tds"
57718,VILLERS-STONCOURT,0.165,SEBVF 2,2,"ph,tds"
57719,VILLERS-SUR-NIED,0.3494,CHATEAU-SALINS,2,"ph,tds"
57723,VIRMING,0.371,RODALBE 1,2,"ph,tds"
57726,VITTONCOURT,0.0422,CHENOIS,2,"ph,tds"
57728,VOIMHAUT,0.0422,CHENOIS,2,"ph,tds"
57730,VOLMERANGE-LES-BOULAY,0.1918,BOULAY,2,"ph,tds"
57737,VULMONT,0.165,SEBVF 2,2,"ph,tds"
57739,WALDWEISTROFF,0.2,KIRSCHNAUMEN,2,"ph,tds"
57740,WALDWISSE,0.2,MEINSBERG 1,2,"ph,tds"
57749,VOELFLING-LES-BOUZONVILLE,0.2,BOUZONVILLE,2,"ph,tds"
57753,WUISSE,0.371,RODALBE 1,2,"ph,tds"
57759,ZARBELING,0.371,RODALBE 1,2,"ph,tds"
57762,ZIMMING,0.165,SEBVF 2,2,"ph,tds"
58001,ACHUN,0.2,LE BAZOIS,2,"ph,tds"
58002,ALLIGNY-COSNE,0.2,SAINT AMAND,2,"ph,tds"
58004,ALLUY,0.2,LE BAZOIS,2,"ph,tds"
58006,ANLEZY,0.2,LE BAZOIS,2,"ph,tds"
58007,ANNAY,0.7037,COSNE NORD,2,"ph,tds"
58015,ASNAN,0.0313,MONTCEAUX LE COMTE,2,"ph,tds"
58017,AUNAY-EN-BAZOIS,0.2,LE BAZOIS,2,"ph,tds"
58024,BAZOLLES,0.2,LE BAZOIS,2,"ph,tds"
58026,BEAULIEU,0.3081,ARDAN - GUIPY,2,"ph,tds"
58030,BICHES,0.2,LE BAZOIS,2,"ph,tds"
58033,BITRY,0.2,SAINT AMAND,2,"ph,tds"
58034,BLISMES,0.5061,LAC,2,"ph,tds"
58036,BOUHY,0.2,SAINT AMAND,2,"ph,tds"
58040,BRINAY,0.2,LE BAZOIS,2,"ph,tds"
58042,BULCY,0.2,MAZOU,2,"ph,tds"
58047,CERVON,0.3189,REGION DE CORBIGNY,2,"ph,tds"
58056,CHAMPVOUX,0.5904,LES BERTRANGES,2,"ph,tds"
58063,CHATEAU-CHINON (CAMPAGNE),0.8153,,2,"ph,tds"
58069,CHAUMOT,0.3189,REGION DE CORBIGNY,2,"ph,tds"
58075,CHITRY-LES-MINES,0.3189,REGION DE CORBIGNY,2,"ph,tds"
58076,CHOUGNY,0.2,LE BAZOIS,2,"ph,tds"
58093,CUNCY-LES-VARZY,0.2,MOULIN DE CORBELIN,2,"ph,tds"
58094,DAMPIERRE-SOUS-BOUHY,0.2,SAINT AMAND,2,"ph,tds"
58110,EPIRY,0.3189,REGION DE CORBIGNY,2,"ph,tds"
58113,FERTREVE,0.6672,CERCY CHARRIN,2,"ph,tds"
58119,FRASNAY-REUGNY,0.2,LE BAZOIS,2,"ph,tds"
58120,GACOGNE,0.5427,LAC,2,"ph,tds"
58133,HERY,0.3081,ARDAN - GUIPY,2,"ph,tds"
58135,ISENAY,0.6672,CERCY CHARRIN,2,"ph,tds"
58136,JAILLY,0.2,MOULIN GIGNAULT,2,"ph,tds"
58143,LIMON,0.6862,DRUY PARIGNY,2,"ph,tds"
58146,LUCENAY-LES-AIX,0.2,LA FERTE,2,"ph,tds"
58159,MARIGNY-SUR-YONNE,0.3189,REGION DE CORBIGNY,2,"ph,tds"
58162,MENESTREAU,0.2,MOULIN DE CORBELIN,2,"ph,tds"
58163,MENOU,0.2,MOULIN DE CORBELIN,2,"ph,tds"
58166,MHERE,0.5061,LAC,2,"ph,tds"
58169,MOISSY-MOULINOT,0.0333,MONTCEAUX LE COMTE,2,"ph,tds"
58170,MONCEAUX-LE-COMTE,0.0397,,2,"ph,tds"
58171,MONTAPAS,0.2,LE BAZOIS,2,"ph,tds"
58172,MONTAMBERT,0.6672,CERCY CHARRIN,2,"ph,tds"
58177,MONTIGNY-EN-MORVAN,0.4929,,2,"ph,tds"
58178,MONTIGNY-SUR-CANNE,0.6672,CERCY CHARRIN,2,"ph,tds"
58179,MONTREUILLON,0.5061,LAC,2,"ph,tds"
58181,MORACHES,0.3081,ARDAN - GUIPY,2,"ph,tds"
58183,MOURON-SUR-YONNE,0.3189,REGION DE CORBIGNY,2,"ph,tds"
58190,NEUFFONTAINES,0.0333,MONTCEAUX LE COMTE,2,"ph,tds"
58192,NEUVILLE-LES-DECIZE,0.2,LA FERTE,2,"ph,tds"
58197,NUARS,0.0333,MONTCEAUX LE COMTE,2,"ph,tds"
58199,ONLAY,0.6602,DRAGNE,2,"ph,tds"
58201,OUDAN,0.2,MOULIN DE CORBELIN,2,"ph,tds"
58202,OUGNY,0.2,LE BAZOIS,2,"ph,tds"
58211,POIL,0.5799,RESEAU DE LUZY,2,"ph,tds"
58221,REMILLY,0.5799,RESEAU DE LUZY,2,"ph,tds"
58224,RUAGES,0.0333,MONTCEAUX LE COMTE,2,"ph,tds"
58230,SAINT-AUBIN-DES-CHAUMES,0.0333,MONTCEAUX LE COMTE,2,"ph,tds"
58237,SAINT-DIDIER,0.0333,MONTCEAUX LE COMTE,2,"ph,tds"
58241,SAINT-GERMAIN-CHASSENAY,0.2,LA FERTE,2,"ph,tds"
58242,SAINT-GERMAIN-DES-BOIS,0.0333,MONTCEAUX LE COMTE,2,"ph,tds"
58243,SAINT-GRATIEN-SAVIGNY,0.6672,CERCY CHARRIN,2,"ph,tds"
58244,SAINT-HILAIRE-EN-MORVAN,0.5061,LAC,2,"ph,tds"
58245,SAINT-HILAIRE-FONTAINE,0.6672,CERCY CHARRIN,2,"ph,tds"
58247,SAINT-JEAN-AUX-AMOGNES,0.2,MEULOT,2,"ph,tds"
58256,SAINT-MARTIN-SUR-NOHAIN,0.2,GIRARMES,2,"ph,tds"
58257,SAINT-MAURICE,0.2,LE BAZOIS,2,"ph,tds"
58258,SAINT-OUEN-SUR-LOIRE,0.6862,DRUY PARIGNY,2,"ph,tds"
58262,SAINT-PEREUSE,0.5061,LAC,2,"ph,tds"
58263,SAINT-PIERRE-DU-MONT,0.2,MOULIN DE CORBELIN,2,"ph,tds"
58265,SAINT-QUENTIN-SUR-NOHAIN,0.2,GIRARMES,2,"ph,tds"
58268,SAINT-SEINE,0.6289,LA NOCLE MAULAIX,2,"ph,tds"
58270,SAINT-VERAIN,0.2,SAINT AMAND,2,"ph,tds"
58271,SAIZY,0.0333,MONTCEAUX LE COMTE,2,"ph,tds"
58272,SARDY-LES-EPIRY,0.3189,REGION DE CORBIGNY,2,"ph,tds"
58274,SAVIGNY-POIL-FOL,0.5799,RESEAU DE LUZY,2,"ph,tds"
58275,SAXI-BOURDON,0.2,LICHY,2,"ph,tds"
58276,SEMELAY,0.6602,DRAGNE,2,"ph,tds"
58277,SERMAGES,0.6602,DRAGNE,2,"ph,tds"
58280,SOUGY-SUR-LOIRE,0.5123,,2,"ph,tds"
58281,SUILLY-LA-TOUR,0.2,GIRARMES,2,"ph,tds"
58283,TACONNAY,0.2,MONTCEAUX LE COMTE,2,"ph,tds"
58284,TALON,0.0333,MONTCEAUX LE COMTE,2,"ph,tds"
58286,TANNAY,0.0333,MONTCEAUX LE COMTE,2,"ph,tds"
58287,TAZILLY,0.5799,RESEAU DE LUZY,2,"ph,tds"
58288,TEIGNY,0.0333,MONTCEAUX LE COMTE,2,"ph,tds"
58290,THAIX,0.6672,CERCY CHARRIN,2,"ph,tds"
58292,TINTURY,0.2,LE BAZOIS,2,"ph,tds"
58294,TOURY-SUR-JOUR,0.2,LA FERTE,2,"ph,tds"
58297,TROIS-VEVRES,0.6862,DRUY PARIGNY,2,"ph,tds"
58302,VARENNES-LES-NARCY,0.2,MAZOU,2,"ph,tds"
58304,VARZY,0.2,MOULIN DE CORBELIN,2,"ph,tds"
58305,VAUCLAIX,0.576,LAC,2,"ph,tds"
58306,VERNEUIL,0.6672,CERCY CHARRIN,2,"ph,tds"
58307,VIELMANAY,0.2,MAZOU,2,"ph,tds"
58308,VIGNOL,0.0333,MONTCEAUX LE COMTE,2,"ph,tds"
58309,VILLAPOURCON,0.9065,,2,"ph,tds"
58310,VILLIERS-LE-SEC,0.2,MOULIN DE CORBELIN,2,"ph,tds"
58312,VILLIERS-SUR-YONNE,0.0333,MONTCEAUX LE COMTE,2,"ph,tds"
59003,AIBES,0.2,FERRIERE LA PETITE,2,"ph,tds"
59004,AIX-EN-PEVELE,0.2,MARCHIENNES,2,"ph,tds"
59019,ARTRES,0.2,VENDEGIES SUR ECAILLON,2,"ph,tds"
59031,AUDIGNIES,0.2,GOMMEGNIES,2,"ph,tds"
59042,BACHY,0.2,CAPPELLE EN PEVELE,2,"ph,tds"
59046,BAMBECQUE,0.1,EBBLINGHEM,2,"ph,tds"
59049,BANTOUZELLE,0.2,BANTEUX,2,"ph,tds"
59050,BAS-LIEU,0.2,AVESNES SUR HELPE,2,"ph,tds"
59054,BAVINCHOVE,0.1,EBBLINGHEM,2,"ph,tds"
59057,BEAUDIGNIES,0.2,GHISSIGNIES,2,"ph,tds"
59058,BEAUFORT,0.2,FERRIERE LA PETITE,2,"ph,tds"
59060,BEAURAIN,0.2,NEUVILLE EN AVESNOIS,2,"ph,tds"
59061,BEAUREPAIRE-SUR-SAMBRE,0.2,PRISCHES,2,"ph,tds"
59064,BELLAING,0.2,WALLERS,2,"ph,tds"
59071,BERSEE,0.2,CAPPELLE EN PEVELE,2,"ph,tds"
59073,BERTHEN,0.1,EBBLINGHEM,2,"ph,tds"
59076,BETTIGNIES,0.2,VIEUX RENG,2,"ph,tds"
59077,BETTRECHIES,0.2,GOMMEGNIES,2,"ph,tds"
59078,BEUGNIES,0.2,SOLRE LE CHATEAU,2,"ph,tds"
59083,BISSEZEELE,0.1,EBBLINGHEM,2,"ph,tds"
59084,BLARINGHEM,0.1,EBBLINGHEM,2,"ph,tds"
59086,BOESCHEPE,0.1,EBBLINGHEM,2,"ph,tds"
59088,BOIS-GRENIER,0.1989,HERLIES,2,"ph,tds"
59089,BOLLEZEELE,0.1,EBBLINGHEM,2,"ph,tds"
59093,BOULOGNE-SUR-HELPE,0.2,AVESNES SUR HELPE,2,"ph,tds"
59098,BOUSBECQUE,0.199,HALLUIN,2,"ph,tds"
59100,BOUSIGNIES,0.1529,MILLONFOSSE,2,"ph,tds"
59101,BOUSIGNIES-SUR-ROC,0.2,FERRIERE LA PETITE,2,"ph,tds"
59105,BOUVIGNIES,0.2,MARCHIENNES,2,"ph,tds"
59106,BOUVINES,0.2,CAPPELLE EN PEVELE,2,"ph,tds"
59107,BRAY-DUNES,0.2,DUNKERQUE,2,"ph,tds"
59111,BROXEELE,0.1,EBBLINGHEM,2,"ph,tds"
59113,BRUILLE-LEZ-MARCHIENNES,0.2,PECQUENCOURT,2,"ph,tds"
59114,BRUILLE-SAINT-AMAND,0.2,MAULDE,2,"ph,tds"
59120,CAESTRE,0.1,EBBLINGHEM,2,"ph,tds"
59127,CAPELLE,0.2,VENDEGIES SUR ECAILLON,2,"ph,tds"
59133,CARNIN,0.2,GONDECOURT,2,"ph,tds"
59141,CAUROIR,0.2,ESTRUN,2,"ph,tds"
59147,CHOISIES,0.2,FERRIERE LA PETITE,2,"ph,tds"
59148,CLAIRFAYTS,0.2,SOLRE LE CHATEAU,2,"ph,tds"
59150,COBRIEUX,0.2,CAPPELLE EN PEVELE,2,"ph,tds"
59157,COUSOLRE,0.2,FERRIERE LA PETITE,2,"ph,tds"
59158,COUTICHES,0.1625,AUCHY LES ORCHIES,2,"ph,tds"
59159,CRAYWICK,0.2,DUNKERQUE,2,"ph,tds"
59162,CROCHTE,0.1,EBBLINGHEM,2,"ph,tds"
59169,DAMOUSIES,0.2,FERRIERE LA PETITE,2,"ph,tds"
59174,DIMECHAUX,0.2,SOLRE LE CHATEAU,2,"ph,tds"
59175,DIMONT,0.2,SOLRE LE CHATEAU,2,"ph,tds"
59180,DOULIEU (LE),0.1927,LA GORGUE,2,"ph,tds"
59181,DOURLERS,0.2,AVESNES SUR HELPE,2,"ph,tds"
59182,DRINCHAM,0.1,EBBLINGHEM,2,"ph,tds"
59186,ECCLES,0.2,FERRIERE LA PETITE,2,"ph,tds"
59187,ECLAIBES,0.2,FERRIERE LA PETITE,2,"ph,tds"
59188,ECUELIN,0.2,AVESNES SUR HELPE,2,"ph,tds"
59190,ELESMES,0.2,VIEUX RENG,2,"ph,tds"
59192,EMERCHICOURT,0.2,ERCHIN,2,"ph,tds"
59195,ENGLOS,0.1815,LOOS,2,"ph,tds"
59200,ERINGHEM,0.1,EBBLINGHEM,2,"ph,tds"
59204,ESCARMAIN,0.2,VENDEGIES SUR ECAILLON,2,"ph,tds"
59209,ESNES,0.2,MASNIERES,2,"ph,tds"
59210,ESQUELBECQ,0.1,EBBLINGHEM,2,"ph,tds"
59213,ESTOURMEL,0.2,ESTRUN,2,"ph,tds"
59215,ESTREUX,0.2,LOCQUIGNOL,2,"ph,tds"
59217,ETH,0.2,JENLAIN,2,"ph,tds"
59222,FAUMONT,0.1625,AUCHY LES ORCHIES,2,"ph,tds"
59223,FAVRIL (LE),0.2,PRISCHES,2,"ph,tds"
59224,FECHAIN,0.2,WASNES AU BAC,2,"ph,tds"
59226,FELLERIES,0.2,SOLRE LE CHATEAU,2,"ph,tds"
59232,FLAMENGRIE (LA),0.2,GOMMEGNIES,2,"ph,tds"
59237,FLETRE,0.1,EBBLINGHEM,2,"ph,tds"
59240,FLOURSIES,0.2,AVESNES SUR HELPE,2,"ph,tds"
59242,FONTAINE-AU-BOIS,0.2,LANDRECIES,2,"ph,tds"
59247,FOREST-SUR-MARQUE,0.1869,HEM,2,"ph,tds"
59251,FRASNOY,0.2,GOMMEGNIES,2,"ph,tds"
59255,FRESSIES,0.2,WASNES AU BAC,2,"ph,tds"
59256,FRETIN,0.1936,VILLENEUVE D'ASCQ,2,"ph,tds"
59257,FROMELLES,0.1989,HERLIES,2,"ph,tds"
59262,GODEWAERSVELDE,0.1,EBBLINGHEM,2,"ph,tds"
59264,GOGNIES-CHAUSSEE,0.2,VIEUX RENG,2,"ph,tds"
59270,GRAND-FAYT,0.2,PRISCHES,2,"ph,tds"
59280,HAMEL,0.2,LECLUSE,2,"ph,tds"
59283,HARGNIES,0.2,GOMMEGNIES,2,"ph,tds"
59287,HAUCOURT-EN-CAMBRESIS,0.2,MASNIERES,2,"ph,tds"
59290,HAUT-LIEU,0.2,AVESNES SUR HELPE,2,"ph,tds"
59292,HAVELUY,0.2,WALLERS,2,"ph,tds"
59293,HAVERSKERQUE,0.1927,LA GORGUE,2,"ph,tds"
59300,HEM-LENGLET,0.2,WASNES AU BAC,2,"ph,tds"
59305,HERZEELE,0.1,EBBLINGHEM,2,"ph,tds"
59306,HESTRUD,0.2,SOLRE LE CHATEAU,2,"ph,tds"
59307,HOLQUE,0.2,DUNKERQUE,2,"ph,tds"
59308,HONDEGHEM,0.1,EBBLINGHEM,2,"ph,tds"
59310,HON-HERGIES,0.2,GOMMEGNIES,2,"ph,tds"
59315,HOUDAIN-LEZ-BAVAY,0.2,GOMMEGNIES,2,"ph,tds"
59322,IWUY,0.2,ESTRUN,2,"ph,tds"
59326,KILLEM,0.1,EBBLINGHEM,2,"ph,tds"
59332,LANNOY,0.1869,HEM,2,"ph,tds"
59333,LAROUILLIES,0.2,ETROEUNGT,2,"ph,tds"
59334,LAUWIN-PLANQUE,0.1992,CUINCY,2,"ph,tds"
59338,LEDRINGHEM,0.1,EBBLINGHEM,2,"ph,tds"
59341,LESDAIN,0.2,MASNIERES,2,"ph,tds"
59342,LEZ-FONTAINE,0.2,SOLRE LE CHATEAU,2,"ph,tds"
59354,LOFFRE,0.2,ERCHIN,2,"ph,tds"
59356,LOMPRET,0.2,ARMENTIERES,2,"ph,tds"
59358,LOOBERGHE,0.2,DUNKERQUE,2,"ph,tds"
59366,LYNDE,0.1,EBBLINGHEM,2,"ph,tds"
59370,MAIRIEUX,0.2,VIEUX RENG,2,"ph,tds"
59371,MAISNIL (LE),0.1989,HERLIES,2,"ph,tds"
59374,MARBAIX,0.2,,2,"ph,tds"
59381,MARESCHES,0.2,VENDEGIES SUR ECAILLON,2,"ph,tds"
59395,MAZINGHIEN,0.2,LA GROISE,2,"ph,tds"
59396,MECQUIGNIES,0.2,GOMMEGNIES,2,"ph,tds"
59397,MERCKEGHEM,0.1,EBBLINGHEM,2,"ph,tds"
59399,MERRIS,0.1,EBBLINGHEM,2,"ph,tds"
59402,MILLAM,0.1,EBBLINGHEM,2,"ph,tds"
59406,MONCEAU-SAINT-WAAST,0.2,MAUBEUGE SUD,2,"ph,tds"
59411,MONS-EN-PEVELE,0.2,CAPPELLE EN PEVELE,2,"ph,tds"
59422,NAVES,0.2,ESTRUN,2,"ph,tds"
59423,NEUF-BERQUIN,0.1927,LA GORGUE,2,"ph,tds"
59424,NEUF-MESNIL,0.1992,MAUBEUGE SUD,2,"ph,tds"
59436,NOORDPEENE,0.1,EBBLINGHEM,2,"ph,tds"
59437,NOYELLES-LES-SECLIN,0.2,HOUPLIN ANCOISNE,2,"ph,tds"
59439,NOYELLES-SUR-SAMBRE,0.2,TAISNIERES THIERACHE,2,"ph,tds"
59440,NOYELLES-SUR-SELLE,0.2,DOUCHY LES MINES,2,"ph,tds"
59441,OBIES,0.2,GOMMEGNIES,2,"ph,tds"
59442,OBRECHIES,0.2,FERRIERE LA PETITE,2,"ph,tds"
59443,OCHTEZEELE,0.1,EBBLINGHEM,2,"ph,tds"
59444,ODOMEZ,0.2,MAULDE,2,"ph,tds"
59445,OHAIN,0.2,GLAGEON,2,"ph,tds"
59446,OISY,0.2,WALLERS,2,"ph,tds"
59448,OOST-CAPPEL,0.1,EBBLINGHEM,2,"ph,tds"
59450,ORS,0.2,LA GROISE,2,"ph,tds"
59451,ORSINVAL,0.2,LOCQUIGNOL,2,"ph,tds"
59453,OUDEZEELE,0.1,EBBLINGHEM,2,"ph,tds"
59455,PAILLENCOURT,0.2,ESTRUN,2,"ph,tds"
59463,PITGAM,0.1,EBBLINGHEM,2,"ph,tds"
59465,POMMEREUIL,0.2,LA GROISE,2,"ph,tds"
59467,PONT-SUR-SAMBRE,0.2,MAUBEUGE SUD,2,"ph,tds"
59469,PRADELLES,0.1,EBBLINGHEM,2,"ph,tds"
59472,PREUX-AU-BOIS,0.2,LANDRECIES,2,"ph,tds"
59475,PROUVY,0.1937,AULNOY,2,"ph,tds"
59478,QUAEDYPRE,0.1,EBBLINGHEM,2,"ph,tds"
59483,QUIEVELON,0.2,FERRIERE LA PETITE,2,"ph,tds"
59490,RAINSARS,0.2,AVESNES SUR HELPE,2,"ph,tds"
59497,RENESCURE,0.1,EBBLINGHEM,2,"ph,tds"
59499,REXPOEDE,0.1,EBBLINGHEM,2,"ph,tds"
59501,RIEULAY,0.2,MARCHIENNES,2,"ph,tds"
59502,RIEUX-EN-CAMBRESIS,0.1973,AVESNES LES AUBERT,2,"ph,tds"
59505,ROMBIES-ET-MARCHIPONT,0.2,JENLAIN,2,"ph,tds"
59506,ROMERIES,0.2,NEUVILLE EN AVESNOIS,2,"ph,tds"
59513,ROUCOURT,0.2,ERCHIN,2,"ph,tds"
59516,RUBROUCK,0.1,EBBLINGHEM,2,"ph,tds"
59518,RUESNES,0.2,GHISSIGNIES,2,"ph,tds"
59525,SAINS-DU-NORD,0.2,AVESNES SUR HELPE,2,"ph,tds"
59532,SAINT-GEORGES-SUR-L'AA,0.2,DUNKERQUE,2,"ph,tds"
59534,SAINT-HILAIRE-SUR-HELPE,0.2,AVESNES SUR HELPE,2,"ph,tds"
59536,SAINTE-MARIE-CAPPEL,0.1,EBBLINGHEM,2,"ph,tds"
59542,SAINT-REMY-CHAUSSEE,0.2,MAUBEUGE SUD,2,"ph,tds"
59548,SAINT-WAAST,0.2,GOMMEGNIES,2,"ph,tds"
59549,SALESCHES,0.2,NEUVILLE EN AVESNOIS,2,"ph,tds"
59550,SALOME,0.1989,HERLIES,2,"ph,tds"
59553,SANTES,0.1815,LOOS,2,"ph,tds"
59562,SEMERIES,0.2,AVESNES SUR HELPE,2,"ph,tds"
59565,SEPMERIES,0.2,VENDEGIES SUR ECAILLON,2,"ph,tds"
59567,SERANVILLERS-FORENVILLE,0.2,MASNIERES,2,"ph,tds"
59568,SERCUS,0.1,EBBLINGHEM,2,"ph,tds"
59570,SOCX,0.1,EBBLINGHEM,2,"ph,tds"
59572,SOLRE-LE-CHATEAU,0.1988,SOLRE LE CHATEAU,2,"ph,tds"
59573,SOLRINNES,0.2,FERRIERE LA PETITE,2,"ph,tds"
59575,SOMMAING,0.2,VENDEGIES SUR ECAILLON,2,"ph,tds"
59576,SPYCKER,0.2,DUNKERQUE,2,"ph,tds"
59577,STAPLE,0.1,EBBLINGHEM,2,"ph,tds"
59585,TEMPLEMARS,0.1936,VILLENEUVE D'ASCQ,2,"ph,tds"
59587,TERDEGHEM,0.1,EBBLINGHEM,2,"ph,tds"
59590,THIENNES,0.1,EBBLINGHEM,2,"ph,tds"
59591,THIVENCELLE,0.1941,THIVENCELLE,2,"ph,tds"
59594,THUN-SAINT-AMAND,0.2,MAULDE,2,"ph,tds"
59595,THUN-SAINT-MARTIN,0.2,ESTRUN,2,"ph,tds"
59597,TILLOY-LEZ-CAMBRAI,0.2,ESCAUDOEUVRES,2,"ph,tds"
59600,TOURMIGNIES,0.2,CAPPELLE EN PEVELE,2,"ph,tds"
59605,UXEM,0.2,DUNKERQUE,2,"ph,tds"
59607,VENDEGIES-AU-BOIS,0.2,NEUVILLE EN AVESNOIS,2,"ph,tds"
59610,VERCHAIN-MAUGRE,0.2,VENDEGIES SUR ECAILLON,2,"ph,tds"
59612,VERTAIN,0.2,NEUVILLE EN AVESNOIS,2,"ph,tds"
59615,VIEUX-BERQUIN,0.1927,LA GORGUE,2,"ph,tds"
59617,VIEUX-MESNIL,0.2,GOMMEGNIES,2,"ph,tds"
59619,VILLEREAU,0.1992,GOMMEGNIES,2,"ph,tds"
59625,VILLERS-PLOUICH,0.2,GONNELIEU,2,"ph,tds"
59627,VILLERS-SIRE-NICOLE,0.2,VIEUX RENG,2,"ph,tds"
59628,VOLCKERINCKHOVE,0.1,EBBLINGHEM,2,"ph,tds"
59633,WALLERS-EN-FAGNE,0.2,BAIVES,2,"ph,tds"
59634,WALLON-CAPPEL,0.1,EBBLINGHEM,2,"ph,tds"
59635,WAMBAIX,0.2,MASNIERES,2,"ph,tds"
59638,WANNEHAIN,0.2,CAPPELLE EN PEVELE,2,"ph,tds"
59640,WARGNIES-LE-PETIT,0.2,GOMMEGNIES,2,"ph,tds"
59647,WATTEN,0.2,DUNKERQUE,2,"ph,tds"
59649,WATTIGNIES-LA-VICTOIRE,0.2,FERRIERE LA PETITE,2,"ph,tds"
59651,WAVRECHAIN-SOUS-DENAIN,0.2,DOUCHY LES MINES,2,"ph,tds"
59652,WAVRECHAIN-SOUS-FAULX,0.2,WASNES AU BAC,2,"ph,tds"
59655,WEMAERS-CAPPEL,0.1,EBBLINGHEM,2,"ph,tds"
59657,WEST-CAPPEL,0.1,EBBLINGHEM,2,"ph,tds"
59659,WIGNEHIES,0.2,GLAGEON,2,"ph,tds"
59661,WILLIES,0.2,SOLRE LE CHATEAU,2,"ph,tds"
59662,WINNEZEELE,0.1,EBBLINGHEM,2,"ph,tds"
59664,WULVERDINGHE,0.1,EBBLINGHEM,2,"ph,tds"
59665,WYLDER,0.1,EBBLINGHEM,2,"ph,tds"
59666,ZEGERSCAPPEL,0.1,EBBLINGHEM,2,"ph,tds"
59667,ZERMEZEELE,0.1,EBBLINGHEM,2,"ph,tds"
59669,ZUYTPEENE,0.1,EBBLINGHEM,2,"ph,tds"
59670,DON,0.1815,LOOS,2,"ph,tds"
60001,ABANCOURT,0.2,BLARGIES,2,"ph,tds"
60011,AMY,0.2,AMY*,2,"ph,tds"
60013,ANGICOURT,0.2,CINQUEUX,2,"ph,tds"
60014,ANGIVILLERS,0.2,AVRECHY,2,"ph,tds"
60021,APPILLY,0.2,CUTS,2,"ph,tds"
60026,AUCHY-LA-MONTAGNE,0.2,LUCHY,2,"ph,tds"
60039,BACOUEL,0.2,CHEPOIX,2,"ph,tds"
60042,BAILLEVAL,0.2,LIANCOURT,2,"ph,tds"
60043,BAILLY,0.2,TRACY LE VAL,2,"ph,tds"
60047,BARON,0.2,MONTLOGNON,2,"ph,tds"
60049,BAZANCOURT,0.2,CAMPEAUX,2,"ph,tds"
60051,BEAUDEDUIT,0.2,BEAUDEDUIT,2,"ph,tds"
60058,BEAUVOIR,0.2,SAINT ANDRE FARIVILLERS,2,"ph,tds"
60061,BELLOY,0.2,LATAULE-BELLOY,2,"ph,tds"
60062,BERLANCOURT,0.2,GOLANCOURT,2,"ph,tds"
60065,BERTHECOURT,0.165,HERMES,2,"ph,tds"
60066,BETHANCOURT-EN-VALOIS,0.2,AUGER SAINT VINCENT,2,"ph,tds"
60072,BITRY,0.2,BITRY,2,"ph,tds"
60073,BLACOURT,0.2,ONS EN BRAY,2,"ph,tds"
60081,BONLIER,0.2,TILLE,2,"ph,tds"
60085,BONVILLERS,0.2,CHEPOIX,2,"ph,tds"
60087,BOREST,0.2,MONTLOGNON,2,"ph,tds"
60097,BOUTENCOURT,0.2,LABOSSE,2,"ph,tds"
60107,BREUIL-LE-VERT,0.2,CLERMONT,2,"ph,tds"
60111,BROYES,0.2,,2,"ph,tds"
60113,BUCAMPS,0.2,,2,"ph,tds"
60114,BUICOURT,0.2,SONGEONS,2,"ph,tds"
60117,BUSSY,0.1968,GUISCARD,2,"ph,tds"
60118,CAISNES,0.2,CUTS,2,"ph,tds"
60120,CAMBRONNE-LES-CLERMONT,0.2,CLERMONT,2,"ph,tds"
60121,CAMPAGNE,0.2,GUISCARD,2,"ph,tds"
60123,CAMPREMY,0.2,SAINT ANDRE FARIVILLERS,2,"ph,tds"
60127,CANNY-SUR-MATZ,0.2,LA VALLEE DU MATZ,2,"ph,tds"
60129,CARLEPONT,0.2,CUTS,2,"ph,tds"
60131,CATHEUX,0.2,FONTAINE-BONNELEAU,2,"ph,tds"
60132,CATIGNY,0.2,GUISCARD,2,"ph,tds"
60136,CEMPUIS,0.2,CEMPUIS,2,"ph,tds"
60145,CHELLES,0.2,CUISE LA MOTTE,2,"ph,tds"
60146,CHEPOIX,0.2,,2,"ph,tds"
60152,CHOISY-LA-VICTOIRE,0.2,,2,"ph,tds"
60153,CHOQUEUSE-LES-BENARDS,0.2,BEAUDEDUIT,2,"ph,tds"
60161,CONTEVILLE,0.2,BEAUDEDUIT,2,"ph,tds"
60163,CORMEILLES,0.2,LE CROCQ,2,"ph,tds"
60171,COURTIEUX,0.2,CUISE LA MOTTE,2,"ph,tds"
60173,CRAMOISY,0.2,CRAMOISY,2,"ph,tds"
60179,CREVECOEUR-LE-PETIT,0.2,FERRIERES,2,"ph,tds"
60182,CROCQ (LE),0.2,LE CROCQ,2,"ph,tds"
60183,CROISSY-SUR-CELLE,0.2,FONTAINE-BONNELEAU,2,"ph,tds"
60186,CUIGNIERES,0.2,AVRECHY,2,"ph,tds"
60187,CUIGY-EN-BRAY,0.2,ONS EN BRAY,2,"ph,tds"
60189,CUTS,0.2,CUTS,2,"ph,tds"
60190,CUVERGNON,0.2,,2,"ph,tds"
60195,DELINCOURT,0.2,REGION DE TRIE CHATEAU,2,"ph,tds"
60198,DIVES,0.2,LA DIVETTE,2,"ph,tds"
60200,DOMFRONT,0.2,,2,"ph,tds"
60201,DOMPIERRE,0.2,FERRIERES,2,"ph,tds"
60208,ENENCOURT-LEAGE,0.2,REGION DE TRIE CHATEAU,2,"ph,tds"
60209,CORNE EN VEXIN (LA),0.2,JOUY SOUS THELLE,2,"ph,tds"
60219,ESCLES-SAINT-PIERRE,0.2,MOLIENS,2,"ph,tds"
60220,ESPAUBOURG,0.2,ONS EN BRAY,2,"ph,tds"
60227,EVRICOURT,0.2,LA DIVETTE,2,"ph,tds"
60228,FAY-LES-ETANGS,0.2,FRESNES-L'EGUILLON,2,"ph,tds"
60229,FAYEL (LE),0.2,LONGUEIL SAINTE MARIE,2,"ph,tds"
60230,FAY-SAINT-QUENTIN (LE),0.2,ESSUILES ST RIMAULT,2,"ph,tds"
60239,FLEURY,0.2,FRESNES-L'EGUILLON,2,"ph,tds"
60242,FONTAINE-LAVAGANNE,0.2,OUDEUIL,2,"ph,tds"
60243,FONTAINE-SAINT-LUCIEN,0.2,REUIL-SUR-BRECHE,2,"ph,tds"
60248,FOUILLOY,0.2,MOLIENS,2,"ph,tds"
60250,FOUQUENIES,0.2,,2,"ph,tds"
60252,FOURNIVAL,0.2,ESSUILES ST RIMAULT,2,"ph,tds"
60258,FRESNIERES,0.2,AMY*,2,"ph,tds"
60260,FRESNOY-LA-RIVIERE,0.2,BONNEUIL-EN-VALOIS,2,"ph,tds"
60263,FRETOY-LE-CHATEAU,0.2,GUISCARD,2,"ph,tds"
60264,FROCOURT,0.1979,TILLE,2,"ph,tds"
60265,FROISSY,0.2,MAISONCELLE-TUILERIE,2,"ph,tds"
60269,GAUDECHART,0.2,GRANDVILLIERS,2,"ph,tds"
60271,GERBEROY,0.2,SONGEONS,2,"ph,tds"
60275,GLATIGNY,0.2,MARTINCOURT-CRILLON,2,"ph,tds"
60278,GOLANCOURT,0.2,GOLANCOURT,2,"ph,tds"
60280,GOURCHELLES,0.2,MOLIENS,2,"ph,tds"
60287,GRANDRU,0.2,CUTS,2,"ph,tds"
60290,GUIGNECOURT,0.2,REUIL-SUR-BRECHE,2,"ph,tds"
60291,GUISCARD,0.2,,2,"ph,tds"
60295,HALLOY,0.2,GRANDVILLIERS,2,"ph,tds"
60297,HAMEL (LE),0.2,,2,"ph,tds"
60298,HANVOILE,0.2,MARTINCOURT-CRILLON,2,"ph,tds"
60304,HAUTE-EPINE,0.2,OUDEUIL,2,"ph,tds"
60305,HAUTEFONTAINE,0.2,CUISE LA MOTTE,2,"ph,tds"
60306,HECOURT,0.2,SONGEONS,2,"ph,tds"
60307,HEILLES,0.165,HERMES,2,"ph,tds"
60309,HENONVILLE,0.2,FRESNES-L'EGUILLON,2,"ph,tds"
60312,HERICOURT-SUR-THERAIN,0.2,CAMPEAUX,2,"ph,tds"
60314,HETOMESNIL,0.2,OUDEUIL,2,"ph,tds"
60318,HOUDANCOURT,0.2,SAINT MARTIN LONGUEAU,2,"ph,tds"
60322,JAMERICOURT,0.2,JOUY SOUS THELLE,2,"ph,tds"
60327,JOUY-SOUS-THELLE,0.2,JOUY SOUS THELLE,2,"ph,tds"
60332,LABRUYERE,0.2,LIANCOURT,2,"ph,tds"
60333,LACHAPELLE-AUX-POTS,0.2,ONS EN BRAY,2,"ph,tds"
60335,LACHAPELLE-SOUS-GERBEROY,0.2,OMECOURT,2,"ph,tds"
60339,LAFRAYE,0.2,REUIL-SUR-BRECHE,2,"ph,tds"
60345,LAMECOURT,0.2,AVRECHY,2,"ph,tds"
60347,LANNOY-CUILLERE,0.2,MOLIENS,2,"ph,tds"
60352,LATTAINVILLE,0.2,REGION DE TRIE CHATEAU,2,"ph,tds"
60359,LHERAULE,0.2,MARTINCOURT-CRILLON,2,"ph,tds"
60365,LIHUS,0.2,OUDEUIL,2,"ph,tds"
60367,LOCONVILLE,0.2,FRESNES-L'EGUILLON,2,"ph,tds"
60371,LOUEUSE,0.2,OMECOURT,2,"ph,tds"
60376,MAISONCELLE-SAINT-PIERRE,0.2,OUDEUIL,2,"ph,tds"
60379,MAREUIL-LA-MOTTE,0.2,MARGNY-SUR-MATZ,2,"ph,tds"
60381,MARGNY-AUX-CERISES,0.2,AMY*,2,"ph,tds"
60383,MARGNY-SUR-MATZ,0.2,,2,"ph,tds"
60386,MARQUEGLISE,0.2,MARGNY-SUR-MATZ,2,"ph,tds"
60390,MAULERS,0.2,REUIL-SUR-BRECHE,2,"ph,tds"
60397,MESNIL-CONTEVILLE (LE),0.2,,2,"ph,tds"
60399,MESNIL-SAINT-FIRMIN (LE),0.2,BROYES,2,"ph,tds"
60403,MILLY-SUR-THERAIN,0.2,OUDEUIL,2,"ph,tds"
60405,MOLIENS,0.2,MOLIENS,2,"ph,tds"
60410,MONDESCOURT,0.2,CUTS,2,"ph,tds"
60411,MONNEVILLE,0.2,FRESNES-L'EGUILLON,2,"ph,tds"
60416,MONTGERAIN,0.2,LES PLANIQUES,2,"ph,tds"
60420,MONTJAVOULT,0.2,MONTAGNY EN VEXIN-MONTJAVOULT,2,"ph,tds"
60425,MONTREUIL-SUR-BRECHE,0.2,REUIL-SUR-BRECHE,2,"ph,tds"
60427,MONTS,0.2,FRESNES-L'EGUILLON,2,"ph,tds"
60428,MONT-SAINT-ADRIEN (LE),0.2,MARTINCOURT-CRILLON,2,"ph,tds"
60436,MORY-MONTCRUX,0.2,CHEPOIX,2,"ph,tds"
60437,MOUCHY-LE-CHATEL,0.1977,ULLY SAINT GEORGES,2,"ph,tds"
60442,MUIDORGE,0.2,LUCHY,2,"ph,tds"
60443,MUIRANCOURT,0.2,GUISCARD,2,"ph,tds"
60444,MUREAUMONT,0.2,BLARGIES,2,"ph,tds"
60452,NEUVILLE-BOSC,0.2,FRESNES-L'EGUILLON,2,"ph,tds"
60457,NEUVILLE-SAINT-PIERRE (LA),0.2,REUIL-SUR-BRECHE,2,"ph,tds"
60458,NEUVILLE-SUR-OUDEUIL (LA),0.2,OUDEUIL,2,"ph,tds"
60459,NEUVILLE-SUR-RESSONS (LA),0.2,LA VALLEE DU MATZ,2,"ph,tds"
60460,NEUVILLE-VAULT (LA),0.2,MARTINCOURT-CRILLON,2,"ph,tds"
60464,NOINTEL,0.2,CLERMONT,2,"ph,tds"
60466,NOROY,0.2,AVRECHY,2,"ph,tds"
60469,NOVILLERS,0.2,DIEUDONNE,2,"ph,tds"
60474,OGNOLLES,0.2,GUISCARD,2,"ph,tds"
60477,ONS-EN-BRAY,0.2,ONS EN BRAY,2,"ph,tds"
60481,ORROUY,0.2,AUGER SAINT VINCENT,2,"ph,tds"
60490,PIERREFITTE-EN-BEAUVAISIS,0.2,MARTINCOURT-CRILLON,2,"ph,tds"
60493,PISSELEU,0.2,OUDEUIL,2,"ph,tds"
60495,PLAINVAL,0.2,BRUNVILLERS LA MOTTE,2,"ph,tds"
60497,PLESSIER-SUR-BULLES (LE),0.2,ESSUILES ST RIMAULT,2,"ph,tds"
60499,PLESSIS-DE-ROYE,0.2,LA DIVETTE,2,"ph,tds"
60502,PLESSIS-PATTE-D'OIE (LE),0.2,GOLANCOURT,2,"ph,tds"
60503,PLOYRON (LE),0.2,TRICOT,2,"ph,tds"
60504,PONCHON,0.2,SILLY TILLARD,2,"ph,tds"
60507,PONTOISE-LES-NOYON,0.2,CUTS,2,"ph,tds"
60512,POUILLY,0.2,SOURCES DU MONTCEL,2,"ph,tds"
60514,PREVILLERS,0.2,OUDEUIL,2,"ph,tds"
60516,PUISEUX-EN-BRAY,0.2,SAINT PIERRE ES CHAMPS,2,"ph,tds"
60518,PUITS-LA-VALLEE,0.1983,MAISONCELLE-TUILERIE,2,"ph,tds"
60519,QUESMY,0.2,GUISCARD,2,"ph,tds"
60520,QUESNEL-AUBRY (LE),0.2,ESSUILES ST RIMAULT,2,"ph,tds"
60521,QUINCAMPOIX-FLEUZY,0.2,MOLIENS,2,"ph,tds"
60529,REMECOURT,0.2,AVRECHY,2,"ph,tds"
60530,REMERANGLES,0.2,ESSUILES ST RIMAULT,2,"ph,tds"
60536,RHUIS,0.2,PONTPOINT,2,"ph,tds"
60538,RICQUEBOURG,0.2,LA VALLEE DU MATZ,2,"ph,tds"
60540,RIVECOURT,0.2,LONGUEIL SAINTE MARIE,2,"ph,tds"
60542,ROCHY-CONDE,0.165,HERMES,2,"ph,tds"
60543,ROCQUEMONT,0.2,AUGER SAINT VINCENT,2,"ph,tds"
60544,ROCQUENCOURT,0.2,BROYES,2,"ph,tds"
60547,ROSOY,0.2,LIANCOURT,2,"ph,tds"
60552,ROUVILLE,0.2,AUGER SAINT VINCENT,2,"ph,tds"
60553,ROUVILLERS,0.2,PRONLEROY,2,"ph,tds"
60557,ROY-BOISSY,0.2,OMECOURT,2,"ph,tds"
60568,SAINT-AUBIN-SOUS-ERQUERY,0.2,AVRECHY,2,"ph,tds"
60572,SAINT-ETIENNE-ROILAYE,0.2,CUISE LA MOTTE,2,"ph,tds"
60576,SAINT-GERMAIN-LA-POTERIE,0.2,MARTINCOURT-CRILLON,2,"ph,tds"
60578,SAINTINES,0.2,SAINTINES,2,"ph,tds"
60579,SAINT-JEAN-AUX-BOIS,0.2,BONNEUIL-EN-VALOIS,2,"ph,tds"
60583,SAINT-LEGER-EN-BRAY,0.2,SAINT MARTIN LE NOEUD,2,"ph,tds"
60588,SAINT-MAUR,0.2,GRANDVILLIERS,2,"ph,tds"
60595,SAINT-REMY-EN-L'EAU,0.2,AVRECHY,2,"ph,tds"
60602,SAINT-VALERY,0.2,MOLIENS,2,"ph,tds"
60603,SALENCY,0.2,CUTS,2,"ph,tds"
60608,SAULCHOY (LE),0.2,LE CROCQ,2,"ph,tds"
60611,SENANTES,0.2,ONS EN BRAY,2,"ph,tds"
60615,SEREVILLERS,0.2,BROYES,2,"ph,tds"
60621,SOLENTE,0.2,GUISCARD,2,"ph,tds"
60623,SONGEONS,0.2,OMECOURT,2,"ph,tds"
60624,SULLY,0.2,SONGEONS,2,"ph,tds"
60625,SUZOY,0.1,L'OUEST NOYONNAIS,2,"ph,tds"
60626,TALMONTIERS,0.2,SAINT PIERRE ES CHAMPS,2,"ph,tds"
60628,THERDONNE,0.2,TILLE,2,"ph,tds"
60630,THIBIVILLERS,0.2,JOUY SOUS THELLE,2,"ph,tds"
60633,THIEULOY-SAINT-ANTOINE,0.2,GRANDVILLIERS,2,"ph,tds"
60635,THIVERNY,0.2,CREIL,2,"ph,tds"
60645,TRIE-LA-VILLE,0.2,REGION DE TRIE CHATEAU,2,"ph,tds"
60646,TROISSEREUX,0.2,OUDEUIL,2,"ph,tds"
60653,VALESCOURT,0.2,AVRECHY,2,"ph,tds"
60654,VANDELICOURT,0.2,MARGNY-SUR-MATZ,2,"ph,tds"
60655,VARESNES,0.2,,2,"ph,tds"
60657,VAUCHELLES,0.1,L'OUEST NOYONNAIS,2,"ph,tds"
60669,VERDERONNE,0.2,LIANCOURT,2,"ph,tds"
60673,VIEFVILLERS,0.2,LE CROCQ,2,"ph,tds"
60675,VIGNEMONT,0.2,MARGNY-SUR-MATZ,2,"ph,tds"
60677,VILLEMBRAY,0.2,MARTINCOURT-CRILLON,2,"ph,tds"
60678,VILLENEUVE-LES-SABLONS,0.2,LORMAISON,2,"ph,tds"
60681,VILLERS-SAINT-BARTHELEMY,0.2,ONS EN BRAY,2,"ph,tds"
60685,VILLERS-SAINT-SEPULCRE,0.165,HERMES,2,"ph,tds"
60688,VILLERS-SUR-BONNIERES,0.2,OUDEUIL,2,"ph,tds"
60697,VROCOURT,0.2,SONGEONS,2,"ph,tds"
60700,WARLUIS,0.2,SILLY TILLARD,2,"ph,tds"
60703,MARAIS (AUX),0.2,SAINT MARTIN LE NOEUD,2,"ph,tds"
61010,AUBRY-LE-PANTHOU,0.2,CHAMPOSOULT,2,"ph,tds"
61011,AUBUSSON,0.845,CALIGNY,2,"ph,tds"
61018,AVERNES-SAINT-GOURGON,0.2,SAINT GERMAIN D'AUNAY,2,"ph,tds"
61021,AVRILLY,0.2196,DOMFRONT,2,"ph,tds"
61026,BARVILLE,0.2,PERVENCHERES,2,"ph,tds"
61030,BAZOQUE (LA),0.8277,CALIGNY,2,"ph,tds"
61035,BEAUVAIN,0.7232,MAGNY LE DESERT,2,"ph,tds"
61039,BELLIERE (LA),0.9169,BELLIERE (LA),2,"ph,tds"
61049,BOISSEI-LA-LANDE,0.2,ALMENECHES,2,"ph,tds"
61052,BONNEFOI,0.2,ASPRES-BONSMOULINS,2,"ph,tds"
61055,BOUCE,0.7749,SAINT SAUVEUR DE CARROUGES,2,"ph,tds"
61062,BRIEUX,0.2,COMMEAUX,2,"ph,tds"
61064,BRULLEMAIL,0.2,LE MERLERAULT,2,"ph,tds"
61066,BURE,0.2,BAZOCHES BOUTTERIES,2,"ph,tds"
61075,CEAUCE,0.2,DOMFRONT,2,"ph,tds"
61078,CERISY-BELLE-ETOILE,0.8215,CALIGNY,2,"ph,tds"
61082,CHALANGE (LE),0.2,TREMONT,2,"ph,tds"
61085,CHAMP-DE-LA-PIERRE (LE),0.1243,RANES ECOUCHE,2,"ph,tds"
61086,CHAMPEAUX (LES),0.2,COUDEHARD,2,"ph,tds"
61087,CHAMPEAUX-SUR-SARTHE,0.2,BAZOCHES BOUTTERIES,2,"ph,tds"
61088,CHAMP-HAUT,0.2,LE MERLERAULT,2,"ph,tds"
61089,CHAMPOSOULT,0.2,,2,"ph,tds"
61095,CHAPELLE-BICHE (LA),0.8519,FLERS AGGLO VARENNE,2,"ph,tds"
61099,CHAPELLE-SOUEF (LA),0.2,DAME MARIE,2,"ph,tds"
61102,CHATELLIER (LE),0.8311,MESSEI VARENNE,2,"ph,tds"
61103,CHAUMONT,0.2,GAUVILLE,2,"ph,tds"
61105,CHEMILLI,0.2,ORIGNY LE ROUX,2,"ph,tds"
61107,CIRAL,0.8615,CIRAL,2,"ph,tds"
61123,COULONCES,0.2,BAILLEUL,2,"ph,tds"
61124,COULONCHE (LA),0.4439,MESSEI (LANDE FORET),2,"ph,tds"
61130,COURGEOUT,0.2,ZD GUEROLLIERE,2,"ph,tds"
61137,CRAMENIL,0.2,LE HOULME,2,"ph,tds"
61141,CUISSAI,0.1426,ALENCON ECOUVES,2,"ph,tds"
61142,DAME-MARIE,0.2,DAME MARIE,2,"ph,tds"
61148,DURCET,0.2,LE HOULME,2,"ph,tds"
61156,ESSAY,0.2,,2,"ph,tds"
61158,FAVEROLLES,0.1243,LE HOULME,2,"ph,tds"
61164,FERRIERE-BECHET (LA),0.2,ZD JUVIGNY F1,2,"ph,tds"
61165,FERRIERE-BOCHARD (LA),0.1426,ALENCON ECOUVES,2,"ph,tds"
61166,FERRIERES-LA-VERRERIE,0.2,MAHERU,2,"ph,tds"
61170,FLEURE,0.2,ZD JUVIGNY F1,2,"ph,tds"
61171,FONTAINE-LES-BASSETS,0.2,CROUTTES,2,"ph,tds"
61176,FRANCHEVILLE,0.8803,SAINT SAUVEUR DE CARROUGES,2,"ph,tds"
61180,FRESNAY-LE-SAMSON,0.2,CHAMPOSOULT,2,"ph,tds"
61187,GENETTES (LES),0.2,ASPRES-BONSMOULINS,2,"ph,tds"
61189,GIEL-COURTEILLES,0.2,COMMEAUX,2,"ph,tds"
61190,GINAI,0.2,GACE MELANGE,2,"ph,tds"
61199,HABLOVILLE,0.2,COMMEAUX,2,"ph,tds"
61210,JOUE-DU-PLAIN,0.1443,SAINT SAUVEUR DE CARROUGES,2,"ph,tds"
61212,JUVIGNY-SUR-ORNE,0.2,ZD JUVIGNY F1,2,"ph,tds"
61217,LANDE-DE-LOUGE (LA),0.2,LE HOULME,2,"ph,tds"
61225,LIGNERES,0.2,LE MERLERAULT,2,"ph,tds"
61227,LIGNOU,0.2,LE HOULME,2,"ph,tds"
61234,LONRAI,0.1426,ALENCON ECOUVES,2,"ph,tds"
61237,LOUGE-SUR-MAIRE,0.1243,LE HOULME,2,"ph,tds"
61238,LOUVIERES-EN-AUGE,0.2,CROUTTES,2,"ph,tds"
61242,MAGE (LE),0.2,LONGNY LES VILLAGES SIAEP,2,"ph,tds"
61248,MANTILLY,0.455,PASSAIS LA CONCEPTION,2,"ph,tds"
61252,MARDILLY,0.2,GAUVILLE,2,"ph,tds"
61256,MEDAVY,0.2,ALMENECHES,2,"ph,tds"
61260,MENIL-DE-BRIOUZE (LE),0.2,LE HOULME,2,"ph,tds"
61261,MENIL-BROUT (LE),0.2,VINGT HANAPS,2,"ph,tds"
61263,MENIL-ERREUX,0.2,VINGT HANAPS,2,"ph,tds"
61266,MENIL-GUYON (LE),0.2,ESSAY SIAEP,2,"ph,tds"
61267,MENIL-HERMEI,0.2,LE HOULME,2,"ph,tds"
61268,MENIL-HUBERT-EN-EXMES,0.2,GACE MELANGE,2,"ph,tds"
61269,MENIL-HUBERT-SUR-ORNE,0.2,LE HOULME,2,"ph,tds"
61271,MENIL-SCELLEUR (LE),0.8574,SAINT SAUVEUR DE CARROUGES,2,"ph,tds"
61273,MENIL-VIN,0.2,LE HOULME,2,"ph,tds"
61276,MERRI,0.2,BAILLEUL,2,"ph,tds"
61277,MESNIERE (LA),0.2,BAZOCHES BOUTTERIES,2,"ph,tds"
61279,MIEUXCE,0.1426,ALENCON ECOUVES,2,"ph,tds"
61281,MONCY,0.7972,TINCHEBRAY BOCAGE,2,"ph,tds"
61283,MONTABARD,0.2,,2,"ph,tds"
61284,MONTCHEVREL,0.2,TREMONT,2,"ph,tds"
61289,MONT-ORMEL,0.2,CHAMPOSOULT,2,"ph,tds"
61290,MONTREUIL-AU-HOULME,0.2,LE HOULME,2,"ph,tds"
61291,MONTREUIL-LA-CAMBE,0.2,CROUTTES,2,"ph,tds"
61294,MORTREE,0.2,ALMENECHES,2,"ph,tds"
61295,MOTTE-FOUQUET (LA),0.6935,MAGNY LE DESERT,2,"ph,tds"
61302,NEAUPHE-SUR-DIVE,0.2,CROUTTES,2,"ph,tds"
61303,NECY,0.2,COMMEAUX,2,"ph,tds"
61316,OMMOY,0.2,BAILLEUL,2,"ph,tds"
61327,PERVENCHERES,0.2,,2,"ph,tds"
61329,PIN-LA-GARENNE (LE),0.2,REVEILLON,2,"ph,tds"
61333,PONTCHARDON,0.2,VIMOUTIERS MILLAUBOURG,2,"ph,tds"
61336,POUVRAI,0.2,BELLOU LE TRICHARD,2,"ph,tds"
61346,RENOUARD (LE),0.2,,2,"ph,tds"
61349,RI,0.2,COMMEAUX,2,"ph,tds"
61351,ROIVILLE,0.2,GACE MELANGE,2,"ph,tds"
61357,ROUPERROUX,0.793,CARROUGES,2,"ph,tds"
61360,SAINT-AGNAN-SUR-SARTHE,0.2,MAHERU,2,"ph,tds"
61362,SAINT-ANDRE-DE-MESSEI,0.7181,MESSEI VARENNE,2,"ph,tds"
61363,SAINT-AQUILIN-DE-CORBION,0.2,ASPRES-BONSMOULINS,2,"ph,tds"
61367,SAINT-AUBIN-DE-COURTERAIE,0.2,BAZOCHES BOUTTERIES,2,"ph,tds"
61370,SAINT-BRICE,0.2,DOMFRONT,2,"ph,tds"
61371,SAINT-BRICE-SOUS-RANES,0.1243,RANES ECOUCHE,2,"ph,tds"
61386,SAINT-EVROULT-NOTRE-DAME-DU-BOIS,0.2,GAUVILLE,2,"ph,tds"
61390,SAINT-GEORGES-D'ANNEBECQ,0.1243,RANES ECOUCHE,2,"ph,tds"
61393,SAINT-GERMAIN-DE-CLAIREFEUILLE,0.2,,2,"ph,tds"
61394,SAINT-GERMAIN-DE-LA-COUDRE,0.2,,2,"ph,tds"
61395,SAINT-GERMAIN-DES-GROIS,0.2,NOCE GRAVIER,2,"ph,tds"
61396,SAINT-GERMAIN-DE-MARTIGNY,0.2,BAZOCHES BOUTTERIES,2,"ph,tds"
61405,SAINT-HILAIRE-SUR-ERRE,0.2,VAL AU PERCHE (COSTIERS),2,"ph,tds"
61407,SAINTE-HONORINE-LA-CHARDONNE,0.2,LE HOULME,2,"ph,tds"
61408,SAINTE-HONORINE-LA-GUILLAUME,0.2,LE HOULME,2,"ph,tds"
61411,SAINT-JOUIN-DE-BLAVOU,0.2,COULIMER,2,"ph,tds"
61419,SAINTE-MARGUERITE-DE-CARROUGES,0.7707,CARROUGES,2,"ph,tds"
61424,SAINT-MARTIN-DES-LANDES,0.7819,CARROUGES,2,"ph,tds"
61427,SAINT-MARTIN-L'AIGUILLON,0.1243,CARROUGES,2,"ph,tds"
61436,SAINTE-OPPORTUNE,0.2,LE HOULME,2,"ph,tds"
61446,SAINT-PIERRE-DES-LOGES,0.2,,2,"ph,tds"
61451,SAINT-QUENTIN-LES-CHARDONNETS,0.8674,BEAUCHENE,2,"ph,tds"
61459,SAIRES-LA-VERRERIE,0.5116,MESSEI (LANDE FORET),2,"ph,tds"
61461,SAP-ANDRE (LE),0.2,GAUVILLE,2,"ph,tds"
61463,MONTS D'ANDAINE (LES),0.3459,MESSEI (LANDE FORET),2,"ph,tds"
61473,SEVRAI,0.1243,RANES ECOUCHE,2,"ph,tds"
61475,SOLIGNY-LA-TRAPPE,0.2,,2,"ph,tds"
61479,TANQUES,0.2786,SAINT SAUVEUR DE CARROUGES,2,"ph,tds"
61480,TANVILLE,0.2,ZD JUVIGNY F1,2,"ph,tds"
61481,TELLIERES-LE-PLESSIS,0.2,MAHERU,2,"ph,tds"
61482,TESSE-FROULAY,0.6072,ZD PONT DE COUTERNE,2,"ph,tds"
61485,TICHEVILLE,0.2,SAINT GERMAIN D'AUNAY,2,"ph,tds"
61488,TOUQUETTES,0.2,GAUVILLE,2,"ph,tds"
61490,TOURNAI-SUR-DIVE,0.2,ZD SOURDEVAL,2,"ph,tds"
61493,TRINITE-DES-LAITIERS (LA),0.2,GAUVILLE,2,"ph,tds"
61497,VALFRAMBERT,0.1426,ALENCON ECOUVES,2,"ph,tds"
61498,VAUNOISE,0.2,ORIGNY LE ROUX,2,"ph,tds"
61500,VENTROUZE (LA),0.2,TOUROUVRE AU PERCHE,2,"ph,tds"
61502,VIDAI,0.2,PERVENCHERES,2,"ph,tds"
61503,VIEUX-PONT,0.8116,SAINT SAUVEUR DE CARROUGES,2,"ph,tds"
61505,VILLEDIEU-LES-BAILLEUL,0.2,BAILLEUL,2,"ph,tds"
61507,VILLIERS-SOUS-MORTAGNE,0.2,MORTAGNE AU PERCHE,2,"ph,tds"
61512,YVETEAUX (LES),0.2,LE HOULME,2,"ph,tds"
62009,ADINFER,0.2,MONCHY AU BOIS,2,"ph,tds"
62012,AGNIERES,0.2,VALLEE SCARPE,2,"ph,tds"
62017,AIX-EN-ERGNY,0.2,BELLEVUE,2,"ph,tds"
62018,AIX-EN-ISSART,0.1953,BRIMEUX,2,"ph,tds"
62026,AMBRICOURT,0.2,AZINCOURT,2,"ph,tds"
62028,AMES,0.2,VALLEE DE LA NAVE,2,"ph,tds"
62034,ANNEQUIN,0.1976,VIOLAINES,2,"ph,tds"
62042,ATHIES,0.2,ARRAS BAS SERVICE,2,"ph,tds"
62047,AUBROMETZ,0.2,VAL CANCHE,2,"ph,tds"
62052,AUDEMBERT,0.2,RINXENT,2,"ph,tds"
62062,AVESNES,0.2,BELLEVUE,2,"ph,tds"
62064,AVESNES-LES-BAPAUME,0.2,SIESA,2,"ph,tds"
62066,AVONDANCE,0.2,AZINCOURT,2,"ph,tds"
62075,BAINCTHUN,0.1995,SAINT MARTIN BOULOGNE,2,"ph,tds"
62078,BALINGHEM,0.2,ARDRESIS,2,"ph,tds"
62079,BANCOURT,0.2,SIESA,2,"ph,tds"
62080,BAPAUME,0.2,SIESA,2,"ph,tds"
62081,BARALLE,0.2,ARLEUX - VAL DE LA SENSEE,2,"ph,tds"
62082,BARASTRE,0.2,SIESA,2,"ph,tds"
62084,BARLY,0.1984,BARLY,2,"ph,tds"
62087,BAYENGHEM-LES-EPERLECQUES,0.2,EPERLECQUES,2,"ph,tds"
62088,BAYENGHEM-LES-SENINGHEM,0.2,LUMBRES,2,"ph,tds"
62100,BEAURAINVILLE,0.2,BEAURAINVILLE,2,"ph,tds"
62101,BEAUVOIS,0.2,HUMIERES,2,"ph,tds"
62102,BECOURT,0.2,BOURTHES,2,"ph,tds"
62103,BEHAGNIES,0.2,SIESA,2,"ph,tds"
62116,BERNIEULLES,0.2,WIDEHEM CORMONT,2,"ph,tds"
62118,BETHONSART,0.2,MINGOVAL,2,"ph,tds"
62121,BEUGNATRE,0.2,SIESA,2,"ph,tds"
62125,BEUVREQUEN,0.2,AMBLETEUSE SLACK,2,"ph,tds"
62129,BIEFVILLERS-LES-BAPAUME,0.2,SIESA,2,"ph,tds"
62131,BIHUCOURT,0.2,SIESA,2,"ph,tds"
62134,BIMONT,0.2,BELLEVUE,2,"ph,tds"
62137,BLANGERVAL-BLANGERMONT,0.2,OEUF EN TERNOIS,2,"ph,tds"
62140,BLEQUIN,0.2,BLEQUIN,2,"ph,tds"
62142,BLINGEL,0.2,HUMIERES,2,"ph,tds"
62144,BOIRY-BECQUERELLE,0.2,VALLEE COJEUL,2,"ph,tds"
62151,BOISLEUX-AU-MONT,0.2,VALLEE COJEUL,2,"ph,tds"
62157,BOUBERS-LES-HESMOND,0.2,EMBRY,2,"ph,tds"
62162,BOURECQ,0.2,SAINT HILAIRE COTTES,2,"ph,tds"
62165,BOURNONVILLE,0.2,QUESQUES,2,"ph,tds"
62169,BOUVELINGHEM,0.2,ALQUINES,2,"ph,tds"
62174,BREMES,0.2,ARDRESIS,2,"ph,tds"
62179,BRUNEMBERT,0.2,QUESQUES,2,"ph,tds"
62182,BUIRE-AU-BOIS,0.2,,2,"ph,tds"
62184,BUISSY,0.2,ARLEUX - VAL DE LA SENSEE,2,"ph,tds"
62216,CAUCHIE (LA),0.2,KILIENNE,2,"ph,tds"
62219,CAUMONT,0.2,REGNAUVILLE,2,"ph,tds"
62228,CLERQUES,0.2,HEM SUD,2,"ph,tds"
62238,CONTEVILLE-EN-TERNOIS,0.2,VALHUON,2,"ph,tds"
62251,COURSET,0.2,DOUDEAUVILLE,2,"ph,tds"
62253,COUTURELLE,0.2,KILIENNE,2,"ph,tds"
62256,CREPY,0.2,AZINCOURT,2,"ph,tds"
62257,CREQUY,0.2,BELLEVUE,2,"ph,tds"
62258,CROISETTE,0.2,,2,"ph,tds"
62266,DENIER,0.2,LIGNEREUIL,2,"ph,tds"
62275,DOURIEZ,0.2,MOURIEZ,2,"ph,tds"
62282,ECLIMEUX,0.2,HUMIERES,2,"ph,tds"
62283,ECOIVRES,0.2,HAUTECLOQUE,2,"ph,tds"
62292,ELNES,0.192,WAVRANS SUR L'AA,2,"ph,tds"
62299,EPS,0.2,TERNOISE,2,"ph,tds"
62302,ERGNY,0.2,BELLEVUE,2,"ph,tds"
62303,ERIN,0.2,AZINCOURT,2,"ph,tds"
62304,ERNY-SAINT-JULIEN,0.2,ENQUIN LES MINES,2,"ph,tds"
62306,ERVILLERS,0.2,SIESA,2,"ph,tds"
62316,ESTREE-WAMIN,0.2,,2,"ph,tds"
62319,ETERPIGNY,0.2,HAUCOURT,2,"ph,tds"
62322,FAMECHON,0.2,PAS EN ARTOIS,2,"ph,tds"
62323,FAMPOUX,0.2,ARRAS BAS SERVICE,2,"ph,tds"
62326,FAVREUIL,0.2,SIESA,2,"ph,tds"
62334,FIENNES,0.2,FERQUES,2,"ph,tds"
62342,FONTAINE-LES-BOULANS,0.2,HEUCHIN,2,"ph,tds"
62346,FORTEL-EN-ARTOIS,0.2,NOEUX LES AUXI,2,"ph,tds"
62350,FOUQUIERES-LES-BETHUNE,0.1972,BETHUNE,2,"ph,tds"
62352,FRAMECOURT,0.2,HAUTECLOQUE,2,"ph,tds"
62357,FRESNOY,0.2,LE PARCQ,2,"ph,tds"
62362,FREVILLERS,0.2,MINGOVAL,2,"ph,tds"
62366,GAUCHIN-LEGAL,0.2,REBREUVE RANCHICOURT,2,"ph,tds"
62369,GAVRELLE,0.2,ARRAS BAS SERVICE,2,"ph,tds"
62370,GENNES-IVERGNY,0.2,LE PONCHEL,2,"ph,tds"
62389,GRINCOURT-LES-PAS,0.2,KILIENNE,2,"ph,tds"
62406,HAMELINCOURT,0.2,SIESA,2,"ph,tds"
62410,HAPLINCOURT,0.2,SIESA,2,"ph,tds"
62411,HARAVESNES,0.2,BUIRE AU BOIS,2,"ph,tds"
62425,HENDECOURT-LES-RANSART,0.1987,MONCHY AU BOIS,2,"ph,tds"
62426,HENINEL,0.2,VALLEE COJEUL,2,"ph,tds"
62429,HENNEVEUX,0.2,COLEMBERT,2,"ph,tds"
62437,HERLY,0.2,BELLEVUE,2,"ph,tds"
62438,HERMAVILLE,0.2,,2,"ph,tds"
62442,HERNICOURT,0.2,TERNOISE,2,"ph,tds"
62449,HESMOND,0.2,EMBRY,2,"ph,tds"
62451,HEUCHIN,0.2,HEUCHIN,2,"ph,tds"
62455,HOCQUINGHEN,0.2,LICQUES,2,"ph,tds"
62458,HOULLE,0.2,HOULLE,2,"ph,tds"
62462,HUCLIER,0.2,VALHUON,2,"ph,tds"
62466,HUMBERT,0.2,,2,"ph,tds"
62467,HUMEROEUILLE,0.2,HUMIERES,2,"ph,tds"
62468,HUMIERES,0.2,HUMIERES,2,"ph,tds"
62475,IVERGNY,0.2,GRAND RULLECOURT,2,"ph,tds"
62477,IZEL-LES-HAMEAU,0.2,LIGNEREUIL,2,"ph,tds"
62478,JOURNY,0.2,ALQUINES,2,"ph,tds"
62496,LEFAUX,0.2,WIDEHEM CORMONT,2,"ph,tds"
62500,LESPESSES,0.2,SAINT HILAIRE COTTES,2,"ph,tds"
62505,LEULINGHEN-BERNES,0.2,,2,"ph,tds"
62507,LIENCOURT,0.2,,2,"ph,tds"
62511,LIGNEREUIL,0.2,LIGNEREUIL,2,"ph,tds"
62513,LIGNY-SUR-CANCHE,0.2,VAL CANCHE,2,"ph,tds"
62521,LOGE (LA),0.2,WAMIN,2,"ph,tds"
62526,LONGUEVILLE,0.2,COLEMBERT,2,"ph,tds"
62527,LONGVILLIERS,0.2,BEUTIN,2,"ph,tds"
62533,LUGY,0.2,VALLEE LYS,2,"ph,tds"
62539,MAISNIL,0.2,,2,"ph,tds"
62540,MAISNIL-LES-RUITZ,0.165,SABALFA HAUT SERVICE,2,"ph,tds"
62541,MAISONCELLE,0.2,AZINCOURT,2,"ph,tds"
62544,MANIN,0.2,LIGNEREUIL,2,"ph,tds"
62545,MANINGHEM,0.2,BELLEVUE,2,"ph,tds"
62546,MANINGHEN-HENNE,0.1978,RINXENT,2,"ph,tds"
62553,MAREST,0.2,SACHIN,2,"ph,tds"
62554,MARESVILLE,0.2,BEUTIN,2,"ph,tds"
62556,MARLES-SUR-CANCHE,0.2,BRIMEUX,2,"ph,tds"
62564,MAZINGHEM,0.2,NORRENT FONTES,2,"ph,tds"
62565,MENCAS,0.2,VALLEE LYS,2,"ph,tds"
62576,MONCHEAUX-LES-FREVENT,0.2,BUNEVILLE,2,"ph,tds"
62577,MONCHEL-SUR-CANCHE,0.1947,VAL CANCHE,2,"ph,tds"
62581,MONCHY-CAYEUX,0.2,,2,"ph,tds"
62583,MONDICOURT,0.2,ORVILLE,2,"ph,tds"
62584,MONT-BERNANCHON,0.2,GONNEHEM,2,"ph,tds"
62590,MONTS-EN-TERNOIS,0.2,BUNEVILLE,2,"ph,tds"
62594,MORY,0.2,SIESA,2,"ph,tds"
62595,MOULLE,0.2,,2,"ph,tds"
62597,MOYENNEVILLE,0.2,SIESA,2,"ph,tds"
62600,NEDON,0.2,VALLEE DE LA NAVE,2,"ph,tds"
62601,NEDONCHEL,0.2,VALLEE DE LA NAVE,2,"ph,tds"
62605,NEULETTE,0.2,HUMIERES,2,"ph,tds"
62606,NEUVE-CHAPELLE,0.1976,VIOLAINES,2,"ph,tds"
62619,NOREUIL,0.2,ARLEUX - VAL DE LA SENSEE,2,"ph,tds"
62620,NORRENT-FONTES,0.2,NORRENT FONTES,2,"ph,tds"
62622,NORT-LEULINGHEM,0.2,EPERLECQUES,2,"ph,tds"
62625,NOYELLES-LES-HUMIERES,0.2,HUMIERES,2,"ph,tds"
62629,NOYELLETTE,0.2,VALLEE DU GY BAS SERVICE,2,"ph,tds"
62630,NOYELLE-VION,0.2,VALLEE GY HAUT SERVICE,2,"ph,tds"
62631,NUNCQ-HAUTECOTE,0.2,HAUTECLOQUE,2,"ph,tds"
62633,OEUF-EN-TERNOIS,0.2,,2,"ph,tds"
62636,OFFRETHUN,0.2,AMBLETEUSE SLACK,2,"ph,tds"
62644,OUVE-WIRQUIN,0.2,FAUQUEMBERGUES,2,"ph,tds"
62655,PIERREMONT,0.2,HUMIERES,2,"ph,tds"
62657,PIHEN-LES-GUINES,0.2,SIR BONNINGUES,2,"ph,tds"
62662,POLINCOVE,0.2,AUDRUICQ,2,"ph,tds"
62668,PREDEFIN,0.2,HEUCHIN,2,"ph,tds"
62681,QUIESTEDE,0.2,ECQUES,2,"ph,tds"
62682,QUILEN,0.2,BELLEVUE,2,"ph,tds"
62684,RACQUINGHEM,0.1994,BLENDECQUES,2,"ph,tds"
62685,RADINGHEM,0.2,,2,"ph,tds"
62690,RAYE-SUR-AUTHIE,0.2,LE BOISLE,2,"ph,tds"
62697,RECOURT,0.2,ECOURT SAINT QUENTIN,2,"ph,tds"
62703,REMY,0.2,HAUCOURT,2,"ph,tds"
62706,RICHEBOURG,0.1976,VIOLAINES,2,"ph,tds"
62708,RIENCOURT-LES-BAPAUME,0.2,SIESA,2,"ph,tds"
62715,ROCQUIGNY,0.2,SIESA,2,"ph,tds"
62717,ROELLECOURT,0.2,SAINT POL SUR TERNOISE,2,"ph,tds"
62725,ROYON,0.2,PLANQUETTE HAUT SERVICE,2,"ph,tds"
62741,SAINT-AMAND,0.2,KILIENNE,2,"ph,tds"
62747,SAINT-FLORIS,0.2,GONNEHEM,2,"ph,tds"
62749,SAINT-GEORGES,0.2,VAL CANCHE,2,"ph,tds"
62751,SAINT-INGLEVERT,0.2,SIR BONNINGUES,2,"ph,tds"
62759,SAINT-MARTIN-CHOQUEL,0.197,QUESQUES,2,"ph,tds"
62769,SAINT-TRICAT,0.2,SIR BONNINGUES,2,"ph,tds"
62775,SANGHEN,0.2,LICQUES,2,"ph,tds"
62776,SAPIGNIES,0.1927,SIESA,2,"ph,tds"
62777,SARS (LE),0.2,SIESA,2,"ph,tds"
62778,SARS-LE-BOIS,0.2,LIGNEREUIL,2,"ph,tds"
62790,SENLIS,0.2,VALLEE LYS,2,"ph,tds"
62791,SERICOURT,0.2,HAUTECLOQUE,2,"ph,tds"
62792,SERQUES,0.2,HOULLE,2,"ph,tds"
62804,SUS-SAINT-LEGER,0.2,GRAND RULLECOURT,2,"ph,tds"
62809,TERNAS,0.2,,2,"ph,tds"
62814,THIEVRES,0.2,PAS EN ARTOIS,2,"ph,tds"
62823,TORCY,0.2,PLANQUETTE HAUT SERVICE,2,"ph,tds"
62824,TORTEFONTAINE,0.2,MOURIEZ,2,"ph,tds"
62829,TRANSLOY (LE),0.2,SIESA,2,"ph,tds"
62832,TUBERSENT,0.2,BEUTIN,2,"ph,tds"
62833,VACQUERIE-LE-BOUCQ,0.2,NOEUX LES AUXI,2,"ph,tds"
62834,VACQUERIETTE-ERQUIERES,0.2,REGNAUVILLE,2,"ph,tds"
62843,VERCHIN,0.2,VALLEE LYS,2,"ph,tds"
62853,VIEIL-MOUTIER,0.2,QUESQUES,2,"ph,tds"
62856,VILLERS-BRULIN,0.2,MINGOVAL,2,"ph,tds"
62862,VINCLY,0.2,VALLEE LYS,2,"ph,tds"
62866,WABEN,0.2,CONCHIL LE TEMPLE,2,"ph,tds"
62868,WAIL,0.2,VAL CANCHE,2,"ph,tds"
62871,WAMBERCOURT,0.2,PLANQUETTE BAS SERVICE,2,"ph,tds"
62877,WARLINCOURT-LES-PAS,0.2,KILIENNE,2,"ph,tds"
62879,WARLUZEL,0.2,GRAND RULLECOURT,2,"ph,tds"
62883,WAVRANS-SUR-TERNOISE,0.2,TERNOISE,2,"ph,tds"
62885,WESTREHEM,0.2,AUCHY AU BOIS,2,"ph,tds"
62886,WICQUINGHEM,0.2,BOURTHES,2,"ph,tds"
62890,WILLEMAN,0.2,VAL CANCHE,2,"ph,tds"
63004,ANCIZES-COMPS (LES),0.8561,SIAEP SIOULE ET MORGE,2,"ph,tds"
63007,APCHAT,0.5959,ARDES BAS,2,"ph,tds"
63011,ARS-LES-FAVETS,0.8561,SIAEP SIOULE ET MORGE,2,"ph,tds"
63012,ARTONNE,0.8561,SIAEP SIOULE ET MORGE,2,"ph,tds"
63017,AUGNAT,0.5868,SME D'ISSOIRE SUD,2,"ph,tds"
63019,AULNAT,0.7987,PUY DE MUR,2,"ph,tds"
63022,AUZAT-LA-COMBELLE,0.5868,SME D'ISSOIRE SUD,2,"ph,tds"
63025,AYAT-SUR-SIOULE,0.8561,SIAEP SIOULE ET MORGE,2,"ph,tds"
63033,BEAUMONT-LES-RANDAN,0.7347,LIMONS,2,"ph,tds"
63036,BERGONNE,0.5868,SME D'ISSOIRE SUD,2,"ph,tds"
63041,BIOLLET,0.4879,,2,"ph,tds"
63046,BOUDES,0.5868,SME D'ISSOIRE SUD,2,"ph,tds"
63051,BRENAT,0.558,PONT D'ORBEIL,2,"ph,tds"
63058,BULHON,0.823,LEZOUX - ST JEAN D'HEURS,2,"ph,tds"
63059,BUSSEOL,0.7956,LE CENDRE ORCET VIC (LONGUES),2,"ph,tds"
63062,BUXIERES-SOUS-MONTAIGUT,0.8561,SIAEP SIOULE ET MORGE,2,"ph,tds"
63064,CELLE (LA),0.7185,SIAEP DU SIOULET,2,"ph,tds"
63065,CEILLOUX,0.8957,VINDIOLET PRADELLES,2,"ph,tds"
63074,CHALUS,0.5868,SME D'ISSOIRE SUD,2,"ph,tds"
63079,CHAMPAGNAT-LE-JEUNE,0.5868,SME D'ISSOIRE SUD,2,"ph,tds"
63080,CHAMPEIX,0.5752,SME D'ISSOIRE CENTRE,2,"ph,tds"
63085,CHAPDES-BEAUFORT,0.8561,SIAEP SIOULE ET MORGE,2,"ph,tds"
63088,CHAPELLE-SUR-USSON (LA),0.5868,SME D'ISSOIRE SUD,2,"ph,tds"
63089,CHAPPES,0.781,SIAEP PLAINE DE RIOM CENTRE,2,"ph,tds"
63090,CHAPTUZAT,0.8561,SIAEP SIOULE ET MORGE,2,"ph,tds"
63100,CHATEAUNEUF-LES-BAINS,0.8561,SIAEP SIOULE ET MORGE,2,"ph,tds"
63106,CHAURIAT,0.7987,PUY DE MUR,2,"ph,tds"
63107,CHAVAROUX,0.7987,PUY DE MUR,2,"ph,tds"
63108,CHEIX (LE),0.781,SIAEP PLAINE DE RIOM CENTRE,2,"ph,tds"
63110,CISTERNES-LA-FORET,0.7185,SIAEP DU SIOULET,2,"ph,tds"
63111,CLEMENSAT,0.5752,SME D'ISSOIRE CENTRE,2,"ph,tds"
63112,CLERLANDE,0.781,SIAEP PLAINE DE RIOM CENTRE,2,"ph,tds"
63114,COLLANGES,0.5868,SME D'ISSOIRE SUD,2,"ph,tds"
63115,COMBRAILLES,0.7185,SIAEP DU SIOULET,2,"ph,tds"
63116,COMBRONDE,0.8561,SIAEP SIOULE ET MORGE,2,"ph,tds"
63118,CONDAT-EN-COMBRAILLE,0.7185,SIAEP DU SIOULET,2,"ph,tds"
63122,COURGOUL,0.5868,SME D'ISSOIRE SUD,2,"ph,tds"
63130,CROUZILLE (LA),0.8561,SIAEP SIOULE ET MORGE,2,"ph,tds"
63139,DORE-L'EGLISE,0.5912,ARLANC (RESEAU COMMUNAL),2,"ph,tds"
63140,DURMIGNAT,0.8561,SIAEP SIOULE ET MORGE,2,"ph,tds"
63142,ECHANDELYS,0.8477,,2,"ph,tds"
63148,ENNEZAT,0.781,SIAEP PLAINE DE RIOM CENTRE,2,"ph,tds"
63152,ESPINASSE,0.8561,SIAEP SIOULE ET MORGE,2,"ph,tds"
63154,ESPIRAT,0.7987,PUY DE MUR,2,"ph,tds"
63155,ESTANDEUIL,0.2716,SIAEP RIVE GAUCHE DE LA DORE,2,"ph,tds"
63163,GELLES,0.7084,,2,"ph,tds"
63165,GIAT,0.7185,SIAEP DU SIOULET,2,"ph,tds"
63166,GIGNAT,0.5868,SME D'ISSOIRE SUD,2,"ph,tds"
63168,GLAINE-MONTAIGUT,0.2716,SIAEP RIVE GAUCHE DE LA DORE,2,"ph,tds"
63171,GOUTTIERES,0.8561,SIAEP SIOULE ET MORGE,2,"ph,tds"
63185,LAMONTGIE,0.5855,SME D'ISSOIRE SUD,2,"ph,tds"
63187,LAPEYROUSE,0.8561,SIAEP SIOULE ET MORGE,2,"ph,tds"
63190,LARODDE,0.5452,SIAEP BURANDE MORTAGNE,2,"ph,tds"
63194,LEMPTY,0.7987,PUY DE MUR,2,"ph,tds"
63198,LOUBEYRAT,0.774,MANZAT-LA COUSSIDIERE,2,"ph,tds"
63199,LUDESSE,0.5752,SME D'ISSOIRE CENTRE,2,"ph,tds"
63202,MADRIAT,0.5868,SME D'ISSOIRE SUD,2,"ph,tds"
63208,MARCILLAT,0.8561,SIAEP SIOULE ET MORGE,2,"ph,tds"
63209,MAREUGHEOL,0.5868,SME D'ISSOIRE SUD,2,"ph,tds"
63210,MARINGUES,0.7987,PUY DE MUR,2,"ph,tds"
63213,MARTRES-D'ARTIERE (LES),0.7987,PUY DE MUR,2,"ph,tds"
63216,MAUZUN,0.2716,SIAEP RIVE GAUCHE DE LA DORE,2,"ph,tds"
63222,MEILHAUD,0.5752,SME D'ISSOIRE CENTRE,2,"ph,tds"
63224,MENETROL,0.781,SIAEP PLAINE DE RIOM CENTRE,2,"ph,tds"
63226,MUR-SUR-ALLIER,0.7987,PUY DE MUR,2,"ph,tds"
63228,MIREMONT,0.7185,SIAEP DU SIOULET,2,"ph,tds"
63229,MOISSAT,0.7987,PUY DE MUR,2,"ph,tds"
63232,MONS,0.7347,LIMONS,2,"ph,tds"
63233,MONTAIGUT-EN-COMBRAILLE,0.8561,SIAEP SIOULE ET MORGE,2,"ph,tds"
63235,MONTCEL,0.8561,SIAEP SIOULE ET MORGE,2,"ph,tds"
63238,MONTFERMY,0.8561,SIAEP SIOULE ET MORGE,2,"ph,tds"
63241,MONTPEYROUX,0.5752,SME D'ISSOIRE CENTRE,2,"ph,tds"
63243,MOUREUILLE,0.8561,SIAEP SIOULE ET MORGE,2,"ph,tds"
63249,NERONDE-SUR-DORE,0.2716,SIAEP RIVE GAUCHE DE LA DORE,2,"ph,tds"
63250,NESCHERS,0.5752,SME D'ISSOIRE CENTRE,2,"ph,tds"
63251,NEUF-EGLISE,0.8561,SIAEP SIOULE ET MORGE,2,"ph,tds"
63253,NOALHAT,0.4984,SIAEP RIVE DROITE DE LA DORE,2,"ph,tds"
63262,ORCET,0.7956,LE CENDRE ORCET VIC (LONGUES),2,"ph,tds"
63268,PARDINES,0.5752,SME D'ISSOIRE CENTRE,2,"ph,tds"
63269,PARENT,0.5729,SME D'ISSOIRE CENTRE,2,"ph,tds"
63270,PARENTIGNAT,0.5868,SME D'ISSOIRE SUD,2,"ph,tds"
63277,PESLIERES,0.489,,2,"ph,tds"
63282,PLAUZAT,0.5752,SME D'ISSOIRE CENTRE,2,"ph,tds"
63283,PONTAUMUR,0.7185,SIAEP DU SIOULET,2,"ph,tds"
63285,PONTGIBAUD,0.8561,SIAEP SIOULE ET MORGE,2,"ph,tds"
63286,POUZOL,0.8561,SIAEP SIOULE ET MORGE,2,"ph,tds"
63287,PRADEAUX (LES),0.5868,SME D'ISSOIRE SUD,2,"ph,tds"
63288,PROMPSAT,0.7701,CHATEAUGAY ENVAL,2,"ph,tds"
63292,PUY-SAINT-GULMIER,0.4806,ST HILAIRE LES MONGES,2,"ph,tds"
63294,QUEUILLE,0.8561,SIAEP SIOULE ET MORGE,2,"ph,tds"
63296,RAVEL,0.7987,PUY DE MUR,2,"ph,tds"
63297,REIGNAT,0.7987,PUY DE MUR,2,"ph,tds"
63311,SAINT-AGOULIN,0.8561,SIAEP SIOULE ET MORGE,2,"ph,tds"
63318,SAINT-ANGEL,0.8561,SIAEP SIOULE ET MORGE,2,"ph,tds"
63320,SAINT-AVIT,0.7185,SIAEP DU SIOULET,2,"ph,tds"
63329,SAINTE-CHRISTINE,0.8561,SIAEP SIOULE ET MORGE,2,"ph,tds"
63332,SAINT-CLEMENT-DE-REGNAT,0.8339,SIAEP PLAINE DE RIOM EST,2,"ph,tds"
63333,SAINT-DENIS-COMBARNAZAT,0.7347,LIMONS,2,"ph,tds"
63334,SAINT-DIER-D'AUVERGNE,0.2716,SIAEP RIVE GAUCHE DE LA DORE,2,"ph,tds"
63335,SAINT-DIERY,0.5752,SME D'ISSOIRE CENTRE,2,"ph,tds"
63338,SAINT-ELOY-LES-MINES,0.8561,SIAEP SIOULE ET MORGE,2,"ph,tds"
63339,SAINT-ETIENNE-DES-CHAMPS,0.7185,SIAEP DU SIOULET,2,"ph,tds"
63340,SAINT-ETIENNE-SUR-USSON,0.5868,SME D'ISSOIRE SUD,2,"ph,tds"
63342,SAINT-FLORET,0.5868,SME D'ISSOIRE SUD,2,"ph,tds"
63343,SAINT-FLOUR,0.2716,SIAEP RIVE GAUCHE DE LA DORE,2,"ph,tds"
63344,SAINT-GAL-SUR-SIOULE,0.8561,SIAEP SIOULE ET MORGE,2,"ph,tds"
63347,SAINT-GENES-DU-RETZ,0.8561,SIAEP SIOULE ET MORGE,2,"ph,tds"
63348,SAINT-GENES-LA-TOURETTE,0.5868,SME D'ISSOIRE SUD,2,"ph,tds"
63349,SAINT-GEORGES-DE-MONS,0.8561,SIAEP SIOULE ET MORGE,2,"ph,tds"
63350,SAINT-GEORGES-SUR-ALLIER,0.7956,LE CENDRE ORCET VIC (LONGUES),2,"ph,tds"
63352,SAINT-GERMAIN-LEMBRON,0.5868,SME D'ISSOIRE SUD,2,"ph,tds"
63354,SAINT-GERVAIS-D'AUVERGNE,0.8561,SIAEP SIOULE ET MORGE,2,"ph,tds"
63355,SAINT-GERVAIS-SOUS-MEYMONT,0.4472,SIAEP DE LA FAYE,2,"ph,tds"
63357,SAINT-HERENT,0.5868,SME D'ISSOIRE SUD,2,"ph,tds"
63358,SAINT-HILAIRE-LA-CROIX,0.8561,SIAEP SIOULE ET MORGE,2,"ph,tds"
63362,SAINT-IGNAT,0.7987,PUY DE MUR,2,"ph,tds"
63363,SAINT-JACQUES-D'AMBUR,0.7185,SIAEP DU SIOULET,2,"ph,tds"
63365,SAINT-JEAN-DES-OLLIERES,0.8781,AUZELLES ST JEAN,2,"ph,tds"
63366,SAINT-JEAN-EN-VAL,0.5868,SME D'ISSOIRE SUD,2,"ph,tds"
63369,SAINT-JULIEN-LA-GENESTE,0.8561,SIAEP SIOULE ET MORGE,2,"ph,tds"
63372,SAINT-LAURE,0.7987,PUY DE MUR,2,"ph,tds"
63375,SAINT-MARTIN-DES-PLAINS,0.5868,SME D'ISSOIRE SUD,2,"ph,tds"
63378,SAINT-MAURICE,0.7956,LE CENDRE ORCET VIC (LONGUES),2,"ph,tds"
63379,SAINT-MYON,0.8561,SIAEP SIOULE ET MORGE,2,"ph,tds"
63382,SAINT-PARDOUX,0.8561,SIAEP SIOULE ET MORGE,2,"ph,tds"
63386,SAINT-PIERRE-ROCHE,0.7185,SIAEP DU SIOULET,2,"ph,tds"
63391,SAINT-REMY-DE-BLOT,0.8561,SIAEP SIOULE ET MORGE,2,"ph,tds"
63392,SAINT-REMY-DE-CHARGNAT,0.5868,SME D'ISSOIRE SUD,2,"ph,tds"
63398,SAINT-SAUVEUR-LA-SAGNE,0.5449,CHAUVIAUX BESSE LA SAVOIE,2,"ph,tds"
63403,SAINT-VINCENT,0.5752,SME D'ISSOIRE CENTRE,2,"ph,tds"
63404,SAINT-YVOINE,0.5752,SME D'ISSOIRE CENTRE,2,"ph,tds"
63406,SARDON,0.8339,SIAEP PLAINE DE RIOM EST,2,"ph,tds"
63408,SAURET-BESSERVE,0.8561,SIAEP SIOULE ET MORGE,2,"ph,tds"
63409,SAURIER,0.5868,SME D'ISSOIRE SUD,2,"ph,tds"
63411,SAUVAGNAT-SAINTE-MARTHE,0.5752,SME D'ISSOIRE CENTRE,2,"ph,tds"
63413,SAUVETAT (LA),0.5752,SME D'ISSOIRE CENTRE,2,"ph,tds"
63414,SAUVIAT,0.4472,SIAEP DE LA FAYE,2,"ph,tds"
63418,SERMENTIZON,0.2716,SIAEP RIVE GAUCHE DE LA DORE,2,"ph,tds"
63422,SOLIGNAT,0.5868,SME D'ISSOIRE SUD,2,"ph,tds"
63425,TALLENDE,0.4574,SME D'ISSOIRE NORD,2,"ph,tds"
63427,TEILHEDE,0.8561,SIAEP SIOULE ET MORGE,2,"ph,tds"
63428,TEILHET,0.8561,SIAEP SIOULE ET MORGE,2,"ph,tds"
63429,TERNANT-LES-EAUX,0.5868,SME D'ISSOIRE SUD,2,"ph,tds"
63435,TOURZEL-RONZIERES,0.5868,SME D'ISSOIRE SUD,2,"ph,tds"
63436,TRALAIGUES,0.7185,SIAEP DU SIOULET,2,"ph,tds"
63437,TREMOUILLE-SAINT-LOUP,0.5452,SIAEP BURANDE MORTAGNE,2,"ph,tds"
63438,TREZIOUX,0.2716,SIAEP RIVE GAUCHE DE LA DORE,2,"ph,tds"
63439,USSON,0.5868,SME D'ISSOIRE SUD,2,"ph,tds"
63442,VALZ-SOUS-CHATEAUNEUF,0.5868,SME D'ISSOIRE SUD,2,"ph,tds"
63443,VARENNES-SUR-MORGE,0.781,SIAEP PLAINE DE RIOM CENTRE,2,"ph,tds"
63445,VASSEL,0.7987,PUY DE MUR,2,"ph,tds"
63446,VENSAT,0.8561,SIAEP SIOULE ET MORGE,2,"ph,tds"
63452,VERRIERES,0.5752,SME D'ISSOIRE CENTRE,2,"ph,tds"
63459,VILLENEUVE-LES-CERFS,0.8339,SIAEP PLAINE DE RIOM EST,2,"ph,tds"
63462,VIRLET,0.8561,SIAEP SIOULE ET MORGE,2,"ph,tds"
63464,VITRAC,0.8561,SIAEP SIOULE ET MORGE,2,"ph,tds"
63466,VODABLE,0.5868,SME D'ISSOIRE SUD,2,"ph,tds"
64005,ABOS,0.1998,GAVE ET BAISE,2,"ph,tds"
64012,AINHARP,0.4519,SOULE - MAULEON,2,"ph,tds"
64013,AINHICE-MONGELOS,0.4457,AINHICE,2,"ph,tds"
64028,ANOYE,0.4161,REGION PONTACQ MONTANER LALONGUE,2,"ph,tds"
64031,ARANCOU,0.2,ARANCOU BERGOUEY VIELLENAVE,2,"ph,tds"
64034,ARBERATS-SILLEGUE,0.1991,PAYS DE MIXE-BIDACHE,2,"ph,tds"
64036,ARBOUET-SUSSAUTE,0.1989,PAYS DE MIXE-BIDACHE,2,"ph,tds"
64037,ARBUS,0.1997,GAVE ET BAISE,2,"ph,tds"
64043,ARGELOS,0.2515,LUY ET GABAS OUEST,2,"ph,tds"
64050,ARRAST-LARREBIEU,0.4507,SOULE - MAULEON,2,"ph,tds"
64051,ARRAUTE-CHARRITTE,0.1993,PAYS DE MIXE-BIDACHE,2,"ph,tds"
64056,ARROSES,0.4452,REGION DE CROUSEILLES,2,"ph,tds"
64060,ARTIGUELOUVE,0.2,GAVE ET BAISE,2,"ph,tds"
64066,ASCARAT,0.4457,AINHICE,2,"ph,tds"
64070,ASTIS,0.2516,LUY ET GABAS OUEST,2,"ph,tds"
64074,AUBOUS,0.4381,REGION DE GARLIN 2,2,"ph,tds"
64079,AURIONS-IDERNES,0.4444,REGION DE CROUSEILLES,2,"ph,tds"
64083,AUTEVIELLE-SAINT-MARTIN-BIDEREN,0.2,REGION DE SAUVETERRE,2,"ph,tds"
64088,BALANSUN,0.2,REGION D'ARTIX,2,"ph,tds"
64090,BALIRACQ-MAUMUSSON,0.2872,REGION DE GARLIN,2,"ph,tds"
64091,BALIROS,0.483,NAY OUEST,2,"ph,tds"
64093,BARCUS,0.4516,SOULE - MAULEON,2,"ph,tds"
64094,BARDOS,0.199,PAYS DE MIXE-BIDACHE,2,"ph,tds"
64095,BARINQUE,0.4027,LUY ET GABAS CENTRE,2,"ph,tds"
64098,BASSILLON-VAUZE,0.4704,REGION DE LEMBEYE,2,"ph,tds"
64099,BASTANES,0.4386,SYNDICAT DE NAVARRENX,2,"ph,tds"
64101,BAUDREIX,0.4124,PLAINE DE NAY,2,"ph,tds"
64103,BEDEILLE,0.4166,REGION PONTACQ MONTANER LALONGUE,2,"ph,tds"
64105,BEGUIOS,0.2,PAYS DE MIXE-BIDACHE,2,"ph,tds"
64106,BEHASQUE-LAPISTE,0.2,PAYS DE MIXE-BIDACHE,2,"ph,tds"
64114,BERNADETS,0.2521,LUY ET GABAS OUEST,2,"ph,tds"
64115,BERROGAIN-LARUNS,0.4519,SOULE - MAULEON,2,"ph,tds"
64116,BESCAT,0.2926,VALLEE D'OSSAU,2,"ph,tds"
64117,BESINGRAND,0.2,GAVE ET BAISE,2,"ph,tds"
64119,BEUSTE,0.4118,PLAINE DE NAY,2,"ph,tds"
64120,BEYRIE-SUR-JOYEUSE,0.1994,PAYS DE MIXE-BIDACHE,2,"ph,tds"
64121,BEYRIE-EN-BEARN,0.1993,REGION D'ARTIX,2,"ph,tds"
64131,BIRON,0.2,GAVE ET BAISE,2,"ph,tds"
64135,BONNUT,0.2,BAIGTS BONNUT GIRONS SALLESPIS,2,"ph,tds"
64137,BORDERES,0.4128,PLAINE DE NAY,2,"ph,tds"
64142,BOUGARBER,0.1996,REGION D'ARTIX,2,"ph,tds"
64143,BOUILLON,0.2518,LUY ET GABAS OUEST,2,"ph,tds"
64144,BOUMOURT,0.2,REGION D'ARTIX,2,"ph,tds"
64149,BUGNEIN,0.1993,GAVE ET BAISE,2,"ph,tds"
64150,BUNUS,0.2,REGION DE L'OSTABARRET,2,"ph,tds"
64151,BURGARONNE,0.2,REGION DE SALIES,2,"ph,tds"
64152,BUROS,0.2519,LUY ET GABAS OUEST,2,"ph,tds"
64155,BUSTINCE-IRIBERRY,0.4457,AINHICE,2,"ph,tds"
64157,BUZY,0.2,SYNDICAT D'OGEU LES BAINS,2,"ph,tds"
64158,CABIDOS,0.1991,REGION D'ARZACQ,2,"ph,tds"
64165,CARDESSE,0.2,GAVE ET BAISE,2,"ph,tds"
64166,CARO,0.4457,AINHICE,2,"ph,tds"
64170,CASTAGNEDE,0.2,,2,"ph,tds"
64171,CASTEIDE-CAMI,0.1984,REGION D'ARTIX,2,"ph,tds"
64176,CASTETBON,0.4386,SYNDICAT DE NAVARRENX,2,"ph,tds"
64178,CASTETNAU-CAMBLONG,0.4386,SYNDICAT DE NAVARRENX,2,"ph,tds"
64180,CASTETPUGON,0.2872,REGION DE GARLIN,2,"ph,tds"
64181,CASTILLON (CANTON D'ARTHEZ-DE-BEARN),0.2,REGION D'ARTIX,2,"ph,tds"
64184,CESCAU,0.1996,REGION D'ARTIX,2,"ph,tds"
64187,CHARRITTE-DE-BAS,0.4519,SOULE - MAULEON,2,"ph,tds"
64192,CONCHEZ-DE-BEARN,0.4381,REGION DE GARLIN 2,2,"ph,tds"
64193,CORBERE-ABERES,0.4452,REGION DE CROUSEILLES,2,"ph,tds"
64196,CROUSEILLES,0.4452,REGION DE CROUSEILLES,2,"ph,tds"
64197,CUQUERON,0.2,GAVE ET BAISE,2,"ph,tds"
64199,DIUSSE,0.4381,REGION DE GARLIN 2,2,"ph,tds"
64201,DOGNEN,0.4386,SYNDICAT DE NAVARRENX,2,"ph,tds"
64202,DOMEZAIN-BERRAUTE,0.2,PAYS DE MIXE-BIDACHE,2,"ph,tds"
64203,DOUMY,0.2521,LUY ET GABAS OUEST,2,"ph,tds"
64207,ESCOU,0.199,SYNDICAT D'OGEU LES BAINS,2,"ph,tds"
64210,ESCURES,0.4702,REGION DE LEMBEYE,2,"ph,tds"
64211,ESLOURENTIES-DABAN,0.4371,LUY ET GABAS EST,2,"ph,tds"
64212,ESPECHEDE,0.2182,VALLEE DE L'OUSSE OUEST,2,"ph,tds"
64214,ESPES-UNDUREIN,0.4517,SOULE - MAULEON,2,"ph,tds"
64215,ESPIUTE,0.2,SECTEUR NABAS-ESPIUTE,2,"ph,tds"
64219,ESTIALESCQ,0.2,SYNDICAT D'OGEU LES BAINS,2,"ph,tds"
64221,ETCHARRY,0.2,PAYS DE MIXE-BIDACHE,2,"ph,tds"
64226,FICHOUS-RIUMAYOU,0.2521,LUY ET GABAS OUEST,2,"ph,tds"
64227,GABASTON,0.4036,LUY ET GABAS CENTRE,2,"ph,tds"
64228,GABAT,0.1996,PAYS DE MIXE-BIDACHE,2,"ph,tds"
64231,GARINDEIN,0.2,MAULEON-GARINDEIN,2,"ph,tds"
64232,GARLEDE-MONDEBAT,0.1993,REGION D'ARZACQ,2,"ph,tds"
64233,GARLIN,0.2872,REGION DE GARLIN,2,"ph,tds"
64234,GAROS,0.2521,LUY ET GABAS OUEST,2,"ph,tds"
64235,GARRIS,0.2,PAYS DE MIXE-BIDACHE,2,"ph,tds"
64236,GAYON,0.4166,REGION PONTACQ MONTANER LALONGUE,2,"ph,tds"
64239,GERDEREST,0.4162,REGION PONTACQ MONTANER LALONGUE,2,"ph,tds"
64243,GEUS-D'ARZACQ,0.2518,LUY ET GABAS OUEST,2,"ph,tds"
64244,GEUS-D'OLORON,0.2,SYNDICAT DU VERT,2,"ph,tds"
64251,GUINARTHE-PARENTIES,0.2,REGION DE SAUVETERRE,2,"ph,tds"
64252,GURMENCON,0.6775,AGNOS GURMENCON ASASP ARROS,2,"ph,tds"
64254,HAGETAUBIN,0.2,REGION D'ARTIX,2,"ph,tds"
64255,HALSOU,0.6631,URA - CAMBO LES BAINS,2,"ph,tds"
64262,HIGUERES-SOUYE,0.4036,LUY ET GABAS CENTRE,2,"ph,tds"
64263,HOPITAL-D'ORION (L'),0.2,REGION DE SALIES,2,"ph,tds"
64267,IBARROLLE,0.4457,AINHICE,2,"ph,tds"
64270,IGON,0.413,PLAINE DE NAY,2,"ph,tds"
64272,ILHARRE,0.2,PAYS DE MIXE-BIDACHE,2,"ph,tds"
64277,ISTURITS,0.2,LES EAUX D'ARBEROUE,2,"ph,tds"
64280,IZESTE,0.2926,VALLEE D'OSSAU,2,"ph,tds"
64281,JASSES,0.4386,SYNDICAT DE NAVARRENX,2,"ph,tds"
64282,JATXOU,0.7138,URA - ARCANGUES,2,"ph,tds"
64283,JAXU,0.4457,AINHICE,2,"ph,tds"
64285,JUXUE,0.2818,SOULE - MAULEON,2,"ph,tds"
64287,LAAS,0.4381,SYNDICAT DE NAVARRENX,2,"ph,tds"
64292,LABATMALE,0.4159,REGION PONTACQ MONTANER LALONGUE,2,"ph,tds"
64293,LABATUT,0.4166,REGION PONTACQ MONTANER LALONGUE,2,"ph,tds"
64294,LABETS-BISCAY,0.2,PAYS DE MIXE-BIDACHE,2,"ph,tds"
64296,LACADEE,0.2,LACADEE LABEYRIE HAGETAUBIN,2,"ph,tds"
64297,LACARRE,0.4457,AINHICE,2,"ph,tds"
64298,LACARRY-ARHAN-CHARRITTE-DE-HAUT,0.2,SOULE - ALCAY,2,"ph,tds"
64299,LACOMMANDE,0.2,GAVE ET BAISE,2,"ph,tds"
64300,LACQ,0.1999,REGION D'ARTIX,2,"ph,tds"
64301,LAGOR,0.1994,GAVE ET BAISE,2,"ph,tds"
64303,LAGUINGE-RESTOUE,0.1993,SOULE - ALCAY,2,"ph,tds"
64305,LAHONTAN,0.2,REGION DE SALIES,2,"ph,tds"
64306,LAHOURCADE,0.1995,GAVE ET BAISE,2,"ph,tds"
64308,LALONQUETTE,0.2,REGION D'ARZACQ,2,"ph,tds"
64313,LANTABAT,0.1991,REGION DE L'OSTABARRET,2,"ph,tds"
64314,LARCEVEAU-ARROS-CIBITS,0.2,REGION DE L'OSTABARRET,2,"ph,tds"
64315,LAROIN,0.2,GAVE ET BAISE,2,"ph,tds"
64318,LARREULE,0.2521,LUY ET GABAS OUEST,2,"ph,tds"
64319,LARRIBAR-SORHAPURU,0.2,PAYS DE MIXE-BIDACHE,2,"ph,tds"
64321,LASCLAVERIES,0.3828,SECTEUR SEVIGNACQ THEZE,2,"ph,tds"
64323,LASSERRE,0.4452,REGION DE CROUSEILLES,2,"ph,tds"
64324,LASSEUBE,0.1996,GAVE ET BAISE,2,"ph,tds"
64329,LEE,0.2185,VALLEE DE L'OUSSE OUEST,2,"ph,tds"
64332,LEME,0.2,REGION D'ARZACQ,2,"ph,tds"
64334,LEREN,0.2,REGION DE SALIES,2,"ph,tds"
64337,LESPIELLE,0.4537,,2,"ph,tds"
64338,LESPOURCY,0.4371,LUY ET GABAS EST,2,"ph,tds"
64341,LICHOS,0.4516,SOULE - MAULEON,2,"ph,tds"
64343,LIMENDOUS,0.2187,VALLEE DE L'OUSSE OUEST,2,"ph,tds"
64344,LIVRON,0.4166,REGION PONTACQ MONTANER LALONGUE,2,"ph,tds"
64346,LOMBIA,0.4365,LUY ET GABAS EST,2,"ph,tds"
64347,LONCON,0.2516,LUY ET GABAS OUEST,2,"ph,tds"
64352,LOURENTIES,0.2187,VALLEE DE L'OUSSE OUEST,2,"ph,tds"
64355,LOUVIGNY,0.2,REGION D'ARZACQ,2,"ph,tds"
64356,LUC-ARMAU,0.4704,REGION DE LEMBEYE,2,"ph,tds"
64357,LUCARRE,0.4166,REGION PONTACQ MONTANER LALONGUE,2,"ph,tds"
64358,LUCGARIER,0.4157,REGION PONTACQ MONTANER LALONGUE,2,"ph,tds"
64359,LUCQ-DE-BEARN,0.1985,GAVE ET BAISE,2,"ph,tds"
64361,LUSSAGNET-LUSSON,0.4166,REGION PONTACQ MONTANER LALONGUE,2,"ph,tds"
64362,LUXE-SUMBERRAUTE,0.2,PAYS DE MIXE-BIDACHE,2,"ph,tds"
64365,MALAUSSANNE,0.2,REGION D'ARZACQ,2,"ph,tds"
64366,MASCARAAS-HARON,0.286,REGION DE GARLIN,2,"ph,tds"
64367,MASLACQ,0.2,GAVE ET BAISE,2,"ph,tds"
64368,MASPARRAUTE,0.2,PAYS DE MIXE-BIDACHE,2,"ph,tds"
64369,MASPIE-LALONQUERE-JUILLACQ,0.4163,REGION PONTACQ MONTANER LALONGUE,2,"ph,tds"
64372,MAURE,0.4158,REGION PONTACQ MONTANER LALONGUE,2,"ph,tds"
64374,MAZEROLLES,0.2508,LUY ET GABAS OUEST,2,"ph,tds"
64380,MERACQ,0.2,REGION D'ARZACQ,2,"ph,tds"
64381,MERITEIN,0.4386,SYNDICAT DE NAVARRENX,2,"ph,tds"
64382,MESPLEDE,0.2,REGION D'ARTIX,2,"ph,tds"
64383,MIALOS,0.2,REGION D'ARZACQ,2,"ph,tds"
64388,MOMY,0.4166,REGION PONTACQ MONTANER LALONGUE,2,"ph,tds"
64389,MONASSUT-AUDIRACQ,0.4157,REGION PONTACQ MONTANER LALONGUE,2,"ph,tds"
64390,MONCAUP,0.4452,REGION DE CROUSEILLES,2,"ph,tds"
64391,MONCAYOLLE-LARRORY-MENDIBIEU,0.4512,SOULE - MAULEON,2,"ph,tds"
64392,MONCLA,0.2865,REGION DE GARLIN,2,"ph,tds"
64393,MONEIN,0.1996,GAVE ET BAISE,2,"ph,tds"
64394,MONPEZAT,0.4452,REGION DE CROUSEILLES,2,"ph,tds"
64395,MONSEGUR,0.4166,REGION PONTACQ MONTANER LALONGUE,2,"ph,tds"
64397,MONTAGUT,0.2,REGION D'ARZACQ,2,"ph,tds"
64398,MONTANER,0.4166,REGION PONTACQ MONTANER LALONGUE,2,"ph,tds"
64400,MONTAUT,0.315,,2,"ph,tds"
64401,MONT-DISSE,0.4381,REGION DE GARLIN 2,2,"ph,tds"
64403,MONTFORT,0.438,SYNDICAT DE NAVARRENX,2,"ph,tds"
64412,NABAS,0.1994,SECTEUR NABAS-ESPIUTE,2,"ph,tds"
64414,NARP,0.4386,SYNDICAT DE NAVARRENX,2,"ph,tds"
64415,NAVAILLES-ANGOS,0.2521,LUY ET GABAS OUEST,2,"ph,tds"
64420,OGENNE-CAMPTORT,0.4382,SYNDICAT DE NAVARRENX,2,"ph,tds"
64423,ORAAS,0.2,REGION DE SAUVETERRE,2,"ph,tds"
64425,OREGUE,0.1996,PAYS DE MIXE-BIDACHE,2,"ph,tds"
64427,ORION,0.2,REGION DE SALIES,2,"ph,tds"
64428,ORRIULE,0.2,REGION DE SALIES,2,"ph,tds"
64431,OS-MARSILLON,0.2,GAVE ET BAISE,2,"ph,tds"
64432,OSSAS-SUHARE,0.2,SOULE - ALCAY,2,"ph,tds"
64434,OSSENX,0.4386,SYNDICAT DE NAVARRENX,2,"ph,tds"
64437,OSTABAT-ASME,0.1995,REGION DE L'OSTABARRET,2,"ph,tds"
64438,OUILLON,0.2187,VALLEE DE L'OUSSE OUEST,2,"ph,tds"
64440,OZENX-MONTESTRUCQ,0.2,SYNDICAT DE GRECHEZ,2,"ph,tds"
64442,PARBAYSE,0.2,GAVE ET BAISE,2,"ph,tds"
64443,PARDIES,0.1997,GAVE ET BAISE,2,"ph,tds"
64446,PEYRELONGUE-ABOS,0.4166,REGION PONTACQ MONTANER LALONGUE,2,"ph,tds"
64447,PIETS-PLASENCE-MOUSTROU,0.1995,REGION D'ARZACQ,2,"ph,tds"
64450,POMPS,0.2521,LUY ET GABAS OUEST,2,"ph,tds"
64451,PONSON-DEBAT-POUTS,0.4166,REGION PONTACQ MONTANER LALONGUE,2,"ph,tds"
64452,PONSON-DESSUS,0.4166,REGION PONTACQ MONTANER LALONGUE,2,"ph,tds"
64454,PONTIACQ-VIELLEPINTE,0.4166,REGION PONTACQ MONTANER LALONGUE,2,"ph,tds"
64455,PORTET,0.4381,REGION DE GARLIN 2,2,"ph,tds"
64456,POULIACQ,0.1996,REGION D'ARZACQ,2,"ph,tds"
64457,POURSIUGUES-BOUCOUE,0.1994,REGION D'ARZACQ,2,"ph,tds"
64459,PRECHACQ-NAVARRENX,0.1998,,2,"ph,tds"
64461,PUYOO,0.2,REGION DE SALIES,2,"ph,tds"
64462,RAMOUS,0.2,REGION DE SALIES,2,"ph,tds"
64463,REBENACQ,0.2926,VALLEE D'OSSAU,2,"ph,tds"
64464,RIBARROUY,0.2858,REGION DE GARLIN,2,"ph,tds"
64466,RIVEHAUTE,0.2,,2,"ph,tds"
64469,SAINT-ABIT,0.4832,NAY OUEST,2,"ph,tds"
64470,SAINT-ARMOU,0.2516,LUY ET GABAS OUEST,2,"ph,tds"
64472,SAINT-CASTIN,0.2517,LUY ET GABAS OUEST,2,"ph,tds"
64474,SAINT-DOS,0.2,REGION DE SALIES,2,"ph,tds"
64478,SAINT-FAUST,0.2,GAVE ET BAISE,2,"ph,tds"
64486,SAINT-JEAN-POUDGE,0.4381,REGION DE GARLIN 2,2,"ph,tds"
64487,SAINT-JUST-IBARRE,0.1995,REGION DE L'OSTABARRET,2,"ph,tds"
64488,SAINT-LAURENT-BRETAGNE,0.4371,LUY ET GABAS EST,2,"ph,tds"
64489,SAINT-MARTIN-D'ARBEROUE,0.2,LES EAUX D'ARBEROUE,2,"ph,tds"
64491,SAINT-MEDARD,0.1995,REGION D'ARZACQ,2,"ph,tds"
64492,SAINT-MICHEL,0.4457,AINHICE,2,"ph,tds"
64498,SAINT-VINCENT,0.413,PLAINE DE NAY,2,"ph,tds"
64501,SALLESPISSE,0.2,,2,"ph,tds"
64505,SARPOURENX,0.1997,GAVE ET BAISE,2,"ph,tds"
64507,SAUBOLE,0.4371,LUY ET GABAS EST,2,"ph,tds"
64509,SAUGUIS-SAINT-ETIENNE,0.2,SOULE - ALCAY,2,"ph,tds"
64511,SAUVAGNON,0.2521,LUY ET GABAS OUEST,2,"ph,tds"
64513,SAUVETERRE-DE-BEARN,0.2,,2,"ph,tds"
64514,SEBY,0.2521,LUY ET GABAS OUEST,2,"ph,tds"
64515,SEDZE-MAUBECQ,0.4371,LUY ET GABAS EST,2,"ph,tds"
64516,SEDZERE,0.4371,LUY ET GABAS EST,2,"ph,tds"
64519,SERRES-CASTET,0.2518,LUY ET GABAS OUEST,2,"ph,tds"
64521,SERRES-SAINTE-MARIE,0.2,REGION D'ARTIX,2,"ph,tds"
64525,SIROS,0.1997,SYNDICAT DE LESCAR,2,"ph,tds"
64526,SOUMOULOU,0.2182,VALLEE DE L'OUSSE OUEST,2,"ph,tds"
64528,SUHESCUN,0.4453,AINHICE,2,"ph,tds"
64529,SUS,0.4386,SYNDICAT DE NAVARRENX,2,"ph,tds"
64530,SUSMIOU,0.4379,SYNDICAT DE NAVARRENX,2,"ph,tds"
64532,TADOUSSE-USSAU,0.4381,REGION DE GARLIN 2,2,"ph,tds"
64534,TARON-SADIRAC-VIELLENAVE,0.2872,REGION DE GARLIN,2,"ph,tds"
64538,UHART-CIZE,0.4457,AINHICE,2,"ph,tds"
64539,UHART-MIXE,0.2,PAYS DE MIXE-BIDACHE,2,"ph,tds"
64546,URT,0.2165,URA - SAINT PIERRE D'IRUBE,2,"ph,tds"
64548,UZAN,0.2521,LUY ET GABAS OUEST,2,"ph,tds"
64549,UZEIN,0.2521,LUY ET GABAS OUEST,2,"ph,tds"
64551,VERDETS,0.2877,ESTOS LEDEUIX VERDETS POEY D'OLORON,2,"ph,tds"
64552,VIALER,0.2872,REGION DE GARLIN,2,"ph,tds"
64555,VIELLENAVE-DE-NAVARRENX,0.4386,SYNDICAT DE NAVARRENX,2,"ph,tds"
64557,VIGNES,0.2,REGION D'ARZACQ,2,"ph,tds"
64560,VIVEN,0.2521,LUY ET GABAS OUEST,2,"ph,tds"
65012,ANLA,0.7079,BAROUSSE-COMMINGES,2,"ph,tds"
65014,ANTICHAN,0.7068,BAROUSSE-COMMINGES,2,"ph,tds"
65015,ANTIN,0.884,VALLEE DU LIZON,2,"ph,tds"
65020,ARCIZAC-EZ-ANGLES,0.7259,LE MARQUISAT  GENERAL,2,"ph,tds"
65026,ARIES-ESPENAN,0.5525,GERS BAISE,2,"ph,tds"
65037,ARTIGUEMY,0.3076,ARROS-LIES,2,"ph,tds"
65043,ASTUGUE,0.7267,LE MARQUISAT  GENERAL,2,"ph,tds"
65044,AUBAREDE,0.1975,ARROS-THUY,2,"ph,tds"
65048,AURENSAN,0.5311,NORD DE TARBES,2,"ph,tds"
65051,AVENTIGNAN,0.6636,ARIZE,2,"ph,tds"
65065,BARLEST,0.6858,3 VALLEES AUTRES COMMUNES,2,"ph,tds"
65073,BAZILLAC,0.5316,NORD DE TARBES,2,"ph,tds"
65076,BAZUS-NESTE,0.6628,ARIZE,2,"ph,tds"
65080,BENAC,0.7267,LE MARQUISAT  GENERAL,2,"ph,tds"
65085,BERNADETS-DEBAT,0.884,VALLEE DU LIZON,2,"ph,tds"
65086,BERNADETS-DESSUS,0.8821,VALLEE DU LIZON,2,"ph,tds"
65087,BERTREN,0.7073,BAROUSSE-COMMINGES,2,"ph,tds"
65088,BETBEZE,0.7075,BAROUSSE-COMMINGES,2,"ph,tds"
65090,BETPOUY,0.795,HOUNTAGNERE,2,"ph,tds"
65091,BETTES,0.2308,ARROS-BARONNIES,2,"ph,tds"
65093,BIZE,0.6648,ARIZE,2,"ph,tds"
65094,BIZOUS,0.6648,ARIZE,2,"ph,tds"
65095,BONNEFONT,0.8832,VALLEE DU LIZON,2,"ph,tds"
65096,BONNEMAZON,0.2308,ARROS-BARONNIES,2,"ph,tds"
65097,BONREPOS,0.5525,GERS BAISE,2,"ph,tds"
65102,BOUILH-DEVANT,0.8824,VALLEE DU LIZON,2,"ph,tds"
65104,BOULIN,0.2824,ADOUR COTEAUX,2,"ph,tds"
65105,BOURG-DE-BIGORRE,0.2308,ARROS-BARONNIES,2,"ph,tds"
65107,BOURREAC,0.1999,,2,"ph,tds"
65108,BOURS,0.2828,ADOUR COTEAUX,2,"ph,tds"
65109,BRAMEVAQUE,0.7079,BAROUSSE-COMMINGES,2,"ph,tds"
65110,BUGARD,0.883,VALLEE DU LIZON,2,"ph,tds"
65119,CAIXON,0.5309,NORD DE TARBES,2,"ph,tds"
65128,CASTELBAJAC,0.3791,LAGRANGE,2,"ph,tds"
65133,CASTERA-LOU,0.2792,ARROS-LUC,2,"ph,tds"
65135,CASTILLON,0.2308,ARROS-BARONNIES,2,"ph,tds"
65136,CAUBOUS,0.5525,GERS BAISE,2,"ph,tds"
65137,CAUSSADE-RIVIERE,0.5907,RIVIERE-BASSE,2,"ph,tds"
65142,CHELLE-DEBAT,0.1992,ARROS-THUY,2,"ph,tds"
65143,CHELLE-SPOU,0.3076,ARROS-LIES,2,"ph,tds"
65150,CLARENS,0.5862,,2,"ph,tds"
65151,COLLONGUES,0.2786,ARROS-LUC,2,"ph,tds"
65153,COUSSAN,0.2787,ARROS-LUC,2,"ph,tds"
65154,CRECHETS,0.7079,BAROUSSE-COMMINGES,2,"ph,tds"
65155,DEVEZE,0.7073,BAROUSSE-COMMINGES,2,"ph,tds"
65158,ESBAREICH,0.7075,BAROUSSE-COMMINGES,2,"ph,tds"
65161,ESCONDEAUX,0.5316,NORD DE TARBES,2,"ph,tds"
65167,ESPIEILH,0.23,ARROS-BARONNIES,2,"ph,tds"
65170,ESTAMPURES,0.8823,VALLEE DU LIZON,2,"ph,tds"
65177,FONTRAILLES,0.884,VALLEE DU LIZON,2,"ph,tds"
65178,FRECHEDE,0.8831,VALLEE DU LIZON,2,"ph,tds"
65181,FRECHOU-FRECHET,0.2792,ARROS-LUC,2,"ph,tds"
65183,GALAN,0.7945,HOUNTAGNERE,2,"ph,tds"
65184,GALEZ,0.5525,GERS BAISE,2,"ph,tds"
65186,GAUDENT,0.7079,BAROUSSE-COMMINGES,2,"ph,tds"
65189,GAYAN,0.5316,NORD DE TARBES,2,"ph,tds"
65193,GEMBRIE,0.7079,BAROUSSE-COMMINGES,2,"ph,tds"
65194,GENEREST,0.6648,ARIZE,2,"ph,tds"
65217,HAUTAGET,0.6648,ARIZE,2,"ph,tds"
65220,HIBARETTE,0.7267,LE MARQUISAT  GENERAL,2,"ph,tds"
65222,HITTE,0.2792,ARROS-LUC,2,"ph,tds"
65225,HOURC,0.2792,ARROS-LUC,2,"ph,tds"
65242,LACASSAGNE,0.2792,ARROS-LUC,2,"ph,tds"
65254,LAMEAC,0.2,ARROS-THUY,2,"ph,tds"
65257,LANNE,0.7267,LE MARQUISAT  GENERAL,2,"ph,tds"
65259,LANSAC,0.2792,ARROS-LUC,2,"ph,tds"
65261,LARAN,0.5525,GERS BAISE,2,"ph,tds"
65264,LASCAZERES,0.5907,RIVIERE-BASSE,2,"ph,tds"
65265,LASLADES,0.2792,ARROS-LUC,2,"ph,tds"
65266,LASSALES,0.5525,GERS BAISE,2,"ph,tds"
65269,LESCURRY,0.2786,ARROS-LUC,2,"ph,tds"
65275,LIES,0.3278,,2,"ph,tds"
65277,LOMBRES,0.6648,ARIZE,2,"ph,tds"
65280,LOUBAJAC,0.6853,3 VALLEES AUTRES COMMUNES,2,"ph,tds"
65281,LOUCRUP,0.7267,LE MARQUISAT  GENERAL,2,"ph,tds"
65284,LOUEY,0.7267,LE MARQUISAT  GENERAL,2,"ph,tds"
65289,LUBY-BETMONT,0.8827,VALLEE DU LIZON,2,"ph,tds"
65293,LUSTAR,0.8812,VALLEE DU LIZON,2,"ph,tds"
65298,MARQUERIE,0.2792,ARROS-LUC,2,"ph,tds"
65300,MARSAS,0.3555,,2,"ph,tds"
65303,MASCARAS,0.2789,ARROS-LUC,2,"ph,tds"
65307,MAZERES-DE-NESTE,0.7079,BAROUSSE-COMMINGES,2,"ph,tds"
65308,MAZEROLLES,0.8831,VALLEE DU LIZON,2,"ph,tds"
65309,MAZOUAU,0.6644,ARIZE,2,"ph,tds"
65310,MERILHEU,0.3076,ARROS-LIES,2,"ph,tds"
65311,MINGOT,0.2785,ARROS-LUC,2,"ph,tds"
65315,MONLEON-MAGNOAC,0.5525,GERS BAISE,2,"ph,tds"
65318,MONTASTRUC,0.884,VALLEE DU LIZON,2,"ph,tds"
65319,MONTEGUT,0.6648,ARIZE,2,"ph,tds"
65321,MONTIGNAC,0.2777,ARROS-LUC,2,"ph,tds"
65322,MONTOUSSE,0.6648,ARIZE,2,"ph,tds"
65323,MONTSERIE,0.6648,ARIZE,2,"ph,tds"
65325,MOUMOULOUS,0.884,VALLEE DU LIZON,2,"ph,tds"
65326,MUN,0.8822,VALLEE DU LIZON,2,"ph,tds"
65333,OLEAC-DESSUS,0.2792,ARROS-LUC,2,"ph,tds"
65337,ORIEUX,0.8837,VALLEE DU LIZON,2,"ph,tds"
65338,ORIGNAC,0.2792,ARROS-LUC,2,"ph,tds"
65339,ORINCLES,0.7267,LE MARQUISAT  GENERAL,2,"ph,tds"
65346,OUEILLOUX,0.2792,ARROS-LUC,2,"ph,tds"
65355,PAREAC,0.7263,LE MARQUISAT  GENERAL,2,"ph,tds"
65356,PERE,0.306,ARROS-LIES,2,"ph,tds"
65361,PEYRUN,0.2779,ARROS-LUC,2,"ph,tds"
65366,POUEYFERRE,0.6847,3 VALLEES AUTRES COMMUNES,2,"ph,tds"
65367,POUMAROUS,0.3076,ARROS-LIES,2,"ph,tds"
65368,POUY,0.707,BAROUSSE-COMMINGES,2,"ph,tds"
65369,POUYASTRUC,0.2792,ARROS-LUC,2,"ph,tds"
65372,PUJO,0.5316,NORD DE TARBES,2,"ph,tds"
65373,PUNTOUS,0.8836,VALLEE DU LIZON,2,"ph,tds"
65374,PUYDARRIEUX,0.884,VALLEE DU LIZON,2,"ph,tds"
65376,RECURT,0.8855,,2,"ph,tds"
65377,REJAUMONT,0.4766,MELANGE GERS BAISE,2,"ph,tds"
65381,SABARROS,0.7946,HOUNTAGNERE,2,"ph,tds"
65382,SACOUE,0.7079,BAROUSSE-COMMINGES,2,"ph,tds"
65383,SADOURNIN,0.884,VALLEE DU LIZON,2,"ph,tds"
65387,SAINT-LANNE,0.5896,RIVIERE-BASSE,2,"ph,tds"
65390,SAINT-LEZER,0.5316,NORD DE TARBES,2,"ph,tds"
65391,SAINTE-MARIE,0.7079,BAROUSSE-COMMINGES,2,"ph,tds"
65397,SAINT-SEVER-DE-RUSTAN,0.1993,ARROS-THUY,2,"ph,tds"
65398,SALECHAN,0.7071,BAROUSSE-COMMINGES,2,"ph,tds"
65405,SARLABOUS,0.23,ARROS-BARONNIES,2,"ph,tds"
65406,SARNIGUET,0.5312,NORD DE TARBES,2,"ph,tds"
65410,SARROUILLES,0.2832,ADOUR COTEAUX,2,"ph,tds"
65416,SEICH,0.6648,ARIZE,2,"ph,tds"
65418,SENAC,0.2792,ARROS-LUC,2,"ph,tds"
65419,SENTOUS,0.884,VALLEE DU LIZON,2,"ph,tds"
65422,SERON,0.3674,SIAEP LES ENCLAVES,2,"ph,tds"
65423,SERE-RUSTAING,0.8827,VALLEE DU LIZON,2,"ph,tds"
65425,SIARROUY,0.5309,NORD DE TARBES,2,"ph,tds"
65427,SIRADAN,0.7079,BAROUSSE-COMMINGES,2,"ph,tds"
65429,SOMBRUN,0.5907,RIVIERE-BASSE,2,"ph,tds"
65430,SOREAC,0.2786,ARROS-LUC,2,"ph,tds"
65432,SOUBLECAUSE,0.59,RIVIERE-BASSE,2,"ph,tds"
65436,SOUYEAUX,0.2792,ARROS-LUC,2,"ph,tds"
65437,TAJAN,0.5517,GERS BAISE,2,"ph,tds"
65438,TALAZAC,0.5316,NORD DE TARBES,2,"ph,tds"
65441,THEBE,0.7069,BAROUSSE-COMMINGES,2,"ph,tds"
65442,THERMES-MAGNOAC,0.7075,BAROUSSE-COMMINGES,2,"ph,tds"
65443,THUY,0.2,ARROS-THUY,2,"ph,tds"
65444,TIBIRAN-JAUNAC,0.7079,BAROUSSE-COMMINGES,2,"ph,tds"
65446,TOSTAT,0.5316,NORD DE TARBES,2,"ph,tds"
65448,TOURNOUS-DARRE,0.8837,VALLEE DU LIZON,2,"ph,tds"
65449,TOURNOUS-DEVANT,0.795,HOUNTAGNERE,2,"ph,tds"
65452,TRIE-SUR-BAISE,0.8828,VALLEE DU LIZON,2,"ph,tds"
65454,TROULEY-LABARTHE,0.884,VALLEE DU LIZON,2,"ph,tds"
65457,UGNOUAS,0.5316,NORD DE TARBES,2,"ph,tds"
65459,UZER,0.3076,ARROS-LIES,2,"ph,tds"
65461,VIDOU,0.884,VALLEE DU LIZON,2,"ph,tds"
65468,VIEUZOS,0.795,HOUNTAGNERE,2,"ph,tds"
65472,VILLEFRANQUE,0.5907,RIVIERE-BASSE,2,"ph,tds"
65474,VILLEMBITS,0.884,VALLEE DU LIZON,2,"ph,tds"
65475,VILLEMUR,0.7079,BAROUSSE-COMMINGES,2,"ph,tds"
65476,VILLENAVE-PRES-BEARN,0.3672,SIAEP LES ENCLAVES,2,"ph,tds"
65477,VILLENAVE-PRES-MARSAC,0.5316,NORD DE TARBES,2,"ph,tds"
66032,CALMEILLES,0.2,ASPRES LA CLAVE,2,"ph,tds"
66044,CASTELNOU,0.2,ASPRES CAUSSE,2,"ph,tds"
66052,CODALET,0.8402,CONFLENT,2,"ph,tds"
66062,DORRES,0.4657,,2,"ph,tds"
66134,PASSA,0.2,ASPRES LA CLAVE,2,"ph,tds"
66211,TORDERES,0.2,ASPRES LA CLAVE,2,"ph,tds"
66226,VILLEMOLAQUE,0.2,ASPRES LA CLAVE,2,"ph,tds"
67002,ADAMSWILLER,0.8371,SDE DE DRULINGEN ET ENVIRONS,2,"ph,tds"
67006,ALTENHEIM,0.7261,SDEA-SECTEUR SAVERNE - MARMOUTIER NORD,2,"ph,tds"
67008,ALTORF,0.3552,,2,"ph,tds"
67009,ALTWILLER,0.2,,2,"ph,tds"
67012,ASCHBACH,0.2,SDE DU CANTON DE SELTZ,2,"ph,tds"
67013,ASSWILLER,0.8371,SDE DE DRULINGEN ET ENVIRONS,2,"ph,tds"
67016,AVOLSHEIM,0.2,SECTEUR MOLSHEIM-MUTZIG COM COM MOLSHEIM-MUTZIG,2,"ph,tds"
67017,BAERENDORF,0.8371,SDE DE DRULINGEN ET ENVIRONS,2,"ph,tds"
67037,BIBLISHEIM,0.8027,SDEA - SECTEUR DE WOERTH,2,"ph,tds"
67044,BISCHHOLTZ,0.84,SDE OFFWILLER ET ENVIRONS,2,"ph,tds"
67048,BITSCHHOFFEN,0.84,SDE OFFWILLER ET ENVIRONS,2,"ph,tds"
67053,BOESENBIESEN,0.1977,SDEA - SECTEUR ARTOLSHEIM,2,"ph,tds"
67057,BOSSELSHAUSEN,0.2,SDEA-SECTEUR DE HOCHFELDEN -MOMMENHEIM,2,"ph,tds"
67058,BOSSENDORF,0.2,SDEA-SECTEUR DE HOCHFELDEN -MOMMENHEIM,2,"ph,tds"
67068,BUSWILLER,0.2,SDEA-SECTEUR DE HOCHFELDEN -MOMMENHEIM,2,"ph,tds"
67070,BURBACH,0.8371,SDE DE DRULINGEN ET ENVIRONS,2,"ph,tds"
67080,DACHSTEIN,0.2,SECTEUR MOLSHEIM-MUTZIG COM COM MOLSHEIM-MUTZIG,2,"ph,tds"
67081,DAHLENHEIM,0.1857,SDEA-SECTEUR DU KRONTHAL,2,"ph,tds"
67085,DANGOLSHEIM,0.1857,SDEA-SECTEUR DU KRONTHAL,2,"ph,tds"
67087,DAUENDORF,0.2,SDEA-SECTEUR DE HOCHFELDEN -MOMMENHEIM,2,"ph,tds"
67089,DETTWILLER,0.7261,SDEA-SECTEUR SAVERNE - MARMOUTIER NORD,2,"ph,tds"
67096,DIMBSTHAL,0.57,SDEA -SECTEUR-REINHARDSMUNSTER,2,"ph,tds"
67098,DINSHEIM-SUR-BRUCHE,0.2,SECTEUR MOLSHEIM-MUTZIG COM COM MOLSHEIM-MUTZIG,2,"ph,tds"
67100,DONNENHEIM,0.2,SDEA-SECTEUR DE HOCHFELDEN -MOMMENHEIM,2,"ph,tds"
67102,DOSSENHEIM-KOCHERSBERG,0.12,SDEA - SECTEUR KOCHERSBERG-CENTRE,2,"ph,tds"
67113,EBERBACH-SELTZ,0.2,SDE DE LAUTERBOURG,2,"ph,tds"
67117,ECKARTSWILLER,0.7261,SDEA-SECTEUR SAVERNE - MARMOUTIER NORD,2,"ph,tds"
67129,ERNOLSHEIM-LES-SAVERNE,0.7261,SDEA-SECTEUR SAVERNE - MARMOUTIER NORD,2,"ph,tds"
67132,ESCHBACH,0.8027,SDEA - SECTEUR DE WOERTH,2,"ph,tds"
67134,ESCHWILLER,0.8371,SDE DE DRULINGEN ET ENVIRONS,2,"ph,tds"
67135,ETTENDORF,0.2,SDEA-SECTEUR DE HOCHFELDEN -MOMMENHEIM,2,"ph,tds"
67136,EYWILLER,0.8371,SDE DE DRULINGEN ET ENVIRONS,2,"ph,tds"
67139,FLEXBOURG,0.1857,SDEA-SECTEUR DU KRONTHAL,2,"ph,tds"
67148,FROHMUHL,0.6586,,2,"ph,tds"
67149,FURCHHAUSEN,0.7261,SDEA-SECTEUR SAVERNE - MARMOUTIER NORD,2,"ph,tds"
67153,GEISWILLER-ZŒBERSDORF,0.2,SDEA-SECTEUR DE HOCHFELDEN -MOMMENHEIM,2,"ph,tds"
67159,GOERLINGEN,0.8371,SDE DE DRULINGEN ET ENVIRONS,2,"ph,tds"
67161,GOTTENHOUSE,0.7261,SDEA-SECTEUR SAVERNE - MARMOUTIER NORD,2,"ph,tds"
67162,GOTTESHEIM,0.2,SDEA-SECTEUR DE HOCHFELDEN -MOMMENHEIM,2,"ph,tds"
67163,GOUGENHEIM,0.12,SDEA - SECTEUR KOCHERSBERG-EST,2,"ph,tds"
67164,GOXWILLER,0.4581,SDEA - SECTEUR STOTZHEIM,2,"ph,tds"
67166,GRASSENDORF,0.2,SDEA-SECTEUR DE HOCHFELDEN -MOMMENHEIM,2,"ph,tds"
67177,GUNSTETT,0.8027,SDEA - SECTEUR DE WOERTH,2,"ph,tds"
67186,HEGENEY,0.8027,SDEA - SECTEUR DE WOERTH,2,"ph,tds"
67190,HENGWILLER,0.57,SDEA -SECTEUR-REINHARDSMUNSTER,2,"ph,tds"
67192,HERBSHEIM,0.2,SDEA - SECTEUR ROSSFELD,2,"ph,tds"
67201,HIRSCHLAND,0.8371,SDE DE DRULINGEN ET ENVIRONS,2,"ph,tds"
67203,HOCHSTETT,0.2,SDEA-SECTEUR DE HOCHFELDEN -MOMMENHEIM,2,"ph,tds"
67208,HOHENGOEFT,0.4861,SDEA - SECTEUR KOCHERSBERG-OUEST,2,"ph,tds"
67214,HURTIGHEIM,0.12,SDEA - SECTEUR KOCHERSBERG-CENTRE,2,"ph,tds"
67215,HUTTENDORF,0.2,SDEA-SECTEUR DE HOCHFELDEN -MOMMENHEIM,2,"ph,tds"
67228,NEUGARTHEIM-ITTLENHEIM,0.12,SDEA - SECTEUR KOCHERSBERG-CENTRE,2,"ph,tds"
67231,KAUFFENHEIM,0.164,SDEA - SECTEUR ROESCHWOOG ET ENVIRONS,2,"ph,tds"
67232,KEFFENACH,0.8983,SDE SOULTZ - SOUS - FORETS NORD,2,"ph,tds"
67236,KIENHEIM,0.12,SDEA - SECTEUR KOCHERSBERG-EST,2,"ph,tds"
67240,KIRCHHEIM,0.1857,SDEA-SECTEUR DU KRONTHAL,2,"ph,tds"
67241,KIRRBERG,0.8371,SDE DE DRULINGEN ET ENVIRONS,2,"ph,tds"
67242,KIRRWILLER,0.2,SDEA-SECTEUR DE HOCHFELDEN -MOMMENHEIM,2,"ph,tds"
67244,KLEINGOEFT,0.4817,SDEA-SAVERNE-MARMOUTIE SECTEUR SUD,2,"ph,tds"
67245,KNOERSHEIM,0.4817,SDEA-SAVERNE-MARMOUTIE SECTEUR SUD,2,"ph,tds"
67247,KOLBSHEIM,0.2,EUROMETROPOLE - SECTEUR STRASBOURG-SUD,2,"ph,tds"
67252,KURTZENHOUSE,0.2,SDEA SECTEUR DE LA BASSE ZORN,2,"ph,tds"
67253,KUTTOLSHEIM,0.12,SDEA - SECTEUR KOCHERSBERG-CENTRE,2,"ph,tds"
67254,KUTZENHAUSEN,0.8862,SDEA-SECTEUR DE MERCK./PECHEL/KUTZ.,2,"ph,tds"
67258,LANDERSHEIM,0.4861,SDEA - SECTEUR KOCHERSBERG-OUEST,2,"ph,tds"
67264,LEUTENHEIM,0.164,SDEA - SECTEUR ROESCHWOOG ET ENVIRONS,2,"ph,tds"
67270,LIXHAUSEN,0.2,SDEA-SECTEUR DE HOCHFELDEN -MOMMENHEIM,2,"ph,tds"
67272,LOCHWILLER,0.4817,SDEA-SAVERNE-MARMOUTIE SECTEUR SUD,2,"ph,tds"
67273,LOHR,0.8371,SDE DE DRULINGEN ET ENVIRONS,2,"ph,tds"
67274,LORENTZEN,0.2,SDEA-SECTEUR DE DIEMER. OUEST,2,"ph,tds"
67275,LUPSTEIN,0.7261,SDEA-SECTEUR SAVERNE - MARMOUTIER NORD,2,"ph,tds"
67279,MAENNOLSHEIM,0.7261,SDEA-SECTEUR SAVERNE - MARMOUTIER NORD,2,"ph,tds"
67286,MEISTRATZHEIM,0.2,CCPSO - OBERNAI ZONE BASSE,2,"ph,tds"
67289,MENCHHOFFEN,0.8385,SDEA - SECTEUR DE LA MODER,2,"ph,tds"
67290,MERKWILLER-PECHELBRONN,0.8862,SDEA-SECTEUR DE MERCK./PECHEL/KUTZ.,2,"ph,tds"
67296,MITTELHAUSBERGEN,0.1157,EUROMETROPOLE - SECTEUR STRASBOURG-NORD,2,"ph,tds"
67302,MONSWILLER,0.7261,SDEA-SECTEUR SAVERNE - MARMOUTIER NORD,2,"ph,tds"
67303,MORSBRONN-LES-BAINS,0.8027,SDEA - SECTEUR DE WOERTH,2,"ph,tds"
67304,MORSCHWILLER,0.2,SDEA-SECTEUR DE HOCHFELDEN -MOMMENHEIM,2,"ph,tds"
67312,MUTZENHOUSE,0.2,SDEA-SECTEUR DE HOCHFELDEN -MOMMENHEIM,2,"ph,tds"
67315,NEEWILLER-PRES-LAUTERBOURG,0.2,SDE DE LAUTERBOURG,2,"ph,tds"
67319,NEUHAEUSEL,0.1915,,2,"ph,tds"
67327,NIEDERLAUTERBACH,0.2,SDE DE LAUTERBOURG,2,"ph,tds"
67328,NIEDERMODERN,0.8385,SDEA - SECTEUR DE LA MODER,2,"ph,tds"
67330,NIEDERROEDERN,0.2,SDE DU CANTON DE SELTZ,2,"ph,tds"
67333,NIEDERSOULTZBACH,0.8385,SDEA - SECTEUR DE LA MODER,2,"ph,tds"
67341,OBERDORF-SPACHBACH,0.8027,SDEA - SECTEUR DE WOERTH,2,"ph,tds"
67346,OBERLAUTERBACH,0.2,SDE DE LAUTERBOURG,2,"ph,tds"
67350,OBERSCHAEFFOLSHEIM,0.2,EUROMETROPOLE - SECTEUR STRASBOURG-SUD,2,"ph,tds"
67364,OSTHOUSE,0.1953,SDEA - SECTEUR ERSTEIN-SUD,2,"ph,tds"
67366,OTTERSTHAL,0.7261,SDEA-SECTEUR SAVERNE - MARMOUTIER NORD,2,"ph,tds"
67379,PREUSCHDORF,0.8027,SDEA - SECTEUR DE WOERTH,2,"ph,tds"
67380,PRINTZHEIM,0.2,SDEA-SECTEUR DE HOCHFELDEN -MOMMENHEIM,2,"ph,tds"
67381,PUBERG,0.6189,HAUTE MODER - EICHEL SUPERIEURE,2,"ph,tds"
67382,QUATZENHEIM,0.12,SDEA - SECTEUR KOCHERSBERG-CENTRE,2,"ph,tds"
67383,RANGEN,0.4861,SDEA - SECTEUR KOCHERSBERG-OUEST,2,"ph,tds"
67394,RETSCHWILLER,0.8983,SDE SOULTZ - SOUS - FORETS NORD,2,"ph,tds"
67396,REXINGEN,0.8371,SDE DE DRULINGEN ET ENVIRONS,2,"ph,tds"
67398,RICHTOLSHEIM,0.2,SDEA - SECTEUR ARTOLSHEIM,2,"ph,tds"
67403,RINGENDORF,0.2,SDEA-SECTEUR DE HOCHFELDEN -MOMMENHEIM,2,"ph,tds"
67406,ROHR,0.12,SDEA - SECTEUR KOCHERSBERG-EST,2,"ph,tds"
67425,SAINT-JEAN-SAVERNE,0.7261,SDEA-SECTEUR SAVERNE - MARMOUTIER NORD,2,"ph,tds"
67432,SALMBACH,0.2,SDE DE LAUTERBOURG,2,"ph,tds"
67442,SCHARRACHBERGHEIM-IRMSTETT,0.1857,SDEA-SECTEUR DU KRONTHAL,2,"ph,tds"
67443,SCHEIBENHARD,0.1967,SDE DE LAUTERBOURG,2,"ph,tds"
67444,SCHERLENHEIM,0.2,SDEA-SECTEUR DE HOCHFELDEN -MOMMENHEIM,2,"ph,tds"
67446,SCHILLERSDORF,0.84,SDE OFFWILLER ET ENVIRONS,2,"ph,tds"
67456,SCHOPPERTEN,0.1407,SDEA-SECTEUR DE SARRE-UNION ET ENVIRONS,2,"ph,tds"
67459,SCHWENHEIM,0.7261,SDEA-SECTEUR SAVERNE - MARMOUTIER NORD,2,"ph,tds"
67460,SCHWINDRATZHEIM,0.2,SDEA-SECTEUR DE HOCHFELDEN -MOMMENHEIM,2,"ph,tds"
67466,SIEGEN,0.2,SDE DE LAUTERBOURG,2,"ph,tds"
67473,SOULTZ-LES-BAINS,0.2,SECTEUR MOLSHEIM-MUTZIG COM COM MOLSHEIM-MUTZIG,2,"ph,tds"
67483,STRUTH,0.8371,SDE DE DRULINGEN ET ENVIRONS,2,"ph,tds"
67485,STUTZHEIM-OFFENHEIM,0.12,SDEA - SECTEUR KOCHERSBERG-EST,2,"ph,tds"
67488,THAL-DRULINGEN,0.8371,SDE DE DRULINGEN ET ENVIRONS,2,"ph,tds"
67491,TIEFFENBACH,0.6189,HAUTE MODER - EICHEL SUPERIEURE,2,"ph,tds"
67494,TRIMBACH,0.2,SDE DE LAUTERBOURG,2,"ph,tds"
67498,UHRWILLER,0.84,SDE OFFWILLER ET ENVIRONS,2,"ph,tds"
67501,UTTENHEIM,0.1953,SDEA - SECTEUR ERSTEIN-SUD,2,"ph,tds"
67502,UTTENHOFFEN,0.7272,SDE DE REICHSHOFFEN,2,"ph,tds"
67503,UTTWILLER,0.8385,SDEA - SECTEUR DE LA MODER,2,"ph,tds"
67504,VALFF,0.4581,SDEA - SECTEUR STOTZHEIM,2,"ph,tds"
67509,VOLKSBERG,0.7929,,2,"ph,tds"
67510,WAHLENHEIM,0.2,SDEA-SECTEUR DE HOCHFELDEN -MOMMENHEIM,2,"ph,tds"
67511,WALBOURG,0.8027,SDEA - SECTEUR DE WOERTH,2,"ph,tds"
67514,WALDHAMBACH,0.2,,2,"ph,tds"
67516,WALTENHEIM-SUR-ZORN,0.2,SDEA-SECTEUR DE HOCHFELDEN -MOMMENHEIM,2,"ph,tds"
67527,WESTHOUSE-MARMOUTIER,0.4817,SDEA-SAVERNE-MARMOUTIE SECTEUR SUD,2,"ph,tds"
67534,WILWISHEIM,0.2,SDEA-SECTEUR DE HOCHFELDEN -MOMMENHEIM,2,"ph,tds"
67540,WINTERSHOUSE,0.2,SDEA-SECTEUR DE HOCHFELDEN -MOMMENHEIM,2,"ph,tds"
67542,WINTZENHEIM-KOCHERSBERG,0.4861,SDEA - SECTEUR KOCHERSBERG-OUEST,2,"ph,tds"
67546,WITTERSHEIM,0.2,SDEA-SECTEUR DE HOCHFELDEN -MOMMENHEIM,2,"ph,tds"
67548,WIWERSHEIM,0.12,SDEA - SECTEUR KOCHERSBERG-EST,2,"ph,tds"
67556,ZEINHEIM,0.4861,SDEA - SECTEUR KOCHERSBERG-OUEST,2,"ph,tds"
68010,ASPACH,0.2,CCS SECTEUR HEIMSBRUNN,2,"ph,tds"
68012,ASPACH-MICHELBACH ,0.5799,S.I.A.E.P. VALLEE DE LA DOLLER,2,"ph,tds"
68018,BALSCHWILLER,0.1984,S.I.A.E.P. AMMERTZWILLER BALSCHWILL,2,"ph,tds"
68037,BILTZHEIM,0.2,S.I.E. PLAINE DE L'ILL SECTEUR PLAINE,2,"ph,tds"
68038,BISCHWIHR,0.2,RIED,2,"ph,tds"
68052,BRETTEN,0.8012,S.I.A.E.P. BRECHAUMONT ET ENV,2,"ph,tds"
68054,BRINCKHEIM,0.2,SECTEUR SIERENTZ,2,"ph,tds"
68071,DIEFMATTEN,0.2,S.I.A.E.P. AMMERTZWILLER BALSCHWILL,2,"ph,tds"
68077,EGLINGEN,0.2,S.I.A.E.P. AMMERTZWILLER BALSCHWILL,2,"ph,tds"
68084,ESCHENTZWILLER,0.7971,MULHOUSE ET ENVIRONS,2,"ph,tds"
68085,ETEIMBES,0.8012,S.I.A.E.P. BRECHAUMONT ET ENV,2,"ph,tds"
68086,FALKWILLER,0.2,S.I.A.E.P. AMMERTZWILLER BALSCHWILL,2,"ph,tds"
68096,FRANKEN,0.2,VALLEE HUNDSBACH,2,"ph,tds"
68101,GALFINGUE,0.2,M2A SECTEUR HEIMSBRUNN,2,"ph,tds"
68103,GEISPITZEN,0.2,SECTEUR SCHLIERBACH ET ENVIRONS,2,"ph,tds"
68114,GUEVENATTEN,0.8012,S.I.A.E.P. BRECHAUMONT ET ENV,2,"ph,tds"
68119,HAGENBACH,0.2,S.I.A.E.P. AMMERTZWILLER BALSCHWILL,2,"ph,tds"
68124,HAUSGAUEN,0.2,VALLEE HUNDSBACH,2,"ph,tds"
68125,HECKEN,0.2,S.I.A.E.P. AMMERTZWILLER BALSCHWILL,2,"ph,tds"
68127,HEIDWILLER,0.2,CCS SECTEUR HEIMSBRUNN,2,"ph,tds"
68129,HEIMSBRUNN,0.2,M2A SECTEUR HEIMSBRUNN,2,"ph,tds"
68131,HEIWILLER,0.2,VALLEE HUNDSBACH,2,"ph,tds"
68136,HETTENSCHLAG,0.2,S.I.E. PLAINE DE L'ILL SECTEUR PLAINE,2,"ph,tds"
68148,HUNDSBACH,0.2,VALLEE HUNDSBACH,2,"ph,tds"
68160,KAPPELEN,0.2,SECTEUR SIERENTZ,2,"ph,tds"
68189,LOGELHEIM,0.2,S.I.E. PLAINE DE L'ILL SECTEUR PLAINE,2,"ph,tds"
68197,MAGSTATT-LE-BAS,0.2,SECTEUR SIERENTZ,2,"ph,tds"
68198,MAGSTATT-LE-HAUT,0.2,SECTEUR SIERENTZ,2,"ph,tds"
68234,NIEDERENTZEN,0.2,S.I.E. PLAINE DE L'ILL SECTEUR PLAINE,2,"ph,tds"
68235,NIEDERHERGHEIM,0.2,S.I.E. PLAINE DE L'ILL SECTEUR PLAINE,2,"ph,tds"
68241,OBERENTZEN,0.1962,S.I.E. PLAINE DE L'ILL SECTEUR PLAINE,2,"ph,tds"
68244,OBERMORSCHWIHR,0.2,S.I.E. PLAINE DE L'ILL SECTEUR VIGNOBLE,2,"ph,tds"
68245,OBERMORSCHWILLER,0.2,VALLEE HUNDSBACH,2,"ph,tds"
68263,RANSPACH-LE-BAS,0.2,SECTEUR SIERENTZ,2,"ph,tds"
68264,RANSPACH-LE-HAUT,0.2,SECTEUR SIERENTZ,2,"ph,tds"
68265,RANTZWILLER,0.2,SECTEUR SIERENTZ,2,"ph,tds"
68282,ROMAGNY,0.8964,S.I.A.E.P. LUTRAN ET ENVIRONS,2,"ph,tds"
68293,SAINT-COSME,0.8012,S.I.A.E.P. BRECHAUMONT ET ENV,2,"ph,tds"
68300,SAUSHEIM,0.7971,MULHOUSE ET ENVIRONS,2,"ph,tds"
68302,SCHWEIGHOUSE-THANN,0.5799,S.I.A.E.P. VALLEE DE LA DOLLER,2,"ph,tds"
68303,SCHWOBEN,0.2,VALLEE HUNDSBACH,2,"ph,tds"
68304,SENTHEIM,0.5799,S.I.A.E.P. VALLEE DE LA DOLLER,2,"ph,tds"
68324,STEINBRUNN-LE-HAUT,0.2,SECTEUR SCHLIERBACH ET ENVIRONS,2,"ph,tds"
68326,STERNENBERG,0.8012,S.I.A.E.P. BRECHAUMONT ET ENV,2,"ph,tds"
68333,TAGSDORF,0.2,VALLEE HUNDSBACH,2,"ph,tds"
68353,WAHLBACH,0.2,SECTEUR SIERENTZ,2,"ph,tds"
68357,WALTENHEIM,0.2,SECTEUR SCHLIERBACH ET ENVIRONS,2,"ph,tds"
68366,WICKERSCHWIHR,0.2,RIED,2,"ph,tds"
68379,WOLFGANTZEN,0.2,SECTEUR NEUF BRISACH ET ENVIRONS,2,"ph,tds"
68382,ZAESSINGUE,0.2,SECTEUR SIERENTZ,2,"ph,tds"
68386,ZIMMERSHEIM,0.7341,,2,"ph,tds"
69005,AMBERIEUX,0.2,ANSE ET REGION PRINCIPALE,2,"ph,tds"
69016,AZOLETTE,0.6978,PROPIERES AZOLETTES,2,"ph,tds"
69020,BELMONT-D'AZERGUES,0.2,VAL D'AZERGUES,2,"ph,tds"
69021,BESSENAY,0.2,MONTS DU LYONNAIS,2,"ph,tds"
69022,BIBOST,0.2,MONTS DU LYONNAIS,2,"ph,tds"
69030,BRULLIOLES,0.2,MONTS DU LYONNAIS,2,"ph,tds"
69031,BRUSSIEU,0.2,MONTS DU LYONNAIS,2,"ph,tds"
69042,CHAPELLE-SUR-COISE (LA),0.2,MONTS DU LYONNAIS,2,"ph,tds"
69047,CHARNAY,0.2,VAL D'AZERGUES,2,"ph,tds"
69050,CHATILLON,0.2,VAL D'AZERGUES,2,"ph,tds"
69053,CHENAS,0.198,CHENAS-NUGUETS,2,"ph,tds"
69054,CHENELETTE,0.2,VALLEE D'ARDIERES PRINCIPALE,2,"ph,tds"
69059,CIVRIEUX-D'AZERGUES,0.2,VAL D'AZERGUES,2,"ph,tds"
69060,CLAVEISOLLES,0.2,HAUTE VALLÉE D'AZERGUES,2,"ph,tds"
69065,CORCELLES-EN-BEAUJOLAIS,0.2,CHENAS-NUGUETS,2,"ph,tds"
69070,CUBLIZE,0.5373,RLN 69 - COMMELLE VERNAY,2,"ph,tds"
69071,CURIS-AU-MONT-D'OR,0.2,NORD (METROPOLE LYON),2,"ph,tds"
69076,DOMMARTIN,0.2,VAL D'AZERGUES,2,"ph,tds"
69077,DRACE,0.2,VALLEE D'ARDIERES PRINCIPALE,2,"ph,tds"
69078,DUERNE,0.2,MONTS DU LYONNAIS,2,"ph,tds"
69080,ECHALAS,0.2,MONTS DU LYONNAIS,2,"ph,tds"
69083,EVEUX,0.2,VAL D'AZERGUES,2,"ph,tds"
69085,FLEURIEU-SUR-SAONE,0.2,,2,"ph,tds"
69095,GREZIEU-LE-MARCHE,0.198,MONTS DU LYONNAIS,2,"ph,tds"
69097,HAIES (LES),0.2,MONTS DU LYONNAIS,2,"ph,tds"
69098,HALLES (LES),0.2,MONTS DU LYONNAIS,2,"ph,tds"
69099,HAUTE-RIVOIRE,0.2,MONTS DU LYONNAIS,2,"ph,tds"
69106,LACHASSAGNE,0.2,VAL D'AZERGUES,2,"ph,tds"
69109,LANTIGNIE,0.2,VALLEE D'ARDIERES PRINCIPALE,2,"ph,tds"
69110,LARAJASSE,0.2,MONTS DU LYONNAIS,2,"ph,tds"
69113,LETRA,0.2,CANTON DU BOIS D'OINGT PRINCIP,2,"ph,tds"
69124,MARCHAMPT,0.2,VALLEE D'ARDIERES PRINCIPALE,2,"ph,tds"
69125,MARCILLY-D'AZERGUES,0.2,VAL D'AZERGUES,2,"ph,tds"
69126,MARCY,0.2,VAL D'AZERGUES,2,"ph,tds"
69130,MEAUX-LA-MONTAGNE,0.5373,RLN 69 - COMMELLE VERNAY,2,"ph,tds"
69132,MEYS,0.2,MONTS DU LYONNAIS,2,"ph,tds"
69139,MONTROTTIER,0.2,MONTS DU LYONNAIS,2,"ph,tds"
69140,MORANCE,0.2,VAL D'AZERGUES,2,"ph,tds"
69145,ODENAS,0.2,CENTRE BEAUJOLAIS,2,"ph,tds"
69148,ORLIENAS,0.2,MILLERY MORNANT PRINCIPALE,2,"ph,tds"
69151,PERREON (LE),0.2,CENTRE BEAUJOLAIS,2,"ph,tds"
69155,POMEYS,0.2,MONTS DU LYONNAIS,2,"ph,tds"
69156,POMMIERS,0.2,VAL D'AZERGUES,2,"ph,tds"
69162,QUINCIE-EN-BEAUJOLAIS,0.1973,VALLEE D'ARDIERES PRINCIPALE,2,"ph,tds"
69164,RANCHAL,0.5373,RLN 69 - COMMELLE VERNAY,2,"ph,tds"
69168,ROCHETAILLEE-SUR-SAONE,0.2,CENTRE (METROPOLE LYON),2,"ph,tds"
69172,SALLES-ARBUISSONNAS-EN-BEAUJOLAIS,0.2,CENTRE BEAUJOLAIS,2,"ph,tds"
69178,SOUZY,0.2,MONTS DU LYONNAIS,2,"ph,tds"
69179,BEAUVALLON,0.2,MONTS DU LYONNAIS,2,"ph,tds"
69180,SAINT-ANDRE-LA-COTE,0.2,MONTS DU LYONNAIS,2,"ph,tds"
69190,SAINTE-CONSORCE,0.2,SUD OUEST LYONNAIS,2,"ph,tds"
69192,SAINT-CYR-LE-CHATOUX,0.2,CENTRE BEAUJOLAIS,2,"ph,tds"
69196,SAINT-DIDIER-SUR-BEAUJEU,0.2,VALLEE D'ARDIERES PRINCIPALE,2,"ph,tds"
69198,SAINT-ETIENNE-LA-VARENNE,0.1984,CENTRE BEAUJOLAIS,2,"ph,tds"
69201,SAINTE-FOY-L'ARGENTIERE,0.2,MONTS DU LYONNAIS,2,"ph,tds"
69207,SAINT-GERMAIN-AU-MONT-D'OR,0.2,NORD (METROPOLE LYON),2,"ph,tds"
69212,SAINT-JEAN-DES-VIGNES,0.2,VAL D'AZERGUES,2,"ph,tds"
69214,SAINT-JEAN-LA-BUSSIERE,0.5373,RLN 69 - COMMELLE VERNAY,2,"ph,tds"
69215,SAINT-JULIEN,0.2,CENTRE BEAUJOLAIS,2,"ph,tds"
69217,SAINT-JUST-D'AVRAY,0.5373,RLN 69 - COMMELLE VERNAY,2,"ph,tds"
69227,SAINT-MARTIN-EN-HAUT,0.2,MONTS DU LYONNAIS,2,"ph,tds"
69230,SAINTE-PAULE,0.2,CANTON DU BOIS D'OINGT PRINCIP,2,"ph,tds"
69234,SAINT-ROMAIN-DE-POPEY,0.1987,REGION DE TARARE PRINCIPALE,2,"ph,tds"
69236,SAINT-ROMAIN-EN-GIER,0.2,MONTS DU LYONNAIS,2,"ph,tds"
69239,SAINT-VERAND,0.2,CANTON DU BOIS D'OINGT PRINCIP,2,"ph,tds"
69240,SAINT-VINCENT-DE-REINS,0.5373,RLN 69 - COMMELLE VERNAY,2,"ph,tds"
69245,TERNAND,0.2,CANTON DU BOIS D'OINGT PRINCIP,2,"ph,tds"
69258,VAUXRENARD,0.2,CHENAS-NUGUETS,2,"ph,tds"
69261,VERNAY,0.2,VALLEE D'ARDIERES PRINCIPALE,2,"ph,tds"
69293,SATHONAY-VILLAGE,0.2,CENTRE (METROPOLE LYON),2,"ph,tds"
70005,AILLEVANS,0.7302,SIAEP DE GOUHENANS,2,"ph,tds"
70008,AINVELLE,0.7643,SIAEP DU BOULAY,2,"ph,tds"
70010,ALAINCOURT,0.669,SIAEP DU MORILLON SOURCES,2,"ph,tds"
70017,ANCHENONCOURT-ET-CHAZEL,0.6534,RESEAU MONTDORE,2,"ph,tds"
70018,ANCIER,0.2,RESEAU GOUTTE D'OR,2,"ph,tds"
70043,AUVET-ET-LA-CHAPELOTTE,0.2,,2,"ph,tds"
70049,BARGES,0.2,SIAEP DES DAMES JACQUES,2,"ph,tds"
70050,BARRE (LA),0.7963,BEAUMOTTE,2,"ph,tds"
70051,BASSE-VAIVRE (LA),0.669,SIAEP DU MORILLON SOURCES,2,"ph,tds"
70055,BAUDONCOURT,0.6292,SIAEP DE BREUCHES,2,"ph,tds"
70066,BETAUCOURT,0.2,SIAEP DE LA ROCHOTTE,2,"ph,tds"
70069,BETONCOURT-SAINT-PANCRAS,0.4115,RESEAU RESERVOIR MAILLERONCOURT,2,"ph,tds"
70072,BEVEUGE,0.2,RESEAU LES SEPT COMMUNES,2,"ph,tds"
70077,BOREY,0.1793,,2,"ph,tds"
70086,BOURBEVELLE,0.2,SIAEP DE LA ROCHOTTE,2,"ph,tds"
70090,BOURSIERES,0.2,SIAEP DE LA BAIGNOTTE,2,"ph,tds"
70098,BROTTE-LES-LUXEUIL,0.6292,SIAEP DE BREUCHES,2,"ph,tds"
70099,BROTTE-LES-RAY,0.2,SIAEP DE SACREE FONTAINE,2,"ph,tds"
70100,BROYE-LES-LOUPS-ET-VERFONTAINE,0.2,RESEAU DE MAISON ROUGE,2,"ph,tds"
70106,BUFFIGNECOURT,0.2,SIAEP DES FONTENOTTES,2,"ph,tds"
70114,CENDRECOURT,0.2,SIAEP DE LA ROCHOTTE,2,"ph,tds"
70115,CERRE-LES-NOROY,0.1793,SIAEP DE NOROY LE BOURG,2,"ph,tds"
70117,CHALONVILLARS,0.861,,2,"ph,tds"
70124,CHAMPTONNAY,0.2,,2,"ph,tds"
70128,CHAPELLE-LES-LUXEUIL (LA),0.6292,SIAEP DE BREUCHES,2,"ph,tds"
70138,CHASSEY-LES-SCEY,0.4943,SIAEP DU FOULTOT,2,"ph,tds"
70149,CHENEBIER,0.8181,SIAEP DE CHAMPAGNEY FEEDER,2,"ph,tds"
70158,CLANS,0.2,SIAEP DE LA BAIGNOTTE,2,"ph,tds"
70178,COTE (LA),0.6155,SIAEP LE GRAND CHERIMONT,2,"ph,tds"
70179,COULEVON,0.2,RESEAU CHAMPDAMOY AMONT,2,"ph,tds"
70184,COUTHENANS,0.7975,RESEAU SUD,2,"ph,tds"
70185,CRESANCEY,0.2,RESEAU DE FONTAINE RONDE,2,"ph,tds"
70195,DAMBENOIT-LES-COLOMBE,0.2349,SIAEP DES BEIGES MELANGE,2,"ph,tds"
70211,ECUELLE,0.2,RESEAU DE MAISON ROUGE,2,"ph,tds"
70213,EHUNS,0.5663,,2,"ph,tds"
70214,EQUEVILLEY,0.6292,SIAEP DE BREUCHES,2,"ph,tds"
70218,ESMOULINS,0.2,RESEAU LA TENISE,2,"ph,tds"
70225,FAHY-LES-AUTREY,0.2,RESEAU DE MAISON ROUGE,2,"ph,tds"
70242,FONTENOIS-LA-VILLE,0.4115,RESEAU RESERVOIR MAILLERONCOURT,2,"ph,tds"
70244,FOUCHECOURT,0.2,SIAEP DES FONTENOTTES,2,"ph,tds"
70253,FRASNE-LE-CHATEAU,0.2,,2,"ph,tds"
70262,GENEVREUILLE,0.2,RESEAU AMBLANS GENEVREUILLE,2,"ph,tds"
70267,GEVIGNEY-ET-MERCEY,0.2,,2,"ph,tds"
70269,GIREFONTAINE,0.4115,RESEAU RESERVOIR MAILLERONCOURT,2,"ph,tds"
70287,HURECOURT,0.6534,RESEAU MONTDORE,2,"ph,tds"
70303,LIEVANS,0.1793,SIAEP DE NOROY LE BOURG,2,"ph,tds"
70307,LONGEVELLE,0.2,RESEAU LES SEPT COMMUNES,2,"ph,tds"
70316,MAGNORAY (LE),0.2,SIAEP D'ECHENOZ LE SEC,2,"ph,tds"
70320,MAGNY-LES-JUSSEY,0.2,SIAEP DE LA ROCHOTTE,2,"ph,tds"
70321,MAGNY-VERNOIS,0.7296,RESEAU LES AYNANS,2,"ph,tds"
70323,MAILLERONCOURT-SAINT-PANCRAS,0.3391,,2,"ph,tds"
70332,MARAST,0.2,RESEAU LA BASSOLE,2,"ph,tds"
70336,MELECEY,0.2,RESEAU DU PAUTOT,2,"ph,tds"
70338,MELINCOURT,0.6534,RESEAU MONTDORE,2,"ph,tds"
70340,MEMBREY,0.2,SIAEP DE SACREE FONTAINE,2,"ph,tds"
70344,MEURCOURT,0.6292,SIAEP DE BREUCHES,2,"ph,tds"
70356,MONTBOILLON,0.2,,2,"ph,tds"
70358,MONTCEY,0.4686,RESEAU CAV NORD EST,2,"ph,tds"
70359,MONTCOURT,0.2,SIAEP DE LA ROCHOTTE,2,"ph,tds"
70360,MONTDORE,0.6534,RESEAU MONTDORE,2,"ph,tds"
70363,MONTIGNY-LES-VESOUL,0.4848,RESEAU SYND DE PUSEY,2,"ph,tds"
70364,MONTJUSTIN-ET-VELOTTE,0.1793,SIAEP DE NOROY LE BOURG,2,"ph,tds"
70369,MONT-SAINT-LEGER,0.2,,2,"ph,tds"
70376,NANTILLY,0.2,RESEAU DE MAISON ROUGE,2,"ph,tds"
70386,NEUVELLE-LES-SCEY (LA),0.2,SIAEP DE SAINT ANTOINE,2,"ph,tds"
70389,NOIRON,0.2,RESEAU DE FONTAINE RONDE,2,"ph,tds"
70396,ORICOURT,0.7302,SIAEP DE GOUHENANS,2,"ph,tds"
70398,ORMOICHE,0.6292,SIAEP DE BREUCHES,2,"ph,tds"
70402,OYRIERES,0.2,RESEAU DE MAISON ROUGE,2,"ph,tds"
70403,PALANTE,0.6155,SIAEP LE GRAND CHERIMONT,2,"ph,tds"
70412,PLAINEMONT,0.6467,RESEAU DAMPIERRE PLAINEMONT,2,"ph,tds"
70422,POYANS,0.2,RESEAU DE MAISON ROUGE,2,"ph,tds"
70436,RAINCOURT,0.192,SIAEP DES DAMES JACQUES,2,"ph,tds"
70445,RIGNOVELLE,0.5029,SIAEP DU BOIS DES HAUTS,2,"ph,tds"
70452,ROSEY,0.2,SIAEP DE LA BAIGNOTTE,2,"ph,tds"
70461,SAINT-BROING,0.2,RESEAU SAINT BROING SAUVIGNEY,2,"ph,tds"
70474,SAINT-SULPICE,0.2,,2,"ph,tds"
70476,SAPONCOURT,0.6534,RESEAU MONTDORE,2,"ph,tds"
70500,THIEFFRANS,0.2,SIAEP DE LA GRANGE BRULEE,2,"ph,tds"
70505,TREMBLOIS (LE),0.2,RESEAU LA TENISE,2,"ph,tds"
70506,TREMOINS,0.7482,SIAEP DU VERNOY,2,"ph,tds"
70511,VAITE,0.2,SIAEP DE SACREE FONTAINE,2,"ph,tds"
70521,VANTOUX-ET-LONGEVELLE,0.2,RESEAU SYND BUCEY LES GY,2,"ph,tds"
70523,VARS,0.2,RESEAU DE MAISON ROUGE,2,"ph,tds"
70524,VAUCHOUX,0.4943,SIAEP DU FOULTOT,2,"ph,tds"
70527,VAUX-LE-MONCELOT,0.2,RESEAU DOUINS FORAGE,2,"ph,tds"
70531,VELLECLAIRE,0.2,RESEAU SYND BUCEY LES GY,2,"ph,tds"
70533,VELLEFREY-ET-VELLEFRANGE,0.2,RESEAU SYND BUCEY LES GY,2,"ph,tds"
70538,VELLEMOZ,0.2,SIAEP DE LA POISSENOTTE,2,"ph,tds"
70549,VERNOTTE (LA),0.2,RESEAU DE LA MACHURELLE,2,"ph,tds"
70553,VILLARGENT,0.2,RESEAU DU PAUTOT,2,"ph,tds"
70555,VILLEDIEU-EN-FONTENETTE (LA),0.6292,SIAEP DE BREUCHES,2,"ph,tds"
70559,VILLEPAROIS,0.4686,RESEAU CAV NORD EST,2,"ph,tds"
70564,VILLERS-LES-LUXEUIL,0.6292,SIAEP DE BREUCHES,2,"ph,tds"
70565,VILLERS-PATER,0.2,SIAEP D'AUTHOISON,2,"ph,tds"
70567,VILLERS-SUR-SAULNOT,0.7482,SIAEP DU VERNOY,2,"ph,tds"
70571,VISONCOURT,0.6292,SIAEP DE BREUCHES,2,"ph,tds"
70574,VOLON,0.2,SIAEP DE SACREE FONTAINE,2,"ph,tds"
70581,VY-LES-LURE,0.6148,,2,"ph,tds"
70583,VY-LES-FILAIN,0.2,SIAEP DE FILAIN,2,"ph,tds"
71002,ABERGEMENT-SAINTE-COLOMBE (L'),0.2,CHALON SUD EST,2,"ph,tds"
71004,ALLERIOT,0.2,REGION DE VERDUN,2,"ph,tds"
71005,ALUZE,0.2,VALLEE DE LA DHEUNE,2,"ph,tds"
71007,AMEUGNY,0.2,GROSNE ET GUYE-PONT D'EPINET,2,"ph,tds"
71008,ANGLURE-SOUS-DUN,0.4162,BRIONNAIS-VINDECY-BAUGY,2,"ph,tds"
71013,AUTHUMES,0.2,BRESSE NORD,2,"ph,tds"
71018,BANTANGES,0.1979,REGION LOUHANNAISE,2,"ph,tds"
71019,BARIZEY,0.2,SUD OUEST DE CHALON,2,"ph,tds"
71022,BAUDEMONT,0.4162,BRIONNAIS-VINDECY-BAUGY,2,"ph,tds"
71023,BAUDRIERES,0.2,CHALON SUD EST,2,"ph,tds"
71026,BEAUMONT-SUR-GROSNE,0.2,REGION DE SENNECEY,2,"ph,tds"
71027,BEAUREPAIRE-EN-BRESSE,0.2,SEILLETTE,2,"ph,tds"
71029,BELLEVESVRE,0.2,BRESSE NORD,2,"ph,tds"
71032,BERZE-LA-VILLE,0.2,MBA LA BARGE,2,"ph,tds"
71033,BEY,0.2,REGION DE VERDUN,2,"ph,tds"
71034,BISSEY-SOUS-CRUCHAUD,0.2,SUD OUEST DE CHALON,2,"ph,tds"
71035,BISSY-LA-MACONNAISE,0.2,HAUT MACONNAIS-FARGES,2,"ph,tds"
71036,BISSY-SOUS-UXELLES,0.2,GROSNE ET GUYE-PONT D'EPINET,2,"ph,tds"
71037,BISSY-SUR-FLEY,0.2,SUD OUEST DE CHALON,2,"ph,tds"
71038,BIZOTS (LES),0.6247,C.U.C.M. SUD,2,"ph,tds"
71043,BORDES (LES),0.2,REGION DE VERDUN,2,"ph,tds"
71046,BOULAYE (LA),0.8933,CHARBONNAT,2,"ph,tds"
71048,BOURG-LE-COMTE,0.2371,SOLOGNE LIGERIENNE,2,"ph,tds"
71051,BOUZERON,0.2,VALLEE DE LA DHEUNE,2,"ph,tds"
71056,BRANGES,0.1979,REGION LOUHANNAISE,2,"ph,tds"
71057,BRAY,0.2,GROSNE ET GUYE-PONT D'EPINET,2,"ph,tds"
71058,BRESSE-SUR-GROSNE,0.2,GROSNE ET GUYE-PONT D'EPINET,2,"ph,tds"
71060,BRIANT,0.4162,BRIONNAIS-VINDECY-BAUGY,2,"ph,tds"
71061,BRIENNE,0.1979,REGION LOUHANNAISE,2,"ph,tds"
71063,BROYE,0.8233,,2,"ph,tds"
71064,BRUAILLES,0.1979,REGION LOUHANNAISE,2,"ph,tds"
71066,BURGY,0.2,HAUT MACONNAIS-FLEURVILLE,2,"ph,tds"
71069,BUSSIERES,0.2,MBA LA BARGE,2,"ph,tds"
71072,CERSOT,0.2,GUYE ET DHEUNE-SAINT MARTIN,2,"ph,tds"
71075,CHALMOUX,0.3733,BORDS DE LOIRE-VITRY,2,"ph,tds"
71077,CHAMBILLY,0.2371,SOLOGNE LIGERIENNE,2,"ph,tds"
71080,CHAMPAGNY-SOUS-UXELLES,0.2,GROSNE ET GUYE-PONT D'EPINET,2,"ph,tds"
71081,CHAMPFORGEUIL,0.2,NORD DE CHALON,2,"ph,tds"
71085,CHANGE,0.4027,SAINT EMILAND,2,"ph,tds"
71086,CHANGY,0.8469,BRIONNAIS-VINDECY,2,"ph,tds"
71087,CHAPAIZE,0.2,GROSNE ET GUYE-PONT D'EPINET,2,"ph,tds"
71088,CHAPELLE-AU-MANS (LA),0.7681,BOURBINCE OUDRACHE-VENDENESSE,2,"ph,tds"
71089,CHAPELLE-DE-BRAGNY (LA),0.2,REGION DE SENNECEY,2,"ph,tds"
71094,CHAPELLE-SOUS-BRANCION (LA),0.1983,TOURNUGEOIS,2,"ph,tds"
71097,CHAPELLE-THECLE (LA),0.2,BASSE SEILLE,2,"ph,tds"
71099,CHARBONNIERES,0.2,MBA NORD DE MACON,2,"ph,tds"
71100,CHARDONNAY,0.1953,HAUT MACONNAIS-FARGES,2,"ph,tds"
71102,CHARMEE (LA),0.2,SUD OUEST DE CHALON,2,"ph,tds"
71103,CHARMOY,0.6247,C.U.C.M. SUD,2,"ph,tds"
71107,CHARRECEY,0.2,VALLEE DE LA DHEUNE,2,"ph,tds"
71111,CHASSY,0.7681,BOURBINCE OUDRACHE-VENDENESSE,2,"ph,tds"
71116,CHATENAY,0.4162,BRIONNAIS-VINDECY-BAUGY,2,"ph,tds"
71121,CHAUX (LA),0.2,BRESSE NORD,2,"ph,tds"
71122,CHEILLY-LES-MARANGES,0.2,VALLEE DE LA DHEUNE,2,"ph,tds"
71123,CHENAY-LE-CHATEL,0.2371,SOLOGNE LIGERIENNE,2,"ph,tds"
71125,CHERIZET,0.2,GUYE-SALORNAY,2,"ph,tds"
71127,CHEVAGNY-SUR-GUYE,0.8481,ARCONCE-VINDECY-BEAUBERY,2,"ph,tds"
71128,CHIDDES,0.2,GUYE-SALORNAY,2,"ph,tds"
71129,CHISSEY-EN-MORVAN,0.6565,LE TERNIN,2,"ph,tds"
71130,CHISSEY-LES-MACON,0.2,GROSNE ET GUYE-PONT D'EPINET,2,"ph,tds"
71135,CLESSE,0.2,HAUT MACONNAIS-FLEURVILLE,2,"ph,tds"
71136,CLESSY,0.7681,BOURBINCE OUDRACHE-VENDENESSE,2,"ph,tds"
71139,COLLONGE-EN-CHAROLLAIS,0.2,GUYE-SALORNAY,2,"ph,tds"
71140,COLLONGE-LA-MADELEINE,0.4027,SAINT EMILAND,2,"ph,tds"
71145,CORMATIN,0.2,GROSNE ET GUYE-PONT D'EPINET,2,"ph,tds"
71147,CORTEVAIX,0.2,GROSNE ET GUYE-PONT D'EPINET,2,"ph,tds"
71148,COUBLANC,0.7323,SORNIN-SAINT MAURICE,2,"ph,tds"
71151,CREOT,0.4027,SAINT EMILAND,2,"ph,tds"
71155,CRONAT,0.3733,BORDS DE LOIRE-VITRY,2,"ph,tds"
71156,CRUZILLE,0.2,HAUT MACONNAIS-FARGES,2,"ph,tds"
71158,CUISERY,0.1979,REGION LOUHANNAISE,2,"ph,tds"
71159,CULLES-LES-ROCHES,0.2,SUD OUEST DE CHALON,2,"ph,tds"
71160,CURBIGNY,0.4162,BRIONNAIS-VINDECY-BAUGY,2,"ph,tds"
71164,CURTIL-SOUS-BURNAND,0.2,GROSNE ET GUYE-PONT D'EPINET,2,"ph,tds"
71167,DAMEREY,0.2,REGION DE VERDUN,2,"ph,tds"
71168,DAMPIERRE-EN-BRESSE,0.2,BRESSE NORD,2,"ph,tds"
71169,DAVAYE,0.2,MBA LA BARGE,2,"ph,tds"
71170,DEMIGNY,0.2,BASSE DHEUNE,2,"ph,tds"
71171,DENNEVY,0.2,VALLEE DE LA DHEUNE,2,"ph,tds"
71172,DETTEY,0.8935,CHARBONNAT,2,"ph,tds"
71173,DEVROUZE,0.2,CHALON SUD EST,2,"ph,tds"
71175,DICONNE,0.2,BRESSE NORD,2,"ph,tds"
71177,DOMMARTIN-LES-CUISEAUX,0.2,CANTON DE CUISEAUX-BAS SERVICE,2,"ph,tds"
71178,DOMPIERRE-LES-ORMES,0.8469,BRIONNAIS-VINDECY,2,"ph,tds"
71179,DOMPIERRE-SOUS-SANVIGNES,0.7681,BOURBINCE OUDRACHE-VENDENESSE,2,"ph,tds"
71181,DONZY-LE-PERTUIS,0.2,GROSNE ET GUYE-PONT D'EPINET,2,"ph,tds"
71182,DRACY-LE-FORT,0.2,SUD OUEST DE CHALON,2,"ph,tds"
71183,DRACY-LES-COUCHES,0.4027,SAINT EMILAND,2,"ph,tds"
71184,DRACY-SAINT-LOUP,0.6565,LE TERNIN,2,"ph,tds"
71185,DYO,0.4162,BRIONNAIS-VINDECY-BAUGY,2,"ph,tds"
71186,ECUELLES,0.2,BASSE DHEUNE,2,"ph,tds"
71188,EPERTULLY,0.4027,SAINT EMILAND,2,"ph,tds"
71190,EPINAC,0.4027,SAINT EMILAND,2,"ph,tds"
71191,ESSERTENNE,0.4027,SAINT EMILAND,2,"ph,tds"
71192,ETANG-SUR-ARROUX,0.7228,SIE ARROUX BRACONNE,2,"ph,tds"
71193,ETRIGNY,0.2,REGION DE SENNECEY,2,"ph,tds"
71194,FARGES-LES-CHALON,0.2,NORD DE CHALON,2,"ph,tds"
71196,FAY (LE),0.2,SEILLETTE,2,"ph,tds"
71198,FLACEY-EN-BRESSE,0.2,SEILLETTE,2,"ph,tds"
71201,FLEY,0.2,SUD OUEST DE CHALON,2,"ph,tds"
71206,FRETTE (LA),0.2,CHALON SUD EST,2,"ph,tds"
71207,FRETTERANS,0.2,BRESSE NORD,2,"ph,tds"
71208,FRONTENARD,0.2,REGION DE VERDUN,2,"ph,tds"
71214,GENOUILLY,0.2,GUYE-SALORNAY,2,"ph,tds"
71215,GERGY,0.2,BASSE DHEUNE,2,"ph,tds"
71216,GERMAGNY,0.2,GUYE-SALORNAY,2,"ph,tds"
71218,GIBLES,0.4162,BRIONNAIS-VINDECY-BAUGY,2,"ph,tds"
71219,GIGNY-SUR-SAONE,0.2,REGION DE SENNECEY,2,"ph,tds"
71220,GILLY-SUR-LOIRE,0.3733,BORDS DE LOIRE-VITRY,2,"ph,tds"
71225,GRANGES,0.2,SUD OUEST DE CHALON,2,"ph,tds"
71226,GREVILLY,0.2,HAUT MACONNAIS-FARGES,2,"ph,tds"
71228,GUERFAND,0.2,CHALON SUD EST,2,"ph,tds"
71229,GUERREAUX (LES),0.3733,BORDS DE LOIRE-VITRY,2,"ph,tds"
71236,IGE,0.2,HAUT MACONNAIS-FLEURVILLE,2,"ph,tds"
71237,IGORNAY,0.6565,LE TERNIN,2,"ph,tds"
71241,JAMBLES,0.2,SUD OUEST DE CHALON,2,"ph,tds"
71242,JONCY,0.2,GUYE-SALORNAY,2,"ph,tds"
71245,JUGY,0.2,TOURNUGEOIS,2,"ph,tds"
71246,JUIF,0.2,CHALON SUD EST,2,"ph,tds"
71248,LACROST,0.1979,REGION LOUHANNAISE,2,"ph,tds"
71249,LAIVES,0.2,,2,"ph,tds"
71250,LAIZE,0.2,MBA NORD DE MACON,2,"ph,tds"
71252,LALHEUE,0.2,REGION DE SENNECEY,2,"ph,tds"
71255,LESME,0.3733,BORDS DE LOIRE-VITRY,2,"ph,tds"
71258,LEYNES,0.2,MBA LA BARGE,2,"ph,tds"
71259,LIGNY-EN-BRIONNAIS,0.7381,SORNIN-SAINT JULIEN DE JONZY,2,"ph,tds"
71263,LOUHANS,0.1979,REGION LOUHANNAISE,2,"ph,tds"
71267,LUGNY,0.2,HAUT MACONNAIS-FARGES,2,"ph,tds"
71268,LUGNY-LES-CHAROLLES,0.8469,BRIONNAIS-VINDECY,2,"ph,tds"
71271,MAILLY,0.7381,SORNIN-SAINT JULIEN DE JONZY,2,"ph,tds"
71272,MALAY,0.2,GROSNE ET GUYE-PONT D'EPINET,2,"ph,tds"
71274,MANCEY,0.2,TOURNUGEOIS,2,"ph,tds"
71276,MARCILLY-LA-GUEURCE,0.8469,BRIONNAIS-VINDECY,2,"ph,tds"
71280,MARLY-SOUS-ISSY,0.3733,BORDS DE LOIRE-VITRY,2,"ph,tds"
71281,MARLY-SUR-ARROUX,0.7681,BOURBINCE OUDRACHE-VENDENESSE,2,"ph,tds"
71283,MARNAY,0.2,SUD OUEST DE CHALON,2,"ph,tds"
71292,MELLECEY,0.2,NORD DE CHALON,2,"ph,tds"
71295,MERVANS,0.2,BRESSE NORD,2,"ph,tds"
71299,MILLY-LAMARTINE,0.2,MBA LA BARGE,2,"ph,tds"
71301,MONT,0.3733,BORDS DE LOIRE-VITRY,2,"ph,tds"
71302,MONTAGNY-LES-BUXY,0.2,SUD OUEST DE CHALON,2,"ph,tds"
71303,MONTAGNY-PRES-LOUHANS,0.1979,REGION LOUHANNAISE,2,"ph,tds"
71307,MONTCEAUX-L'ETOILE,0.8469,BRIONNAIS-VINDECY,2,"ph,tds"
71308,MONTCEAUX-RAGNY,0.2,REGION DE SENNECEY,2,"ph,tds"
71309,MONTCENIS,0.5955,C.U.C.M NORD,2,"ph,tds"
71311,MONTCONY,0.198,SEILLETTE,2,"ph,tds"
71312,MONTCOY,0.2,CHALON SUD EST,2,"ph,tds"
71314,MONTJAY,0.2,BRESSE NORD,2,"ph,tds"
71315,MONT-LES-SEURRE,0.2,REGION DE VERDUN,2,"ph,tds"
71318,MONTPONT-EN-BRESSE,0.2,BASSE SEILLE,2,"ph,tds"
71322,MORLET,0.4027,SAINT EMILAND,2,"ph,tds"
71326,MOUTHIER-EN-BRESSE,0.2,BRESSE NORD,2,"ph,tds"
71330,NEUVY-GRANDCHAMP,0.3733,BORDS DE LOIRE-VITRY,2,"ph,tds"
71333,OSLON,0.2,ST MARCEL CHATENOY LANS OSLON,2,"ph,tds"
71335,OUROUX-SOUS-LE-BOIS-SAINTE-MARIE,0.8469,BRIONNAIS-VINDECY,2,"ph,tds"
71341,PALLEAU,0.2,BASSE DHEUNE,2,"ph,tds"
71347,PERREUIL,0.4027,SAINT EMILAND,2,"ph,tds"
71349,PETITE-VERRIERE (LA),0.5645,CUSSY EN MORVAN,2,"ph,tds"
71351,PIERRE-DE-BRESSE,0.2,BRESSE NORD,2,"ph,tds"
71352,PLANOIS (LE),0.2,SEILLETTE,2,"ph,tds"
71353,PLOTTES,0.2,HAUT MACONNAIS-FARGES,2,"ph,tds"
71355,PONTOUX,0.2,REGION DE VERDUN,2,"ph,tds"
71357,POURLANS,0.2,BRESSE NORD,2,"ph,tds"
71358,PRESSY-SOUS-DONDIN,0.2,GUYE-SALORNAY,2,"ph,tds"
71360,PRISSE,0.2,MBA LA BARGE,2,"ph,tds"
71361,PRIZY,0.4162,BRIONNAIS-VINDECY-BAUGY,2,"ph,tds"
71363,PULEY (LE),0.2,GUYE-SALORNAY,2,"ph,tds"
71365,RANCY,0.1979,REGION LOUHANNAISE,2,"ph,tds"
71367,RATTE,0.1979,REGION LOUHANNAISE,2,"ph,tds"
71368,RECLESNE,0.6565,LE TERNIN,2,"ph,tds"
71371,ROCHE-VINEUSE (LA),0.2,MBA LA BARGE,2,"ph,tds"
71374,ROSEY,0.2,SUD OUEST DE CHALON,2,"ph,tds"
71377,ROYER,0.2,TOURNUGEOIS,2,"ph,tds"
71378,RULLY,0.2,NORD DE CHALON,2,"ph,tds"
71380,SAILLENARD,0.2,SEILLETTE,2,"ph,tds"
71381,SAILLY,0.2,GUYE-SALORNAY,2,"ph,tds"
71386,SAINT-ANDRE-EN-BRESSE,0.2,CHALON SUD EST,2,"ph,tds"
71387,SAINT-ANDRE-LE-DESERT,0.2,GUYE-SALORNAY,2,"ph,tds"
71389,SAINT-AUBIN-SUR-LOIRE,0.2209,BORDS DE LOIRE-PERRIGNY,2,"ph,tds"
71393,SAINT-BONNET-DE-CRAY,0.7381,SORNIN-SAINT JULIEN DE JONZY,2,"ph,tds"
71396,SAINT-BONNET-EN-BRESSE,0.2,BRESSE NORD,2,"ph,tds"
71398,SAINT-CHRISTOPHE-EN-BRESSE,0.2,CHALON SUD EST,2,"ph,tds"
71399,SAINT-CHRISTOPHE-EN-BRIONNAIS,0.4162,BRIONNAIS-VINDECY-BAUGY,2,"ph,tds"
71400,SAINT-CLEMENT-SUR-GUYE,0.2,GUYE-SALORNAY,2,"ph,tds"
71401,SAINTE-CROIX,0.1979,REGION LOUHANNAISE,2,"ph,tds"
71405,SAINT-DIDIER-EN-BRESSE,0.2,REGION DE VERDUN,2,"ph,tds"
71406,SAINT-DIDIER-EN-BRIONNAIS,0.2,BRIONNAIS-BAUGY,2,"ph,tds"
71410,SAINT-ETIENNE-EN-BRESSE,0.2,CHALON SUD EST,2,"ph,tds"
71414,SAINT-FORGEOT,0.6565,LE TERNIN,2,"ph,tds"
71415,SAINTE-FOY,0.7381,SORNIN-SAINT JULIEN DE JONZY,2,"ph,tds"
71416,SAINT-GENGOUX-DE-SCISSE,0.2,HAUT MACONNAIS-FLEURVILLE,2,"ph,tds"
71419,SAINT-GERMAIN-DU-BOIS,0.2,SEILLETTE,2,"ph,tds"
71420,SAINT-GERMAIN-DU-PLAIN,0.1997,,2,"ph,tds"
71421,SAINT-GERMAIN-EN-BRIONNAIS,0.4162,BRIONNAIS-VINDECY-BAUGY,2,"ph,tds"
71422,SAINT-GERMAIN-LES-BUXY,0.2,SUD OUEST DE CHALON,2,"ph,tds"
71423,SAINT-GERVAIS-EN-VALLIERE,0.2,BASSE DHEUNE,2,"ph,tds"
71424,SAINT-GERVAIS-SUR-COUCHES,0.4027,SAINT EMILAND,2,"ph,tds"
71425,SAINT-GILLES,0.2,VALLEE DE LA DHEUNE,2,"ph,tds"
71427,SAINT-HURUGE,0.2,GROSNE ET GUYE-PONT D'EPINET,2,"ph,tds"
71428,SAINT-IGNY-DE-ROCHE,0.7323,SORNIN-SAINT MAURICE,2,"ph,tds"
71435,SAINT-JULIEN-SUR-DHEUNE,0.2,GUYE ET DHEUNE-VILLENEUVE,2,"ph,tds"
71437,SAINT-LAURENT-EN-BRIONNAIS,0.7381,SORNIN-SAINT JULIEN DE JONZY,2,"ph,tds"
71442,SAINT-LEGER-SUR-DHEUNE,0.2,VALLEE DE LA DHEUNE,2,"ph,tds"
71444,SAINT-LOUP-DE-VARENNES,0.2,SUD OUEST DE CHALON,2,"ph,tds"
71446,SAINT-MARCELIN-DE-CRAY,0.2,GUYE-SALORNAY,2,"ph,tds"
71447,SAINT-MARD-DE-VAUX,0.2,SUD OUEST DE CHALON,2,"ph,tds"
71448,SAINT-MARTIN-BELLE-ROCHE,0.2,MBA NORD DE MACON,2,"ph,tds"
71449,SAINT-MARTIN-D'AUXY,0.2,GUYE ET DHEUNE-VILLENEUVE,2,"ph,tds"
71450,SAINT-MARTIN-DE-COMMUNE,0.4027,SAINT EMILAND,2,"ph,tds"
71451,SAINT-MARTIN-DE-LIXY,0.7323,SORNIN-SAINT MAURICE,2,"ph,tds"
71452,SAINT-MARTIN-DE-SALENCEY,0.8481,ARCONCE-VINDECY-BEAUBERY,2,"ph,tds"
71457,SAINT-MARTIN-EN-GATINOIS,0.2,BASSE DHEUNE,2,"ph,tds"
71458,SAINT-MARTIN-LA-PATROUILLE,0.2,GUYE-SALORNAY,2,"ph,tds"
71459,SAINT-MARTIN-SOUS-MONTAIGU,0.2,NORD DE CHALON,2,"ph,tds"
71460,SAINT-MAURICE-DE-SATONNAY,0.196,HAUT MACONNAIS-FLEURVILLE,2,"ph,tds"
71462,SAINT-MAURICE-EN-RIVIERE,0.2,REGION DE VERDUN,2,"ph,tds"
71465,SAINT-MICAUD,0.2,GUYE ET DHEUNE-VILLENEUVE,2,"ph,tds"
71466,SAINT-NIZIER-SUR-ARROUX,0.8929,CHARBONNAT,2,"ph,tds"
71484,SAINT-USUGE,0.1979,REGION LOUHANNAISE,2,"ph,tds"
71485,SAINT-VALLERIN,0.2,SUD OUEST DE CHALON,2,"ph,tds"
71487,SAINT-VERAND,0.2,MBA LA BARGE,2,"ph,tds"
71489,SAINT-VINCENT-EN-BRESSE,0.2,CHALON SUD EST,2,"ph,tds"
71493,SAISY,0.4027,SAINT EMILAND,2,"ph,tds"
71498,SANTILLY,0.2,GROSNE ET GUYE-PONT D'EPINET,2,"ph,tds"
71501,SASSANGY,0.2,GUYE ET DHEUNE-SAINT MARTIN,2,"ph,tds"
71503,SAULES,0.2,SUD OUEST DE CHALON,2,"ph,tds"
71504,SAUNIERES,0.2,REGION DE VERDUN,2,"ph,tds"
71505,SAVIANGES,0.2,GUYE-SALORNAY,2,"ph,tds"
71507,SAVIGNY-SUR-GROSNE,0.2,GROSNE ET GUYE-PONT D'EPINET,2,"ph,tds"
71508,SAVIGNY-SUR-SEILLE,0.1979,REGION LOUHANNAISE,2,"ph,tds"
71513,SENOZAN,0.2,MBA NORD DE MACON,2,"ph,tds"
71516,SERLEY,0.2,SEILLETTE,2,"ph,tds"
71521,SIGY-LE-CHATEL,0.2,GUYE-SALORNAY,2,"ph,tds"
71524,SIVIGNON,0.2,GUYE-SALORNAY,2,"ph,tds"
71530,SULLY,0.4027,SAINT EMILAND,2,"ph,tds"
71533,TANCON,0.7323,SORNIN-SAINT MAURICE,2,"ph,tds"
71534,TARTRE (LE),0.2,SEILLETTE,2,"ph,tds"
71539,TINTRY,0.4027,SAINT EMILAND,2,"ph,tds"
71541,TORPES,0.2,BRESSE NORD,2,"ph,tds"
71544,TOUTENANT,0.2,REGION DE VERDUN,2,"ph,tds"
71548,TRONCHY,0.2,CHALON SUD EST,2,"ph,tds"
71552,UXEAU,0.7681,BOURBINCE OUDRACHE-VENDENESSE,2,"ph,tds"
71553,VAREILLES,0.4162,BRIONNAIS-VINDECY-BAUGY,2,"ph,tds"
71554,VARENNE-L'ARCONCE,0.4162,BRIONNAIS-VINDECY-BAUGY,2,"ph,tds"
71556,VARENNES-LES-MACON,0.2,MBA LA BARGE,2,"ph,tds"
71561,VAUBAN,0.7381,SORNIN-SAINT JULIEN DE JONZY,2,"ph,tds"
71562,VAUDEBARRIER,0.8469,BRIONNAIS-VINDECY,2,"ph,tds"
71566,VERDUN-CIEL,0.2,REGION DE VERDUN,2,"ph,tds"
71570,VERJUX,0.2,BASSE DHEUNE,2,"ph,tds"
71571,VEROSVRES,0.8481,ARCONCE-VINDECY-BEAUBERY,2,"ph,tds"
71572,VERS,0.2,TOURNUGEOIS,2,"ph,tds"
71573,VERSAUGUES,0.8469,BRIONNAIS-VINDECY,2,"ph,tds"
71576,VILLARS (LE),0.2,HAUT MACONNAIS-FARGES,2,"ph,tds"
71580,VINCELLES,0.1979,REGION LOUHANNAISE,2,"ph,tds"
71582,VINEUSE-SUR-FREGANDE (LA),0.2,GUYE-SALORNAY,2,"ph,tds"
71584,VIRE,0.2,HAUT MACONNAIS-FLEURVILLE,2,"ph,tds"
71585,VIREY-LE-GRAND,0.2,NORD DE CHALON,2,"ph,tds"
72001,AIGNE,0.2,LE MANS METROPOLE SAINT PAVACE F1,2,"ph,tds"
72002,AILLIERES-BEAUVOIR,0.1659,PERSEIGNE SAOSNOIS,2,"ph,tds"
72009,ARTHEZE,0.1851,COURCELLES LA FORET,2,"ph,tds"
72010,ASNIERES-SUR-VEGRE,0.1939,PARCE SUR SARTHE,2,"ph,tds"
72011,ASSE-LE-BOISNE,0.2,SILLE LE GUILLAUME,2,"ph,tds"
72015,AULNEAUX (LES),0.1658,PERSEIGNE SAOSNOIS,2,"ph,tds"
72016,AUVERS-LE-HAMON,0.1935,PARCE SUR SARTHE,2,"ph,tds"
72017,AUVERS-SOUS-MONTFAUCON,0.1448,BRAINS SUR GEE,2,"ph,tds"
72018,AVESNES-EN-SAOSNOIS,0.1659,PERSEIGNE SAOSNOIS,2,"ph,tds"
72019,AVESSE,0.2,CHANTENAY VILLEDIEU,2,"ph,tds"
72021,AVOISE,0.1939,PARCE SUR SARTHE,2,"ph,tds"
72027,BEAUMONT-SUR-DEME,0.2,LOIR ET DEME,2,"ph,tds"
72032,BERFAY,0.2,CONFLANS SUR ANILLE,2,"ph,tds"
72034,BERUS,0.2,CHAMPFLEUR,2,"ph,tds"
72037,BLEVES,0.1659,PERSEIGNE SAOSNOIS,2,"ph,tds"
72038,BOESSE-LE-SEC,0.2,BOESSE LE SEC,2,"ph,tds"
72043,BOURG-LE-ROI,0.1919,FYE,2,"ph,tds"
72049,BRUERE-SUR-LOIR (LA),0.2,CHENU,2,"ph,tds"
72050,BRULON,0.2,CHANTENAY VILLEDIEU,2,"ph,tds"
72053,CHALLES,0.2,BOULOIRE,2,"ph,tds"
72054,CHAMPAGNE,0.1969,LE MANS METROPOLE ESU,2,"ph,tds"
72057,CHAMPROND,0.2,VIBRAYE CHAMPROND SUD,2,"ph,tds"
72061,CHAPELLE-D'ALIGNE (LA),0.1914,BAZOUGES SUR LE LOIR,2,"ph,tds"
72065,CHAPELLE-SAINT-AUBIN (LA),0.1998,LE MANS METROPOLE SAINT PAVACE F1,2,"ph,tds"
72070,CHASSILLE,0.1448,BRAINS SUR GEE,2,"ph,tds"
72072,CHATEAU-L'HERMITAGE,0.1296,PONTVALLAIN,2,"ph,tds"
72073,CHAUFOUR-NOTRE-DAME,0.1971,LE MANS METROPOLE ESU,2,"ph,tds"
72074,CHEMIRE-EN-CHARNIE,0.2,SAINT SYMPHORIEN,2,"ph,tds"
72076,CHENAY,0.1659,PERSEIGNE SAOSNOIS,2,"ph,tds"
72078,CHERANCE,0.1606,ROUESSE FONTAINE,2,"ph,tds"
72079,CHERISAY,0.2,CHAMPFLEUR,2,"ph,tds"
72083,CHEVILLE,0.2,CHANTENAY VILLEDIEU,2,"ph,tds"
72085,COGNERS,0.2,BESSE SUR BRAYE,2,"ph,tds"
72086,COMMERVEIL,0.1658,PERSEIGNE SAOSNOIS,2,"ph,tds"
72088,CONGE-SUR-ORNE,0.1606,ROUESSE FONTAINE,2,"ph,tds"
72091,CONTILLY,0.1658,PERSEIGNE SAOSNOIS,2,"ph,tds"
72099,COURCEBOEUFS,0.2,BALLON-ST MARS,2,"ph,tds"
72100,COURCELLES-LA-FORET,0.1851,COURCELLES LA FORET,2,"ph,tds"
72101,COURCEMONT,0.2,VIVE PARENCE,2,"ph,tds"
72104,COURGAINS,0.1652,PERSEIGNE SAOSNOIS,2,"ph,tds"
72107,CRANNES-EN-CHAMPAGNE,0.1448,BRAINS SUR GEE,2,"ph,tds"
72112,DANGEUL,0.1606,ROUESSE FONTAINE,2,"ph,tds"
72114,DEHAULT,0.2,LE PERCHE SARTHOIS TANNERIE,2,"ph,tds"
72120,DOUCELLES,0.1606,ROUESSE FONTAINE,2,"ph,tds"
72121,DOUILLET,0.2,SILLE LE GUILLAUME,2,"ph,tds"
72123,DUREIL,0.1939,PARCE SUR SARTHE,2,"ph,tds"
72125,ECORPAIN,0.2,BOULOIRE - BOIS SORIN,2,"ph,tds"
72130,FAY,0.1966,LE MANS METROPOLE ESU,2,"ph,tds"
72133,FILLE,0.1999,SIDERM YVRE LE POLIN,2,"ph,tds"
72134,FLEE,0.2,BEAUMONT PIED DE BOEUF,2,"ph,tds"
72135,FONTAINE-SAINT-MARTIN (LA),0.1851,COURCELLES LA FORET,2,"ph,tds"
72136,FONTENAY-SUR-VEGRE,0.1939,PARCE SUR SARTHE,2,"ph,tds"
72142,GRANDCHAMP,0.1606,ROUESSE FONTAINE,2,"ph,tds"
72145,GREZ (LE),0.2,SILLE-SAINT PIERRE,2,"ph,tds"
72147,GUIERCHE (LA),0.2,BALLON-ST MARS,2,"ph,tds"
72149,JOUE-EN-CHARNIE,0.2,SAINT SYMPHORIEN,2,"ph,tds"
72152,JUILLE,0.1601,ROUESSE FONTAINE,2,"ph,tds"
72164,LIVET-EN-SAOSNOIS,0.1658,PERSEIGNE SAOSNOIS,2,"ph,tds"
72166,LONGNES,0.1448,BRAINS SUR GEE,2,"ph,tds"
72169,LOUPLANDE,0.1738,SOULIGNE FLACE,2,"ph,tds"
72171,LOUZES,0.1658,PERSEIGNE SAOSNOIS,2,"ph,tds"
72174,LUCE-SOUS-BALLON,0.1606,ROUESSE FONTAINE,2,"ph,tds"
72188,MAROLLETTE,0.1655,PERSEIGNE SAOSNOIS,2,"ph,tds"
72202,MONHOUDOU,0.1626,PERSEIGNE SAOSNOIS,2,"ph,tds"
72211,MONT-SAINT-JEAN,0.2,SILLE LE GUILLAUME,2,"ph,tds"
72214,NAUVAY,0.1658,PERSEIGNE SAOSNOIS,2,"ph,tds"
72218,NEUVILLETTE-EN-CHARNIE,0.2,SILLE-SAINT PIERRE,2,"ph,tds"
72219,BERNAY-NEUVY-EN-CHAMPAGNE,0.2,SAINT SYMPHORIEN,2,"ph,tds"
72222,NOUANS,0.1606,ROUESSE FONTAINE,2,"ph,tds"
72223,NOYEN-SUR-SARTHE,0.2,CHANTENAY VILLEDIEU,2,"ph,tds"
72225,OISSEAU-LE-PETIT,0.2,CHAMPFLEUR,2,"ph,tds"
72227,PANON,0.1658,PERSEIGNE SAOSNOIS,2,"ph,tds"
72232,NOTRE-DAME-DU-PE,0.1916,BAZOUGES SUR LE LOIR,2,"ph,tds"
72233,PERAY,0.1658,PERSEIGNE SAOSNOIS,2,"ph,tds"
72235,PIACE,0.1603,ROUESSE FONTAINE,2,"ph,tds"
72237,PIRMIL,0.1975,CHANTENAY VILLEDIEU,2,"ph,tds"
72238,PIZIEUX,0.1658,PERSEIGNE SAOSNOIS,2,"ph,tds"
72246,PREVELLES,0.2,BOESSE LE SEC,2,"ph,tds"
72247,PRUILLE-LE-CHETIF,0.1969,LE MANS METROPOLE ESU,2,"ph,tds"
72250,RAHAY,0.2,CONFLANS SUR ANILLE,2,"ph,tds"
72251,RENE,0.1606,ROUESSE FONTAINE,2,"ph,tds"
72256,ROUEZ,0.2,SILLE LE GUILLAUME,2,"ph,tds"
72257,ROUILLON,0.1971,LE MANS METROPOLE ESU,2,"ph,tds"
72259,ROUPERROUX-LE-COQUET,0.1996,SAINT EN COSMES EN VAIRAIS (ROBINIERE),2,"ph,tds"
72261,RUILLE-EN-CHAMPAGNE,0.2,SAINT SYMPHORIEN,2,"ph,tds"
72268,SAINT-BIEZ-EN-BELIN,0.1296,PONTVALLAIN,2,"ph,tds"
72270,SAINT-CALEZ-EN-SAOSNOIS,0.1659,PERSEIGNE SAOSNOIS,2,"ph,tds"
72272,SAINTE-CEROTTE,0.2,BOULOIRE - BOIS SORIN,2,"ph,tds"
72273,SAINT-CHRISTOPHE-DU-JAMBET,0.2,MONTREUIL LE CHETIF,2,"ph,tds"
72277,SAINT-DENIS-DES-COUDRAIS,0.2,BOESSE LE SEC,2,"ph,tds"
72281,SAINT-GEORGES-DU-ROSAY,0.2,BOESSE LE SEC,2,"ph,tds"
72283,SAINT-GERMAIN-D'ARCE,0.2,CHENU,2,"ph,tds"
72291,SAINT-JEAN-DE-LA-MOTTE,0.2,LUCHE PRINGE,2,"ph,tds"
72292,SAINT-JEAN-DES-ECHELLES,0.2,LAMNAY ST JEAN CHAMPROND NORD,2,"ph,tds"
72293,SAINT-JEAN-DU-BOIS,0.1851,COURCELLES LA FORET,2,"ph,tds"
72294,SAINT-LEONARD-DES-BOIS,0.2,SILLE LE GUILLAUME,2,"ph,tds"
72296,SAINT-MAIXENT,0.2,LA BUTTE DE BOUER,2,"ph,tds"
72302,SAINT-MARTIN-DES-MONTS,0.2,BOESSE LE SEC,2,"ph,tds"
72309,SAINT-PAUL-LE-GAULTIER,0.2,SILLE LE GUILLAUME,2,"ph,tds"
72312,SAINT-PIERRE-DES-BOIS,0.2,CHANTENAY VILLEDIEU,2,"ph,tds"
72313,SAINT-PIERRE-DES-ORMES,0.1659,PERSEIGNE SAOSNOIS,2,"ph,tds"
72316,SAINT-REMY-DES-MONTS,0.1659,PERSEIGNE SAOSNOIS,2,"ph,tds"
72317,SAINT-REMY-DU-VAL,0.1659,PERSEIGNE SAOSNOIS,2,"ph,tds"
72322,SAINT-ULPHACE,0.2,THELIGNY,2,"ph,tds"
72323,SAINT-VICTEUR,0.1993,CHAMPFLEUR,2,"ph,tds"
72336,SOLESMES,0.1888,SABLE SUR SARTHE,2,"ph,tds"
72338,SOUILLE,0.2,BALLON-ST MARS,2,"ph,tds"
72342,SOUVIGNE-SUR-MEME,0.2,LE PERCHE SARTHOIS TANNERIE,2,"ph,tds"
72345,SURFONDS,0.2,JALAIS HUCHEREAUX,2,"ph,tds"
72347,TASSE,0.1993,CHANTENAY VILLEDIEU,2,"ph,tds"
72348,TASSILLE,0.1444,BRAINS SUR GEE,2,"ph,tds"
72349,TEILLE,0.1606,ROUESSE FONTAINE,2,"ph,tds"
72351,TENNIE,0.2,SAINT SYMPHORIEN,2,"ph,tds"
72352,TERREHAULT,0.2,SAINT EN COSMES EN VAIRAIS (ROBINIERE),2,"ph,tds"
72354,THOIGNE,0.1658,PERSEIGNE SAOSNOIS,2,"ph,tds"
72355,THOIRE-SOUS-CONTENSOR,0.1606,ROUESSE FONTAINE,2,"ph,tds"
72356,THOIRE-SUR-DINAN,0.1996,BEAUMONT PIED DE BOEUF,2,"ph,tds"
72359,TORCE-EN-VALLEE,0.2,VIVE PARENCE,2,"ph,tds"
72362,TRONCHET (LE),0.2,ASSÉ LE RIBOUL-SEGRIE,2,"ph,tds"
72364,VAAS,0.2,LAVERNAT,2,"ph,tds"
72366,VALENNES,0.2,CONFLANS SUR ANILLE,2,"ph,tds"
72367,VALLON-SUR-GEE,0.1448,BRAINS SUR GEE,2,"ph,tds"
72368,VANCE,0.2,BESSE SUR BRAYE,2,"ph,tds"
72370,VERNIE,0.2,ASSÉ LE RIBOUL-SEGRIE,2,"ph,tds"
72372,VEZOT,0.1659,PERSEIGNE SAOSNOIS,2,"ph,tds"
72374,VILLAINES-LA-CARELLE,0.1659,PERSEIGNE SAOSNOIS,2,"ph,tds"
72377,VILLAINES-SOUS-MALICORNE,0.1851,COURCELLES LA FORET,2,"ph,tds"
72379,VIRE-EN-CHAMPAGNE,0.2,CHANTENAY VILLEDIEU,2,"ph,tds"
72381,VOIVRES-LES-LE-MANS,0.1998,SIDERM ESU,2,"ph,tds"
72383,VOUVRAY-SUR-HUISNE,0.2,CONNERRE-DUNEAU,2,"ph,tds"
72385,YVRE-LE-POLIN,0.1296,PONTVALLAIN,2,"ph,tds"
73048,BONVILLARD,0.7384,,2,"ph,tds"
73053,BOURGNEUF,0.2,SIAE CHAMOUX CHAMOUX SUR GELON,2,"ph,tds"
73068,CHAMOUSSET,0.2,SIAE CHAMOUX CHAMOUX SUR GELON,2,"ph,tds"
73075,CHAPELLE-BLANCHE (LA),0.7549,SIAEP LA ROCHETTE SUD,2,"ph,tds"
73133,HAUTEVILLE,0.2,,2,"ph,tds"
73147,LOISIEUX,0.2,,2,"ph,tds"
73159,MOLLETTES (LES),0.7549,SIAEP LA ROCHETTE SUD,2,"ph,tds"
73254,SAINTE-MARIE-D'ALVEY,0.2,RESEAU DU PALUEL,2,"ph,tds"
73269,SAINT-PAUL-SUR-YENNE,0.2,,2,"ph,tds"
73288,SONNAZ,0.2,RESEAU DE JOPPET,2,"ph,tds"
73299,TRAIZE,0.2,RESEAU DES MENARDS,2,"ph,tds"
73302,TRINITE (LA),0.2,SIAE CHAMOUX VAL COISIN,2,"ph,tds"
73309,VEREL-DE-MONTBEL,0.2,LE THIERS BAS SERVICE,2,"ph,tds"
74061,CHAPEIRY,0.2,LES LANCHES,2,"ph,tds"
74098,CUVAT,0.255,,2,"ph,tds"
74101,DINGY-EN-VUACHE,0.2,,2,"ph,tds"
74121,EXCENEVEX,0.2,MOISES,2,"ph,tds"
74150,LOISIN,0.2,,2,"ph,tds"
74206,ORCIER,0.2,,2,"ph,tds"
74254,SAINT-SYLVESTRE,0.2,LES LANCHES,2,"ph,tds"
74297,VERSONNEX,0.2,VERSONNEX-BONNEGUETE,2,"ph,tds"
74315,YVOIRE,0.2,MOISES,2,"ph,tds"
76002,ALVIMARE,0.2,FAUVILLE EN CAUX,2,"ph,tds"
76006,AMFREVILLE-LES-CHAMPS,0.2,ST PIERRE DE BENOUVILLE,2,"ph,tds"
76007,ANCEAUMEVILLE,0.2,SIERVILLE,2,"ph,tds"
76008,ANCOURT,0.2,,2,"ph,tds"
76010,ANCRETIEVILLE-SAINT-VICTOR,0.2,YERVILLE,2,"ph,tds"
76016,ANGLESQUEVILLE-LA-BRAS-LONG,0.2,FONTAINE-LE-DUN HS,2,"ph,tds"
76017,ANGLESQUEVILLE-L'ESNEVAL,0.1984,CRIQUETOT-L'ESNEVAL,2,"ph,tds"
76018,VAL-DE-SAANE,0.2,ST PIERRE DE BENOUVILLE,2,"ph,tds"
76019,ANNEVILLE-SUR-SCIE,0.2,LONGUEVILLE EST,2,"ph,tds"
76021,ANNOUVILLE-VILMESNIL,0.2,ST MACLOU LA BRIERE,2,"ph,tds"
76022,ANQUETIERVILLE,0.2,LA FRENAYE,2,"ph,tds"
76025,ARGUEIL,0.2,SIGY EN BRAY BS P2,2,"ph,tds"
76032,AUBERVILLE-LA-MANUEL,0.2,OUAINVILLE,2,"ph,tds"
76033,AUBERVILLE-LA-RENAULT,0.2,ST MACLOU LA BRIERE,2,"ph,tds"
76039,AUTHIEUX-SUR-LE-PORT-SAINT-OUEN (LES),0.2,PLATEAU EST FRANQUEVILLE,2,"ph,tds"
76040,AUTIGNY,0.2,,2,"ph,tds"
76041,HAUTS-DE-CAUX (LES),0.2307,,2,"ph,tds"
76042,AUVILLIERS,0.2,VALLEE EAULNE HS,2,"ph,tds"
76048,AVESNES-EN-BRAY,0.2,GOURNAY ELBEUF EN BRAY,2,"ph,tds"
76049,AVESNES-EN-VAL,0.2,EU FRESNOY FOLNY,2,"ph,tds"
76050,AVREMESNIL,0.2,LUNERAY,2,"ph,tds"
76053,BAILLOLET,0.2,NEUFCHATEL EN BRAY,2,"ph,tds"
76059,BAZINVAL,0.2,EU MONTAUBAN,2,"ph,tds"
76060,BEAUBEC-LA-ROSIERE,0.2,FORGES NORD,2,"ph,tds"
76066,BEAUTOT,0.2,AUFFAY-TOTES,2,"ph,tds"
76067,BEAUVOIR-EN-LYONS,0.2,BEZANCOURT MESNIL-LIEUBRAY,2,"ph,tds"
76069,BELBEUF,0.2,PLATEAU EST FRANQUEVILLE,2,"ph,tds"
76072,BELLEVILLE-EN-CAUX,0.2,VALLEE DE LA SAANE ,2,"ph,tds"
76077,BENESVILLE,0.2,ST PIERRE DE BENOUVILLE,2,"ph,tds"
76079,BENOUVILLE,0.1516,,2,"ph,tds"
76083,BERTHEAUVILLE,0.2,OUAINVILLE,2,"ph,tds"
76084,BERTREVILLE,0.2,OUAINVILLE,2,"ph,tds"
76085,BERTREVILLE-SAINT-OUEN,0.2,LONGUEVILLE OUEST,2,"ph,tds"
76088,BERVILLE-SUR-SEINE,0.2,BARDOUVILLE,2,"ph,tds"
76091,BEUZEVILLE-LA-GUERARD,0.2,YVETOT NORD,2,"ph,tds"
76092,BEUZEVILLETTE,0.2,BOLBEC-NORD,2,"ph,tds"
76093,BEZANCOURT,0.2,BEZANCOURT MESNIL-LIEUBRAY,2,"ph,tds"
76097,BIVILLE-LA-RIVIERE,0.2,LUNERAY,2,"ph,tds"
76105,BOCASSE (LE),0.2,SIERVILLE,2,"ph,tds"
76106,BOIS-D'ENNEBOURG,0.2,LA FARIBOLE,2,"ph,tds"
76107,BOIS-GUILBERT,0.2,SIGY EN BRAY MS P1,2,"ph,tds"
76109,BOIS-HEROULT,0.2,SIGY EN BRAY HS P3,2,"ph,tds"
76113,BOISSAY,0.2,CATENAY ST GERMAIN,2,"ph,tds"
76116,BOOS,0.2,PLATEAU EST FRANQUEVILLE,2,"ph,tds"
76121,BOSC-EDELINE,0.2,SIGY EN BRAY HS P3,2,"ph,tds"
76129,BOUDEVILLE,0.2,ST PIERRE DE BENOUVILLE,2,"ph,tds"
76139,BRADIANCOURT,0.2,MONTEROLIER,2,"ph,tds"
76140,BRAMETOT,0.2,FONTAINE-LE-DUN HS,2,"ph,tds"
76142,BREMONTIER-MERVAL,0.2,BEZANCOURT MESNIL-LIEUBRAY,2,"ph,tds"
76153,CALLEVILLE-LES-DEUX-EGLISES,0.2,VALLEE DE LA SAANE ,2,"ph,tds"
76155,CANEHAN,0.2,EU CRIEL/MER,2,"ph,tds"
76161,CARVILLE-POT-DE-FER,0.2,YVETOT NORD,2,"ph,tds"
76168,CENT-ACRES (LES),0.2,LONGUEVILLE EST,2,"ph,tds"
76170,CHAPELLE-DU-BOURGAY (LA),0.2,LONGUEVILLE EST,2,"ph,tds"
76171,CHAPELLE-SAINT-OUEN (LA),0.2,SIGY EN BRAY HS P3,2,"ph,tds"
76174,CIDEVILLE,0.2,YERVILLE,2,"ph,tds"
76176,CLASVILLE,0.2,OUAINVILLE,2,"ph,tds"
76177,CLAVILLE-MOTTEVILLE,0.1427,,2,"ph,tds"
76180,CLEUVILLE,0.2,YVETOT NORD,2,"ph,tds"
76181,CLEVILLE,0.2,FAUVILLE EN CAUX,2,"ph,tds"
76184,COLMESNIL-MANNEVILLE,0.2,LONGUEVILLE OUEST,2,"ph,tds"
76189,CRASVILLE-LA-MALLET,0.2,OCQUEVILLE,2,"ph,tds"
76190,CRASVILLE-LA-ROCQUEFORT,0.2,LUNERAY,2,"ph,tds"
76193,CRIQUE (LA),0.2,GRIGNEUSEVILLE,2,"ph,tds"
76195,CRIQUETOT-LE-MAUCONDUIT,0.2,VALMONT HS NORD,2,"ph,tds"
76196,CRIQUETOT-L'ESNEVAL,0.1984,CRIQUETOT-L'ESNEVAL,2,"ph,tds"
76198,CRIQUETOT-SUR-OUVILLE,0.2,YERVILLE,2,"ph,tds"
76200,CRITOT,0.2,GRIGNEUSEVILLE,2,"ph,tds"
76203,CROIX-MARE,0.2,FREVILLE,2,"ph,tds"
76204,CROPUS,0.2,LONGUEVILLE EST,2,"ph,tds"
76205,CROSVILLE-SUR-SCIE,0.2,LONGUEVILLE OUEST,2,"ph,tds"
76207,CUVERVILLE-SUR-YERES,0.2,EU VILLY SUR YERES,2,"ph,tds"
76210,DAMPIERRE-SAINT-NICOLAS,0.2,VALLEE DE BETHUNE,2,"ph,tds"
76219,DOUDEVILLE,0.2,ST PIERRE DE BENOUVILLE,2,"ph,tds"
76221,DROSAY,0.2,OCQUEVILLE,2,"ph,tds"
76227,ECTOT-L'AUBER,0.2,YERVILLE,2,"ph,tds"
76228,ECTOT-LES-BAONS,0.2,YVETOT NORD,2,"ph,tds"
76230,ELBEUF-SUR-ANDELLE,0.2,CATENAY ST GERMAIN,2,"ph,tds"
76232,ELETOT,0.1793,COLLEVILLE HS,2,"ph,tds"
76236,ENVRONVILLE,0.2,FAUVILLE EST,2,"ph,tds"
76241,ERMENOUVILLE,0.2,ANGIENS,2,"ph,tds"
76243,ERNEMONT-SUR-BUCHY,0.2,CATENAY ST GERMAIN,2,"ph,tds"
76247,ESTEVILLE,0.2,GRIGNEUSEVILLE,2,"ph,tds"
76251,ETALLEVILLE,0.2,ST PIERRE DE BENOUVILLE,2,"ph,tds"
76264,FLAMANVILLE,0.2,YERVILLE,2,"ph,tds"
76268,FONGUEUSEMARE,0.1984,CRIQUETOT-L'ESNEVAL,2,"ph,tds"
76273,FONTAINE-SOUS-PREAUX,0.2,ROUEN GRAND MARE CHATELET,2,"ph,tds"
76274,FONTELAYE (LA),0.2,ST PIERRE DE BENOUVILLE,2,"ph,tds"
76279,FOUCART,0.2,FAUVILLE EN CAUX,2,"ph,tds"
76282,FRENEUSE,0.2,FRENEUSE,2,"ph,tds"
76283,FRESLES,0.2,TORCY-LE-GRAND,2,"ph,tds"
76288,FREULLEVILLE,0.2,VALLEE DE BETHUNE,2,"ph,tds"
76290,FRICHEMESNIL,0.2,FRICHEMESNIL GRUGNY LA HOUSSAYE BERANGER,2,"ph,tds"
76292,FRY,0.2,BEZANCOURT MESNIL-LIEUBRAY,2,"ph,tds"
76293,FULTOT,0.2,ST PIERRE DE BENOUVILLE,2,"ph,tds"
76294,GAILLARDE (LA),0.2,LUNERAY,2,"ph,tds"
76296,GAINNEVILLE,0.2,VALLEE DE ST LAURENT ,2,"ph,tds"
76299,GERPONVILLE,0.2,VALMONT HS NORD,2,"ph,tds"
76300,GERVILLE,0.1464,,2,"ph,tds"
76306,GONNETOT,0.2,ST LAURENT EN CAUX,2,"ph,tds"
76307,GONNEVILLE-LA-MALLET,0.1984,CRIQUETOT-L'ESNEVAL,2,"ph,tds"
76309,GONZEVILLE,0.2,ST PIERRE DE BENOUVILLE,2,"ph,tds"
76313,GOUY,0.2,PLATEAU EST FRANQUEVILLE,2,"ph,tds"
76314,GRAIMBOUVILLE,0.2,ST ROMAIN DE COLBOSC,2,"ph,tds"
76317,GRAINVILLE-YMAUVILLE,0.2,ST MACLOU LA BRIERE,2,"ph,tds"
76320,GRANDCOURT,0.2,EU FRESNOY FOLNY,2,"ph,tds"
76323,GRAVAL,0.2,BEAUSSAULT HS,2,"ph,tds"
76325,GREMONVILLE,0.2,ST PIERRE DE BENOUVILLE,2,"ph,tds"
76327,GREUVILLE,0.2,LUNERAY,2,"ph,tds"
76328,GRIGNEUSEVILLE,0.2,GRIGNEUSEVILLE,2,"ph,tds"
76332,GRUMESNIL,0.2,FORGES EST,2,"ph,tds"
76333,GUERVILLE,0.2,EU MONTAUBAN,2,"ph,tds"
76335,GUEUTTEVILLE,0.2,YERVILLE,2,"ph,tds"
76338,HALLOTIERE (LA),0.2,SIGY EN BRAY BS P2,2,"ph,tds"
76339,HANOUARD (LE),0.2,SOMMESNIL OURVILLE,2,"ph,tds"
76340,HARCANVILLE,0.2,ST PIERRE DE BENOUVILLE,2,"ph,tds"
76343,HAUCOURT,0.2,FORGES EST,2,"ph,tds"
76345,HAUSSEZ,0.2,FORGES EST,2,"ph,tds"
76346,HAUTOT-L'AUVRAY,0.2,FONTAINE-LE-DUN HS,2,"ph,tds"
76347,HAUTOT-LE-VATOIS,0.2,YVETOT NORD,2,"ph,tds"
76348,HAUTOT-SAINT-SULPICE,0.2,YVETOT NORD,2,"ph,tds"
76350,HAUTOT-SUR-SEINE,0.1996,SAHURS,2,"ph,tds"
76355,HERICOURT-EN-CAUX,0.2,YVETOT NORD,2,"ph,tds"
76357,HERMEVILLE,0.1984,CRIQUETOT-L'ESNEVAL,2,"ph,tds"
76359,HERONCHELLES,0.2,CATENAY ST GERMAIN,2,"ph,tds"
76361,HEUQUEVILLE,0.2,LITTORAL OUEST,2,"ph,tds"
76364,HODENG-HODENGER,0.2,BEZANCOURT MESNIL-LIEUBRAY,2,"ph,tds"
76365,HOUDETOT,0.2,ANGIENS,2,"ph,tds"
76366,HOULME (LE),0.2,MAROMME USINE DE TRAITEMENT,2,"ph,tds"
76369,HOUSSAYE-BERANGER (LA),0.2,FRICHEMESNIL GRUGNY LA HOUSSAYE BERANGER,2,"ph,tds"
76370,HUGLEVILLE-EN-CAUX,0.2,YERVILLE,2,"ph,tds"
76371,IFS (LES),0.2,EU FRESNOY FOLNY,2,"ph,tds"
76372,ILLOIS,0.2,,2,"ph,tds"
76373,IMBLEVILLE,0.2,ST PIERRE DE BENOUVILLE,2,"ph,tds"
76381,LANDES-VIEILLES-ET-NEUVES,0.2,VALLEE EAULNE HS,2,"ph,tds"
76382,LANQUETOT,0.2,BOLBEC-NORD,2,"ph,tds"
76383,LESTANVILLE,0.2,VALLEE DE LA SAANE ,2,"ph,tds"
76385,LIMESY,0.2,,2,"ph,tds"
76387,LINDEBEUF,0.2,ST PIERRE DE BENOUVILLE,2,"ph,tds"
76390,LOGES (LES),0.1711,,2,"ph,tds"
76393,LONGMESNIL,0.2,FORGES EST,2,"ph,tds"
76395,LONGUEIL,0.2,OUVILLE LA RIVIERE,2,"ph,tds"
76396,LONGUERUE,0.2,HAUT-CAILLY,2,"ph,tds"
76399,LUCY,0.2,NEUFCHATEL EN BRAY,2,"ph,tds"
76403,MALLEVILLE-LES-GRES,0.2,OUAINVILLE,2,"ph,tds"
76405,MANEHOUVILLE,0.2,LONGUEVILLE OUEST,2,"ph,tds"
76406,MANIQUERVILLE,0.1719,,2,"ph,tds"
76409,MANNEVILLETTE,0.2,LITTORAL OUEST,2,"ph,tds"
76411,MARQUES,0.2,VALLEE EAULNE HS,2,"ph,tds"
76416,MATHONVILLE,0.2,MONTEROLIER,2,"ph,tds"
76417,MAUCOMBLE,0.2,ESCLAVELLES ,2,"ph,tds"
76419,MAUNY,0.2,,2,"ph,tds"
76420,MAUQUENCHY,0.2,FORGES NORD,2,"ph,tds"
76421,MELAMARE,0.2,ST ANTOINE FORET,2,"ph,tds"
76422,MELLEVILLE,0.1973,EU MONTAUBAN,2,"ph,tds"
76423,MENERVAL,0.2,SIGY EN BRAY BS P2,2,"ph,tds"
76424,MENONVAL,0.2,NEUFCHATEL EN BRAY,2,"ph,tds"
76425,MENTHEVILLE,0.2,ST MACLOU LA BRIERE,2,"ph,tds"
76426,MESANGUEVILLE,0.2,SIGY EN BRAY BS P2,2,"ph,tds"
76430,MESNIL-FOLLEMPRISE,0.2,TORCY-LE-GRAND,2,"ph,tds"
76432,MESNIL-MAUGER,0.2,BEAUSSAULT HS,2,"ph,tds"
76433,MESNIL-PANNEVILLE,0.2,FREVILLE,2,"ph,tds"
76437,MEULERS,0.2,VALLEE DE BETHUNE,2,"ph,tds"
76438,MILLEBOSC,0.2,EU MONTAUBAN,2,"ph,tds"
76439,MIRVILLE,0.2,ST ANTOINE FORET,2,"ph,tds"
76454,MORTEMER,0.2,BEAUSSAULT HS,2,"ph,tds"
76455,MORVILLE-LE-HÉRON,0.2,,2,"ph,tds"
76456,MOTTEVILLE,0.2,YERVILLE,2,"ph,tds"
76461,NEUFBOSC,0.2,MONTEROLIER,2,"ph,tds"
76469,NOLLEVAL,0.2,BEZANCOURT MESNIL-LIEUBRAY,2,"ph,tds"
76470,NORMANVILLE,0.2,YVETOT NORD,2,"ph,tds"
76479,NULLEMONT,0.2,VALLEE EAULNE HS,2,"ph,tds"
76483,OHERVILLE,0.2,SOMMESNIL OURVILLE,2,"ph,tds"
76487,OSMOY-SAINT-VALERY,0.2,VALLEE DE BETHUNE,2,"ph,tds"
76489,OUDALLE,0.2,LE HAVRE PONT VII ZI,2,"ph,tds"
76491,OUVILLE-L'ABBAYE,0.2,ST PIERRE DE BENOUVILLE,2,"ph,tds"
76493,PALUEL,0.2,,2,"ph,tds"
76494,PARC-D'ANXTOT,0.2,ST ANTOINE FORET,2,"ph,tds"
76501,PIERREFIQUES,0.1984,CRIQUETOT-L'ESNEVAL,2,"ph,tds"
76505,POMMEREUX,0.2,FORGES EST,2,"ph,tds"
76508,POTERIE-CAP-D'ANTIFER (LA),0.2,STE MARIE ,2,"ph,tds"
76510,PRETOT-VICQUEMARE,0.2,ST PIERRE DE BENOUVILLE,2,"ph,tds"
76511,PREUSEVILLE,0.2,VALLEE DE L'YERES HS,2,"ph,tds"
76512,PUISENVAL,0.2,EU FRESNOY FOLNY,2,"ph,tds"
76513,QUEVILLON,0.2,,2,"ph,tds"
76514,QUEVREVILLE-LA-POTERIE,0.2,PLATEAU EST FRANQUEVILLE,2,"ph,tds"
76516,QUIEVRECOURT,0.2,ESCLAVELLES ,2,"ph,tds"
76518,RAFFETOT,0.2,BOLBEC-NORD,2,"ph,tds"
76521,REBETS,0.2,SIGY EN BRAY MS P1,2,"ph,tds"
76523,RETONVAL,0.2,ST LEGER AU BOIS,2,"ph,tds"
76524,REUVILLE,0.2,ST PIERRE DE BENOUVILLE,2,"ph,tds"
76527,RICHEMONT,0.2,ST LEGER AU BOIS,2,"ph,tds"
76528,RIEUX,0.2,RIEUX MONCHAUX,2,"ph,tds"
76529,RIVILLE,0.2,YVETOT NORD,2,"ph,tds"
76531,ROCQUEFORT,0.2,YVETOT NORD,2,"ph,tds"
76532,ROCQUEMONT,0.2,ST MARTIN OSMONVILLE,2,"ph,tds"
76538,ROSAY,0.2,BELLENCOMBRE BS,2,"ph,tds"
76542,ROUTES,0.2,YVETOT NORD,2,"ph,tds"
76544,ROUVRAY-CATILLON,0.2,SIGY EN BRAY BS P2,2,"ph,tds"
76546,ROYVILLE,0.2,LUNERAY,2,"ph,tds"
76549,SAANE-SAINT-JUST,0.2,LUNERAY,2,"ph,tds"
76552,SAINTE-ADRESSE,0.1908,STE ADRESSE,2,"ph,tds"
76553,SAINTE-AGATHE-D'ALIERMONT,0.2,PLATEAU D'ALIERMONT HS,2,"ph,tds"
76554,SAINT-AIGNAN-SUR-RY,0.2,CATENAY ST GERMAIN,2,"ph,tds"
76555,SAINT-ANDRE-SUR-CAILLY,0.2,QUINCAMPOIX,2,"ph,tds"
76556,SAINT-ANTOINE-LA-FORET,0.2,ST ANTOINE FORET,2,"ph,tds"
76558,SAINT-AUBIN-CELLOVILLE,0.2,PLATEAU EST FRANQUEVILLE,2,"ph,tds"
76560,SAINT-AUBIN-EPINAY,0.2,,2,"ph,tds"
76564,SAINT-AUBIN-SUR-MER,0.2,FONTAINE-LE-DUN BS,2,"ph,tds"
76566,SAINTE-AUSTREBERTHE,0.2,AUSTREBERTHE,2,"ph,tds"
76567,SAINTE-BEUVE-EN-RIVIERE,0.2,BEAUSSAULT HS,2,"ph,tds"
76568,SAINT-CLAIR-SUR-LES-MONTS,0.2,YVETOT NORD,2,"ph,tds"
76571,SAINTE-CROIX-SUR-BUCHY,0.2,CATENAY ST GERMAIN,2,"ph,tds"
76573,SAINT-DENIS-LE-THIBOULT,0.2,LA FARIBOLE,2,"ph,tds"
76576,SAINT-EUSTACHE-LA-FORET,0.2,ST ANTOINE FORET,2,"ph,tds"
76577,SAINTE-FOY,0.2,LONGUEVILLE EST,2,"ph,tds"
76582,SAINT-GERMAIN-D'ETABLES,0.2,VALLEE DE BETHUNE,2,"ph,tds"
76583,SAINT-GERMAIN-SOUS-CAILLY,0.2,HAUT-CAILLY,2,"ph,tds"
76584,SAINT-GERMAIN-SUR-EAULNE,0.2,,2,"ph,tds"
76585,SAINT-GILLES-DE-CRETOT,0.2,MONT MEILLER ST-ARNOULT,2,"ph,tds"
76586,SAINT-GILLES-DE-LA-NEUVILLE,0.2,ST ANTOINE FORET,2,"ph,tds"
76589,SAINT-HONORE,0.2,LONGUEVILLE EST,2,"ph,tds"
76595,SAINT-JOUIN-BRUNEVAL,0.1984,STE MARIE ,2,"ph,tds"
76597,SAINT-LAURENT-EN-CAUX,0.2,,2,"ph,tds"
76598,SAINT-LEGER-AUX-BOIS,0.2,ST LEGER AU BOIS,2,"ph,tds"
76602,SAINT-MACLOU-DE-FOLLEVILLE,0.2,AUFFAY-TOTES,2,"ph,tds"
76604,SAINT-MARDS,0.2,BELMESNIL,2,"ph,tds"
76606,MORIENNE,0.2,MARQUES,2,"ph,tds"
76609,SAINTE-MARIE-AU-BOSC,0.2,STE MARIE ,2,"ph,tds"
76610,SAINTE-MARIE-DES-CHAMPS,0.2,YVETOT NORD,2,"ph,tds"
76612,SAINT-MARTIN-AU-BOSC,0.2,,2,"ph,tds"
76613,SAINT-MARTIN-AUX-BUNEAUX,0.2,VALMONT HS NORD,2,"ph,tds"
76616,SAINT-MARTIN-DU-MANOIR,0.2,,2,"ph,tds"
76619,SAINT-MARTIN-LE-GAILLARD,0.2,EU VILLY SUR YERES,2,"ph,tds"
76622,SAINT-MAURICE-D'ETELAN,0.2,ST MAURICE D'ETELAN,2,"ph,tds"
76626,SAINT-NICOLAS-DE-LA-HAIE,0.2,LA FRENAYE,2,"ph,tds"
76628,SAINT-OUEN-DU-BREUIL,0.2,YERVILLE,2,"ph,tds"
76629,SAINT-OUEN-LE-MAUGER,0.2,VALLEE DE LA SAANE ,2,"ph,tds"
76630,SAINT-OUEN-SOUS-BAILLY,0.2,EU FRESNOY FOLNY,2,"ph,tds"
76631,SAINT-PAER,0.2,ST PAER,2,"ph,tds"
76634,SAINT-PIERRE-DE-MANNEVILLE,0.2,SAHURS,2,"ph,tds"
76635,SAINT-PIERRE-DES-JONQUIERES,0.2,VALLEE EAULNE HS,2,"ph,tds"
76637,SAINT-PIERRE-EN-PORT,0.2,VALMONT HS NORD,2,"ph,tds"
76641,SAINT-PIERRE-LE-VIEUX,0.2,LUNERAY,2,"ph,tds"
76642,SAINT-PIERRE-LE-VIGER,0.2,FONTAINE-LE-DUN BS,2,"ph,tds"
76646,SAINT-RIQUIER-ES-PLAINS,0.2,PALUEL,2,"ph,tds"
76651,SAINT-SYLVAIN,0.2,PALUEL,2,"ph,tds"
76658,SAINT-VINCENT-CRAMESNIL,0.2,CERLANGUE,2,"ph,tds"
76660,SANDOUVILLE,0.2,LE HAVRE PONT VII ZI,2,"ph,tds"
76662,SASSETOT-LE-MALGARDE,0.2,ST LAURENT EN CAUX,2,"ph,tds"
76664,SASSEVILLE,0.2,OCQUEVILLE,2,"ph,tds"
76666,SAUMONT-LA-POTERIE,0.1996,FORGES EST,2,"ph,tds"
76668,SAUSSAY,0.2,YERVILLE,2,"ph,tds"
76669,SAUSSEUZEMARE-EN-CAUX,0.2,GODERVILLE,2,"ph,tds"
76677,SMERMESNIL,0.2,VALLEE EAULNE HS,2,"ph,tds"
76679,SOMMESNIL,0.2,YVETOT NORD,2,"ph,tds"
76680,SORQUAINVILLE,0.2,VALMONT HS SUD,2,"ph,tds"
76682,SOTTEVILLE-SOUS-LE-VAL,0.2,FRENEUSE,2,"ph,tds"
76685,THEROULDEVILLE,0.2,VALMONT HS NORD,2,"ph,tds"
76686,THEUVILLE-AUX-MAILLOTS,0.2,VALMONT HS NORD,2,"ph,tds"
76688,THIERGEVILLE,0.2,VALMONT HS SUD,2,"ph,tds"
76691,THIL-RIBERPRE (LE),0.2,FORGES NORD,2,"ph,tds"
76694,TOCQUEVILLE-EN-CAUX,0.2,LUNERAY,2,"ph,tds"
76698,TORCY-LE-PETIT,0.2,VALLEE VARENNE,2,"ph,tds"
76699,TORP-MESNIL (LE),0.2,ST PIERRE DE BENOUVILLE,2,"ph,tds"
76702,TOUFFREVILLE-LA-CORBELINE,0.2,YVETOT NORD,2,"ph,tds"
76710,TREMAUVILLE,0.2,FAUVILLE EN CAUX,2,"ph,tds"
76716,TURRETOT,0.1984,CRIQUETOT-L'ESNEVAL,2,"ph,tds"
76717,VAL-DE-LA-HAYE,0.2,,2,"ph,tds"
76718,VALLIQUERVILLE,0.2,YVETOT NORD,2,"ph,tds"
76721,VARNEVILLE-BRETTEVILLE,0.2,AUFFAY-TOTES,2,"ph,tds"
76723,VASSONVILLE,0.2,AUFFAY-TOTES,2,"ph,tds"
76726,VATTETOT-SUR-MER,0.1559,,2,"ph,tds"
76728,VAUPALIERE (LA),0.2,HENOUVILLE,2,"ph,tds"
76730,VEAUVILLE-LES-QUELLES,0.1987,SOMMESNIL OURVILLE,2,"ph,tds"
76732,BUTOT-VENESVILLE,0.2,OUAINVILLE,2,"ph,tds"
76734,VERGETOT,0.1984,CRIQUETOT-L'ESNEVAL,2,"ph,tds"
76738,VIEUX-MANOIR,0.2,HAUT-CAILLY,2,"ph,tds"
76741,VILLAINVILLE,0.1984,CRIQUETOT-L'ESNEVAL,2,"ph,tds"
76743,VILLERS-ECALLES,0.2,AUSTREBERTHE,2,"ph,tds"
76744,VILLERS-SOUS-FOUCARMONT,0.2,SOURCES DE L'YERES,2,"ph,tds"
76745,VILLY-SUR-YERES,0.1997,,2,"ph,tds"
76746,VINNEMERVILLE,0.2,VALMONT HS NORD,2,"ph,tds"
76748,VITTEFLEUR,0.2,OCQUEVILLE,2,"ph,tds"
76749,WANCHY-CAPVAL,0.2,,2,"ph,tds"
76753,YMARE,0.2,PLATEAU EST FRANQUEVILLE,2,"ph,tds"
76755,YPREVILLE-BIVILLE,0.2,FAUVILLE EN CAUX,2,"ph,tds"
76756,YQUEBEUF,0.2,ST MARTIN OSMONVILLE,2,"ph,tds"
76757,YVECRIQUE,0.2,ST PIERRE DE BENOUVILLE,2,"ph,tds"
77002,AMILLIS,0.2,CHAILLY EN BRIE - S2E 77,2,"ph,tds"
77011,AUFFERVILLE,0.2,NEMOURS - SMEAPN,2,"ph,tds"
77023,BARCY,0.2,MONTHYON A - SMAEP TMM,2,"ph,tds"
77024,BASSEVELLE,0.2,SABLONNIERES - S2E 77,2,"ph,tds"
77029,BEAUVOIR,0.2,ARGENTIERES - CDC BRC,2,"ph,tds"
77032,BETON-BAZOCHES,0.2,CHAILLY EN BRIE - S2E 77,2,"ph,tds"
77033,BEZALLES,0.2,SAINTE COLOMBE - S2E77,2,"ph,tds"
77036,BOISDON,0.2,SAINTE COLOMBE - S2E77,2,"ph,tds"
77062,CARNETIN,0.2,LAGNY - SMAEP LAGNY A,2,"ph,tds"
77068,CESSOY-EN-MONTOIS,0.2,PROVINS S2E77,2,"ph,tds"
77073,CHALAUTRE-LA-PETITE,0.2,SAINTE COLOMBE - S2E77,2,"ph,tds"
77080,CHAMPCENEST,0.2,SAINTE COLOMBE - S2E77,2,"ph,tds"
77090,CHAPELLE-SAINT-SULPICE (LA),0.2,SAINTE COLOMBE - S2E77,2,"ph,tds"
77093,CHAPELLE-MOUTILS (LA),0.2,SAINTE COLOMBE - S2E77,2,"ph,tds"
77103,CHATILLON-LA-BORDE,0.2,CHATELET EN BRIE - CDC BRC,2,"ph,tds"
77109,CHENOISE-CUCHARMOY,0.2,SAINTE COLOMBE - S2E77,2,"ph,tds"
77112,CHEVRAINVILLIERS,0.2,NEMOURS - SMEAPN,2,"ph,tds"
77116,CHOISY-EN-BRIE,0.2,CHAILLY EN BRIE - S2E 77,2,"ph,tds"
77120,COCHEREL,0.2,LIZY SUR OURCQ - CDC PDO,2,"ph,tds"
77134,COURCHAMP,0.2,SAINTE COLOMBE - S2E77,2,"ph,tds"
77144,CREVECOEUR-EN-BRIE,0.2,MARLES EN BRIE - SIAEP HOUSSAYE EN BRIE,2,"ph,tds"
77146,CROISSY-BEAUBOURG,0.2,CHAMPS SUR MARNE - SAN VAL MAUBUEE,2,"ph,tds"
77151,DAGNY,0.2,CHAILLY EN BRIE - S2E 77,2,"ph,tds"
77154,DAMMARTIN-SUR-TIGEAUX,0.2,GUERARD - SMAAEP CBE,2,"ph,tds"
77193,FORFRY,0.2,MONTHYON A - SMAEP TMM,2,"ph,tds"
77197,FRETOY,0.2,CHAILLY EN BRIE - S2E 77,2,"ph,tds"
77206,GIREMOUTIERS,0.2,SAINT DENIS LES REBAIS - SE2 77,2,"ph,tds"
77209,GOUVERNES,0.2,LAGNY - SMAEP LAGNY A,2,"ph,tds"
77211,GRANDPUITS-BAILLY-CARROIS,0.2,FONTENAILLES - SIAEP BAILLY CARROIS ET SA RÉGION,2,"ph,tds"
77219,GUERARD,0.2,GUERARD - SMAAEP CBE,2,"ph,tds"
77225,HAUTE-MAISON (LA),0.2,GUERARD - SMAAEP CBE,2,"ph,tds"
77232,ISLES-LES-VILLENOY,0.1371,ESBLY - SMAEP TMM,2,"ph,tds"
77234,JABLINES,0.2,CLAYE-SOUILLY - SIAEP TREMBLAY - CLAYE,2,"ph,tds"
77238,JOUARRE,0.2,FERTE-SOUS-JOUARRE - CDA CPB,2,"ph,tds"
77246,LECHELLE,0.2,PROVINS S2E77,2,"ph,tds"
77250,LEUDON-EN-BRIE,0.2,CHAILLY EN BRIE - S2E 77,2,"ph,tds"
77261,LORREZ-LE-BOCAGE-PREAUX,0.2,,2,"ph,tds"
77262,LOUAN-VILLEGRUIS-FONTAINE,0.2,PROVINS S2E77,2,"ph,tds"
77270,MAISONCELLES-EN-BRIE,0.2,GUERARD - SMAAEP CBE,2,"ph,tds"
77281,MAUPERTHUIS,0.2,CHAILLY EN BRIE - S2E 77,2,"ph,tds"
77287,MEILLERAY,0.2,SAINTE COLOMBE - S2E77,2,"ph,tds"
77298,MONS-EN-MONTOIS,0.2,DONNEMARIE DONTILLY - S2E 77,2,"ph,tds"
77303,MONTDAUPHIN,0.2,BELLOT - S2E 77,2,"ph,tds"
77314,MONTOLIVET,0.2,BELLOT - S2E 77,2,"ph,tds"
77319,MORTERY,0.2,SAINTE COLOMBE - S2E77,2,"ph,tds"
77343,OCQUERRE,0.2,LIZY SUR OURCQ - CDC PDO,2,"ph,tds"
77352,OZOUER-LE-VOULGIS,0.2,EVRY GREGY SUR YERRE - CDC BRC ,2,"ph,tds"
77355,PAROY,0.2,DONNEMARIE DONTILLY - S2E 77,2,"ph,tds"
77361,PIERRE-LEVEE,0.2,GUERARD - SMAAEP CBE,2,"ph,tds"
77364,PLESSIS-AUX-BOIS (LE),0.2,CHARNY - SMAEP TMM,2,"ph,tds"
77366,PLESSIS-L'EVEQUE (LE),0.2,MONTGE EN GOELE - SMAEP GOELE,2,"ph,tds"
77368,POIGNY,0.2,,2,"ph,tds"
77370,POLIGNY,0.2,EGREVILLE - SIAEP PLATEAU SUD BOCAGE,2,"ph,tds"
77395,RUMONT,0.2,FROMONT - SMEAPN,2,"ph,tds"
77396,RUPEREUX,0.2,SAINTE COLOMBE - S2E77,2,"ph,tds"
77398,SABLONNIERES,0.2,SABLONNIERES - S2E 77,2,"ph,tds"
77403,SAINT-BRICE,0.2,PROVINS S2E77,2,"ph,tds"
77406,SAINT-DENIS-LES-REBAIS,0.2,SAINT DENIS LES REBAIS - SE2 77,2,"ph,tds"
77408,SAINT-FIACRE,0.2,FUBLAINES - SMAAEP CBE,2,"ph,tds"
77410,SAINT-GERMAIN-LAXIS,0.2,MELUN - CDA MVS,2,"ph,tds"
77417,SAINT-LEGER,0.2,BELLOT - S2E 77,2,"ph,tds"
77418,SAINT-LOUP-DE-NAUD,0.2,SAINTE COLOMBE - S2E77,2,"ph,tds"
77421,SAINT-MARS-VIEUX-MAISONS,0.2,SAINTE COLOMBE - S2E77,2,"ph,tds"
77423,SAINT-MARTIN-DES-CHAMPS,0.2,SAINTE COLOMBE - S2E77,2,"ph,tds"
77424,SAINT-MARTIN-DU-BOSCHET,0.2,SAINTE COLOMBE - S2E77,2,"ph,tds"
77427,SAINT-MESMES,0.2,SAINT MARD - SMAEP GOELE,2,"ph,tds"
77429,SAINT-OUEN-SUR-MORIN,0.2,SAACY SUR MARNE - S2E 77,2,"ph,tds"
77434,SAINT-SAUVEUR-LES-BRAY,0.2,DONNEMARIE DONTILLY - S2E 77,2,"ph,tds"
77436,SAINT-SIMEON,0.2,CHAILLY EN BRIE - S2E 77,2,"ph,tds"
77444,SANCY-LES-PROVINS,0.2,SAINTE COLOMBE - S2E77,2,"ph,tds"
77448,SEPT-SORTS,0.2,FERTE-SOUS-JOUARRE - CDA CPB,2,"ph,tds"
77454,SOGNOLLES-EN-MONTOIS,0.2,PROVINS S2E77,2,"ph,tds"
77456,SOISY-BOUY,0.2,SAINTE COLOMBE - S2E77,2,"ph,tds"
77459,SOURDUN,0.2,PROVINS S2E77,2,"ph,tds"
77472,TRETOIRE (LA),0.2,SABLONNIERES - S2E 77,2,"ph,tds"
77474,TRILBARDOU,0.1371,ESBLY - SMAEP TMM,2,"ph,tds"
77476,TROCY-EN-MULTIEN,0.2,MAY EN MULTIEN -  CDC PDO,2,"ph,tds"
77478,USSY-SUR-MARNE,0.2,FERTE-SOUS-JOUARRE - CDA CPB,2,"ph,tds"
77481,VANVILLE,0.2,PROVINS S2E77,2,"ph,tds"
77489,VAUX-SUR-LUNAIN,0.2,LORREZ-LE-BOCAGE - SIAEP LORREZ A,2,"ph,tds"
77496,VIEUX-CHAMPAGNE,0.2,PROVINS S2E77,2,"ph,tds"
77498,VIGNELY,0.1371,ESBLY - SMAEP TMM,2,"ph,tds"
77500,VILLEBEON,0.2,LORREZ-LE-BOCAGE - SIAEP LORREZ A,2,"ph,tds"
77504,VILLEMARECHAL,0.2,LORREZ-LE-BOCAGE - SIAEP LORREZ A,2,"ph,tds"
77510,VILLENEUVE-SAINT-DENIS,0.2,VILLENEUVE-LE-COMTE - SMAEP BRIE BOISEE,2,"ph,tds"
77516,VILLE-SAINT-JACQUES,0.2,VILLE-SAINT-JACQUES - SIAEP ORVANNE,2,"ph,tds"
77517,VILLEVAUDE,0.2,LAGNY - SMAEP LAGNY A,2,"ph,tds"
77525,VINANTES,0.2,JUILLY - SMAEP GOELE,2,"ph,tds"
77526,VINCY-MANOEUVRE,0.2,MAY EN MULTIEN -  CDC PDO,2,"ph,tds"
77528,VOISENON,0.2,VAUX LE PENIL - CDA MVS,2,"ph,tds"
77529,VOULANGIS,0.2,GUERARD - SMAAEP CBE,2,"ph,tds"
77532,VULAINES-LES-PROVINS,0.2,SAINTE COLOMBE - S2E77,2,"ph,tds"
78033,AULNAY-SUR-MAULDRE,0.1428,AUBERGENVILLE EPONE ,2,"ph,tds"
78036,AUTOUILLET,0.1428,SAINT MARTIN MONTFORT,2,"ph,tds"
78050,BAZOCHES-SUR-GUYONNE,0.1408,LES ESSARTS- LES 4 PILIERS,2,"ph,tds"
78077,BOISSIERE-ECOLE (LA),0.2,LA NOUE PLATE,2,"ph,tds"
78082,BOISSY-MAUVOISIN,0.2,LOMMOYE,2,"ph,tds"
78084,BOISSY-SANS-AVOIR,0.1428,LES ESSARTS- LES 4 PILIERS,2,"ph,tds"
78096,BOURDONNE,0.2,LA NOUE PLATE,2,"ph,tds"
78125,CELLE-LES-BORDES (LA),0.2,SONCHAMP,2,"ph,tds"
78147,CHAUFOUR-LES-BONNIERES,0.2,LOMMOYE,2,"ph,tds"
78163,CIVRY-LA-FORET,0.172,BOISSETS,2,"ph,tds"
78188,CRAVENT,0.2,LOMMOYE,2,"ph,tds"
78189,CRESPIERES,0.1582,ORGEVAL,2,"ph,tds"
78227,EVECQUEMONT,0.1,VAUX-EVECQUEMONT,2,"ph,tds"
78236,FLEXANVILLE,0.1428,SAINT MARTIN MONTFORT,2,"ph,tds"
78237,FLINS-NEUVE-EGLISE,0.2,LONGNES TILLY FLINS,2,"ph,tds"
78265,GARANCIERES,0.1428,LES ESSARTS- LES 4 PILIERS,2,"ph,tds"
78276,GOMMECOURT,0.1581,FRENEUSE,2,"ph,tds"
78278,GOUPILLIERES,0.1428,SAINT MARTIN MONTFORT,2,"ph,tds"
78289,GROSROUVRE,0.1428,LES ESSARTS- LES 4 PILIERS,2,"ph,tds"
78302,HAUTEVILLE (LA),0.2,LA NOUE PLATE,2,"ph,tds"
78305,HERBEVILLE,0.1428,MAULE,2,"ph,tds"
78325,JUMEAUVILLE,0.1733,HARGEVILLE-ARNOUVILLE,2,"ph,tds"
78337,LIMETZ-VILLEZ,0.1581,FRENEUSE,2,"ph,tds"
78354,MAGNANVILLE,0.1463,MANTES LA VILLE,2,"ph,tds"
78364,MARCQ,0.1428,BEYNES ST SANTIN,2,"ph,tds"
78366,MAREIL-LE-GUYON,0.1428,SAINT MARTIN MONTFORT,2,"ph,tds"
78385,MENERVILLE,0.2,LOMMOYE,2,"ph,tds"
78398,MESNULS (LES),0.1428,LES ESSARTS- LES 4 PILIERS,2,"ph,tds"
78406,MILON-LA-CHAPELLE,0.1428,LES ESSARTS- LES 4 PILIERS,2,"ph,tds"
78415,MONTAINVILLE,0.1609,BEYNES ST SANTIN,2,"ph,tds"
78431,MORAINVILLIERS,0.1582,ORGEVAL,2,"ph,tds"
78437,MOUSSEAUX-SUR-SEINE,0.1581,MOUSSEAUX SUR SEINE,2,"ph,tds"
78443,NEAUPHLE-LE-VIEUX,0.1428,LES ESSARTS- LES 4 PILIERS,2,"ph,tds"
78451,NEZEL,0.1428,AUBERGENVILLE EPONE ,2,"ph,tds"
78475,OSMOY,0.1743,ORGERUS SAINT MARTIN,2,"ph,tds"
78497,POIGNY-LA-FORET,0.2,LA NOUE PLATE,2,"ph,tds"
78505,PRUNAY-LE-TEMPLE,0.1743,ORGERUS SAINT MARTIN,2,"ph,tds"
78513,QUEUE-LES-YVELINES (LA),0.1428,LES ESSARTS- LES 4 PILIERS,2,"ph,tds"
78518,RENNEMOULIN,0.1619,VERSAILLES,2,"ph,tds"
78548,SAINT-FORGET,0.1428,LES ESSARTS- LES 4 PILIERS,2,"ph,tds"
78558,SAINT-ILLIERS-LA-VILLE,0.2,LOMMOYE,2,"ph,tds"
78561,SAINT-LAMBERT,0.1428,LES ESSARTS- LES 4 PILIERS,2,"ph,tds"
78569,SAINTE-MESME,0.2,PONTHEVRARD,2,"ph,tds"
78588,SAULX-MARCHAIS,0.1428,SAINT MARTIN MONTFORT,2,"ph,tds"
78606,TARTRE-GAUDRAN (LE),0.2,LA NOUE PLATE,2,"ph,tds"
78623,TREMBLAY-SUR-MAULDRE (LE),0.1428,LES ESSARTS- LES 4 PILIERS,2,"ph,tds"
78653,VICQ,0.1428,SAINT MARTIN MONTFORT,2,"ph,tds"
78655,VIEILLE-EGLISE-EN-YVELINES,0.1428,LES ESSARTS- LES 4 PILIERS,2,"ph,tds"
78681,VILLIERS-LE-MAHIEU,0.1428,SAINT MARTIN MONTFORT,2,"ph,tds"
79001,ABSIE (L'),0.4071,GATINE CEBRON-MERVENT-CENTRE O,2,"ph,tds"
79008,AMAILLOUX,0.1993,SENEUIL,2,"ph,tds"
79010,ARCAIS,0.2,VALLEE DE LA COURANCE,2,"ph,tds"
79019,AUBIGNY,0.2,SENEUIL,2,"ph,tds"
79030,BEAUSSAIS-VITRE,0.4818,SERTAD DISTRIBUTION,2,"ph,tds"
79038,BOISME,0.5282,SVL CEBRON,2,"ph,tds"
79040,BOISSIERE-EN-GATINE (LA),0.4552,GATINE CEBRON,2,"ph,tds"
79050,BRETIGNOLLES,0.5285,SVL CEBRON,2,"ph,tds"
79055,BRIEUIL-SUR-CHIZE,0.2,BELLE ET BOUTONNE,2,"ph,tds"
79062,CERIZAY,0.5285,SVL CEBRON,2,"ph,tds"
79069,CHANTELOUP,0.5283,SVL CEBRON,2,"ph,tds"
79070,CHAPELLE-BATON (LA),0.4548,GATINE CEBRON,2,"ph,tds"
79071,CHAPELLE-BERTRAND (LA),0.4545,GATINE CEBRON,2,"ph,tds"
79076,CHAPELLE-SAINT-LAURENT (LA),0.5282,SVL CEBRON,2,"ph,tds"
79087,CHEY,0.2,LEZAY,2,"ph,tds"
79088,CHICHE,0.528,SVL CEBRON,2,"ph,tds"
79089,CHILLOU (LE),0.1989,SENEUIL,2,"ph,tds"
79090,CHIZE,0.2,,2,"ph,tds"
79091,CIRIERES,0.5285,SVL CEBRON,2,"ph,tds"
79092,CLAVE,0.4545,GATINE CEBRON,2,"ph,tds"
79094,CLESSE,0.2,SENEUIL,2,"ph,tds"
79104,COURS,0.2,GATINE CENTRE OUEST,2,"ph,tds"
79105,CHATELIERS (LES),0.4552,GATINE CEBRON,2,"ph,tds"
79106,COUTURE-D'ARGENSON,0.2,LOUBILLE,2,"ph,tds"
79108,DOUX,0.4552,GATINE CEBRON,2,"ph,tds"
79111,ENSIGNE,0.2,LOUBILLE,2,"ph,tds"
79117,FAYE-SUR-ARDIN,0.2,CENTRE OUEST DISTRIBUTION,2,"ph,tds"
79118,FENERY,0.4071,GATINE CEBRON-MERVENT-CENTRE O,2,"ph,tds"
79119,FENIOUX,0.2,GATINE CENTRE OUEST,2,"ph,tds"
79120,FERRIERE-EN-PARTHENAY (LA),0.4552,GATINE CEBRON,2,"ph,tds"
79132,GENNETON,0.3826,SVL LOIRE CEBRON,2,"ph,tds"
79134,GLENAY,0.5282,SVL CEBRON,2,"ph,tds"
79137,GRANZAY-GRIPT,0.2,VALLEE DE LA COURANCE,2,"ph,tds"
79142,JUILLE,0.2,BELLE ET BOUTONNE,2,"ph,tds"
79144,JUSCORPS,0.2,LES FOSSES,2,"ph,tds"
79145,LAGEON,0.2,SENEUIL,2,"ph,tds"
79147,LARGEASSE,0.528,SVL CEBRON,2,"ph,tds"
79149,LHOUMOIS,0.1997,SENEUIL,2,"ph,tds"
79152,LORIGNE,0.2,,2,"ph,tds"
79156,LOUIN,0.4472,,2,"ph,tds"
79157,LOUZY,0.3509,PAYS THOUARSAIS,2,"ph,tds"
79159,LUCHE-THOUARSAIS,0.5281,SVL CEBRON,2,"ph,tds"
79161,LUZAY,0.3177,SVL TAIZE,2,"ph,tds"
79172,MAZIERES-EN-GATINE,0.4552,GATINE CEBRON,2,"ph,tds"
79176,MENIGOUTE,0.4071,GATINE CEBRON-MERVENT-CENTRE O,2,"ph,tds"
79189,NANTEUIL,0.2,SAINT MAIXENT REGION,2,"ph,tds"
79190,NEUVY-BOUIN,0.4071,GATINE CEBRON-MERVENT-CENTRE O,2,"ph,tds"
79197,OROUX,0.4525,GATINE CEBRON,2,"ph,tds"
79198,PAIZAY-LE-CHAPT,0.2,LOUBILLE,2,"ph,tds"
79203,PAS-DE-JEU,0.3499,PAYS THOUARSAIS,2,"ph,tds"
79207,PETITE-BOISSIERE (LA),0.5278,SVL CEBRON,2,"ph,tds"
79209,PIERREFITTE,0.5285,SVL CEBRON,2,"ph,tds"
79213,POMPAIRE,0.4552,GATINE CEBRON,2,"ph,tds"
79223,PUIHARDY,0.2,GATINE CENTRE OUEST,2,"ph,tds"
79225,REFFANNES,0.4552,GATINE CEBRON,2,"ph,tds"
79226,RETAIL (LE),0.4538,GATINE CEBRON,2,"ph,tds"
79229,ROCHENARD (LA),0.2,VALLEE DE LA COURANCE,2,"ph,tds"
79230,ROM,0.2,LEZAY,2,"ph,tds"
79231,ROMANS,0.1998,SAINT MAIXENT REGION,2,"ph,tds"
79238,SAINT-AUBIN-DU-PLAIN,0.5285,SVL CEBRON,2,"ph,tds"
79244,SAINT-CYR-LA-LANDE,0.3512,PAYS THOUARSAIS,2,"ph,tds"
79250,SAINTE-GEMME,0.5285,SVL CEBRON,2,"ph,tds"
79252,SAINT-GENEROUX,0.3512,PAYS THOUARSAIS,2,"ph,tds"
79253,SAINT-GEORGES-DE-NOISNE,0.4552,GATINE CEBRON,2,"ph,tds"
79256,SAINT-GERMIER,0.4552,GATINE CEBRON,2,"ph,tds"
79257,SAINT-HILAIRE-LA-PALUD,0.2,VALLEE DE LA COURANCE,2,"ph,tds"
79258,SAINT-JACQUES-DE-THOUARS,0.3512,PAYS THOUARSAIS,2,"ph,tds"
79263,SAINT-LAURS,0.1993,GATINE CENTRE OUEST,2,"ph,tds"
79267,SAINT-LIN,0.4552,GATINE CEBRON,2,"ph,tds"
79269,SAINT-MAIXENT-DE-BEUGNE,0.2,GATINE CENTRE OUEST,2,"ph,tds"
79270,SAINT-MAIXENT-L'ECOLE,0.2,SAINT MAIXENT REGION,2,"ph,tds"
79274,SAINT-MARTIN-DE-MACON,0.3512,PAYS THOUARSAIS,2,"ph,tds"
79277,SAINT-MARTIN-DE-SANZAY,0.3816,SVL LOIRE CEBRON,2,"ph,tds"
79278,SAINT-MARTIN-DU-FOUILLOUX,0.4552,GATINE CEBRON,2,"ph,tds"
79281,SAINT-MAXIRE,0.1997,CENTRE OUEST DISTRIBUTION,2,"ph,tds"
79284,SAINTE-OUENNE,0.2,CENTRE OUEST DISTRIBUTION,2,"ph,tds"
79286,SAINT-PAUL-EN-GATINE,0.4071,GATINE CEBRON-MERVENT-CENTRE O,2,"ph,tds"
79290,SAINT-POMPAIN,0.1996,CENTRE OUEST DISTRIBUTION,2,"ph,tds"
79293,SAINT-REMY,0.2,CENTRE OUEST DISTRIBUTION,2,"ph,tds"
79294,SAINT-ROMANS-DES-CHAMPS,0.2,LES FOSSES,2,"ph,tds"
79297,SAINTE-SOLINE,0.2,LEZAY,2,"ph,tds"
79298,SAINT-SYMPHORIEN,0.2,VALLEE DE LA COURANCE,2,"ph,tds"
79300,SAINTE-VERGE,0.3512,PAYS THOUARSAIS,2,"ph,tds"
79302,SAIVRES,0.2,SAINT MAIXENT REGION,2,"ph,tds"
79308,SCIECQ,0.2,CENTRE OUEST DISTRIBUTION,2,"ph,tds"
79309,SCILLE,0.4058,GATINE CEBRON-MERVENT-CENTRE O,2,"ph,tds"
79310,SECONDIGNE-SUR-BELLE,0.2,BELLE ET BOUTONNE,2,"ph,tds"
79312,SELIGNE,0.2,BELLE ET BOUTONNE,2,"ph,tds"
79319,SOUVIGNE,0.2,SAINT MAIXENT REGION,2,"ph,tds"
79320,SURIN,0.2,CENTRE OUEST DISTRIBUTION,2,"ph,tds"
79332,TRAYES,0.5285,SVL CEBRON,2,"ph,tds"
79335,VALLANS,0.2,VALLEE DE LA COURANCE,2,"ph,tds"
79336,VANCAIS,0.2,LEZAY,2,"ph,tds"
79337,VANNEAU-IRLEAU (LE),0.2,VALLEE DE LA COURANCE,2,"ph,tds"
79339,VASLES,0.4552,GATINE CEBRON,2,"ph,tds"
79340,VAUSSEROUX,0.4552,GATINE CEBRON,2,"ph,tds"
79341,VAUTEBIS,0.4552,GATINE CEBRON,2,"ph,tds"
79342,VERNOUX-EN-GATINE,0.4071,GATINE CEBRON-MERVENT-CENTRE O,2,"ph,tds"
79345,VERRUYES,0.4552,GATINE CEBRON,2,"ph,tds"
79347,VIENNAY,0.2,SENEUIL,2,"ph,tds"
79348,VILLEFOLLET,0.2,BELLE ET BOUTONNE,2,"ph,tds"
79352,VILLIERS-SUR-CHIZE,0.2,BELLE ET BOUTONNE,2,"ph,tds"
80014,AIZECOURT-LE-BAS,0.2,HAUTE COLOGNE UDI,2,"ph,tds"
80015,AIZECOURT-LE-HAUT,0.2,HAUTE COLOGNE UDI,2,"ph,tds"
80027,ARMANCOURT,0.2,GUERBIGNY UDI,2,"ph,tds"
80030,ARRY,0.2,MACHY UDI,2,"ph,tds"
80031,ARVILLERS,0.2,CAIX-LE QUESNEL UDI,2,"ph,tds"
80032,ASSAINVILLERS,0.2,GUERBIGNY UDI,2,"ph,tds"
80033,ASSEVILLERS,0.2,MORCHAIN UDI,2,"ph,tds"
80037,AUBVILLERS,0.2,SAUVILLERS MONGIVAL UDI,2,"ph,tds"
80038,AUCHONVILLERS,0.2,IRLES PNA UDI,2,"ph,tds"
80045,AUTHUILLE,0.2,IRLES PNA UDI,2,"ph,tds"
80054,BARLEUX,0.2,MORCHAIN UDI,2,"ph,tds"
80056,BAVELINCOURT,0.2,HAUTE VALLEE DE L'HALLUE UDI,2,"ph,tds"
80059,BAZENTIN,0.2,IRLES PNA UDI,2,"ph,tds"
80070,BEAUQUESNE,0.2,DOULLENS UDI,2,"ph,tds"
80073,BECORDEL-BECOURT,0.2,IRLES PNA UDI,2,"ph,tds"
80074,BECQUIGNY,0.2,GUERBIGNY UDI,2,"ph,tds"
80077,BEHENCOURT,0.2,HAUTE VALLEE DE L'HALLUE UDI,2,"ph,tds"
80080,BELLOY-EN-SANTERRE,0.2,MORCHAIN UDI,2,"ph,tds"
80090,BERNY-EN-SANTERRE,0.2,MORCHAIN UDI,2,"ph,tds"
80097,BETHENCOURT-SUR-SOMME,0.2,MORCHAIN UDI,2,"ph,tds"
80101,BEUVRAIGNES,0.2,GUERBIGNY UDI,2,"ph,tds"
80103,BIARRE,0.2,CRESSY OMENCOURT UDI,2,"ph,tds"
80105,BILLANCOURT,0.2,POTTE UDI,2,"ph,tds"
80116,BOUCHOIR,0.2,CAIX-LE QUESNEL UDI,2,"ph,tds"
80119,BOUGAINVILLE,0.2,MOLLIENS DREUIL UDI,2,"ph,tds"
80122,BOUQUEMAISON,0.2,DOULLENS UDI,2,"ph,tds"
80125,BOUSSICOURT,0.2,GUERBIGNY UDI,2,"ph,tds"
80128,BOUVINCOURT-EN-VERMANDOIS,0.2,VRAIGNES EN VERMANDOIS UDI,2,"ph,tds"
80138,BRESLE,0.2,HENENCOURT UDI,2,"ph,tds"
80141,BRIE,0.2,MORCHAIN UDI,2,"ph,tds"
80145,BRUCAMPS,0.1,DOMART EN PONTHIEU UDI,2,"ph,tds"
80150,BUIRE-COURCELLES,0.2,VERMANDOIS UDI,2,"ph,tds"
80152,BUS-LA-MESIERE,0.2,GUERBIGNY UDI,2,"ph,tds"
80157,BUSSY-LES-POIX,0.2,COURCELLES SOUS M. UDI,2,"ph,tds"
80158,BUVERCHY,0.2,ESMERY-HOMBLEUX UDI,2,"ph,tds"
80165,CAMPS-EN-AMIENOIS,0.2,LE LIGER UDI,2,"ph,tds"
80170,CANTIGNY,0.2,PLATEAU SUD AILLY SUR NOYE UDI,2,"ph,tds"
80177,CARTIGNY,0.2,VERMANDOIS UDI,2,"ph,tds"
80183,CERISY-BULEUX,0.2,LE TRANSLAY UDI,2,"ph,tds"
80188,CHAUSSOY-EPAGNY,0.2,PLATEAU DE LA NOYE UDI,2,"ph,tds"
80189,CHAVATTE (LA),0.2,GUERBIGNY UDI,2,"ph,tds"
80191,CHILLY,0.2,MORCHAIN UDI,2,"ph,tds"
80192,CHIPILLY,0.2,CERISY UDI,2,"ph,tds"
80193,CHIRMONT,0.2,PLATEAU SUD AILLY SUR NOYE UDI,2,"ph,tds"
80194,CHUIGNES,0.2,MORCHAIN UDI,2,"ph,tds"
80196,CITERNE,0.2,FRUCOURT UDI,2,"ph,tds"
80201,COIGNEUX,0.2,IRLES PNA UDI,2,"ph,tds"
80203,COLINCAMPS,0.2,IRLES PNA UDI,2,"ph,tds"
80205,CONDE-FOLIE,0.2,LONGPRE UDI,2,"ph,tds"
80207,CONTAY,0.2,HAUTE VALLEE DE L'HALLUE UDI,2,"ph,tds"
80208,CONTEVILLE,0.2,GUESCHART BOUFFLERS UDI,2,"ph,tds"
80214,COULLEMELLE,0.2,PLATEAU SUD AILLY SUR NOYE UDI,2,"ph,tds"
80216,COURCELETTE,0.2,IRLES PNA UDI,2,"ph,tds"
80220,COURTEMANCHE,0.2,PLATEAU SUD AILLY SUR NOYE UDI,2,"ph,tds"
80224,CRESSY-OMENCOURT,0.2,CRESSY OMENCOURT UDI,2,"ph,tds"
80228,CROTOY (LE),0.2,BERNAY EN PONTHIEU UDI,2,"ph,tds"
80231,CURLU,0.2,,2,"ph,tds"
80232,DAMERY,0.2,GUERBIGNY UDI,2,"ph,tds"
80233,DANCOURT-POPINCOURT,0.2,GUERBIGNY UDI,2,"ph,tds"
80234,DAOURS,0.2,CORBIE-VILLERMONT UDI,2,"ph,tds"
80236,DAVENESCOURT,0.2,GUERBIGNY UDI,2,"ph,tds"
80239,DEVISE,0.2,ATHIES UDI,2,"ph,tds"
80242,DOMART-SUR-LA-LUCE,0.2,BERTEAUCOURT LES THENNES UDI,2,"ph,tds"
80244,DOMINOIS,0.2,MACHY UDI,2,"ph,tds"
80247,DOMPIERRE-BECQUINCOURT,0.2,MORCHAIN UDI,2,"ph,tds"
80248,DOMPIERRE-SUR-AUTHIE,0.2,GUESCHART BOUFFLERS UDI,2,"ph,tds"
80249,DOMQUEUR,0.2,COULONVILLERS UDI,2,"ph,tds"
80258,DRIENCOURT,0.2,HAUTE COLOGNE UDI,2,"ph,tds"
80259,DROMESNIL,0.2,LE LIGER UDI,2,"ph,tds"
80262,EAUCOURT-SUR-SOMME,0.2,PONT REMY UDI,2,"ph,tds"
80263,ECHELLE-SAINT-AURIN (L'),0.2,GUERBIGNY UDI,2,"ph,tds"
80266,ENGLEBELMER,0.2,IRLES PNA UDI,2,"ph,tds"
80267,ENNEMAIN,0.2,ATHIES UDI,2,"ph,tds"
80268,EPAGNE-EPAGNETTE,0.2,PONT REMY UDI,2,"ph,tds"
80269,EPAUMESNIL,0.2,LE LIGER UDI,2,"ph,tds"
80270,EPECAMPS,0.2,BERNAVILLE UDI *,2,"ph,tds"
80271,EPEHY,0.2,HAUTE COLOGNE UDI,2,"ph,tds"
80272,EPENANCOURT,0.2,MORCHAIN UDI,2,"ph,tds"
80273,EPLESSIER,0.2,POIX DE PICARDIE UDI,2,"ph,tds"
80278,ERCHES,0.2,GUERBIGNY UDI,2,"ph,tds"
80282,ERONDELLE,0.2,PONT REMY UDI,2,"ph,tds"
80283,ESCLAINVILLERS,0.2,PLATEAU SUD AILLY SUR NOYE UDI,2,"ph,tds"
80287,ESTREBOEUF,0.2,,2,"ph,tds"
80288,ESTREES-DENIECOURT,0.2,MORCHAIN UDI,2,"ph,tds"
80290,ESTREES-LES-CRECY,0.2,GUESCHART BOUFFLERS UDI,2,"ph,tds"
80292,ETALON,0.2,CURCHY UDI,2,"ph,tds"
80293,ETELFAY,0.2,GUERBIGNY UDI,2,"ph,tds"
80294,ETERPIGNY,0.2,MORCHAIN UDI,2,"ph,tds"
80297,ETREJUST,0.2,LE LIGER UDI,2,"ph,tds"
80302,FAVEROLLES,0.2,GUERBIGNY UDI,2,"ph,tds"
80306,FESCAMPS,0.2,GUERBIGNY UDI,2,"ph,tds"
80312,FINS,0.2,HAUTE COLOGNE UDI,2,"ph,tds"
80313,FLAUCOURT,0.2,MORCHAIN UDI,2,"ph,tds"
80320,FOLIES,0.2,CAIX-LE QUESNEL UDI,2,"ph,tds"
80324,FONTAINE-LE-SEC,0.2,LE LIGER UDI,2,"ph,tds"
80325,FONTAINE-LES-CAPPY,0.2,MORCHAIN UDI,2,"ph,tds"
80326,FONTAINE-SOUS-MONTDIDIER,0.2,PLATEAU SUD AILLY SUR NOYE UDI,2,"ph,tds"
80327,FONTAINE-SUR-MAYE,0.2,GUESCHART BOUFFLERS UDI,2,"ph,tds"
80330,FORCEVILLE-EN-VIMEU,0.2,LE LIGER UDI,2,"ph,tds"
80331,FOREST-L'ABBAYE,0.2,NOUVION EN PONTHIEU UDI,2,"ph,tds"
80334,FOSSEMANANT,0.2,LOEUILLY UDI,2,"ph,tds"
80335,FOUCAUCOURT-EN-SANTERRE,0.2,MORCHAIN UDI,2,"ph,tds"
80336,FOUCAUCOURT-HORS-NESLE,0.2,LE LIGER UDI,2,"ph,tds"
80339,FOUQUESCOURT,0.2,MORCHAIN UDI,2,"ph,tds"
80340,FOURCIGNY,0.2,MORVILLERS UDI,2,"ph,tds"
80343,FRAMICOURT,0.2,LE TRANSLAY UDI,2,"ph,tds"
80344,FRANCIERES,0.2,COULONVILLERS UDI,2,"ph,tds"
80347,FRANSART,0.2,GUERBIGNY UDI,2,"ph,tds"
80351,FRECHENCOURT,0.2,HAUTE VALLEE DE L'HALLUE UDI,2,"ph,tds"
80353,FRESNES-MAZANCOURT,0.2,MORCHAIN UDI,2,"ph,tds"
80354,FRESNES-TILLOLOY,0.2,FRUCOURT UDI,2,"ph,tds"
80355,FRESNEVILLE,0.2,LE LIGER UDI,2,"ph,tds"
80356,FRESNOY-ANDAINVILLE,0.2,LE LIGER UDI,2,"ph,tds"
80358,FRESNOY-EN-CHAUSSEE,0.2,CAIX-LE QUESNEL UDI,2,"ph,tds"
80360,FRESSENNEVILLE,0.2,BOIS DE LA MOTTE UDI,2,"ph,tds"
80361,FRETTECUISSE,0.2,LE LIGER UDI,2,"ph,tds"
80364,FRIAUCOURT,0.2,EAUX DE PICARDIE UDI,2,"ph,tds"
80368,FRIVILLE-ESCARBOTIN,0.2,EAUX DE PICARDIE UDI,2,"ph,tds"
80371,FROYELLES,0.2,GUESCHART BOUFFLERS UDI,2,"ph,tds"
80374,GAPENNES,0.2,GUESCHART YVRENCHEUX UDI,2,"ph,tds"
80375,GAUVILLE,0.2,,2,"ph,tds"
80383,GOYENCOURT,0.2,GUERBIGNY UDI,2,"ph,tds"
80384,GRANDCOURT,0.2,IRLES PNA UDI,2,"ph,tds"
80385,GRAND-LAVIERS,0.2,NOUVION EN PONTHIEU UDI,2,"ph,tds"
80390,GRIVESNES,0.2,PLATEAU SUD AILLY SUR NOYE UDI,2,"ph,tds"
80391,GRIVILLERS,0.2,GUERBIGNY UDI,2,"ph,tds"
80399,GUIGNEMICOURT,0.2,REVELLES UDI,2,"ph,tds"
80400,GUILLAUCOURT,0.2,,2,"ph,tds"
80402,GUIZANCOURT,0.2,HESCAMPS ST CLAIR UDI,2,"ph,tds"
80405,HAILLES,0.2,BERTEAUCOURT LES THENNES UDI,2,"ph,tds"
80411,HAMEL (LE),0.2,CAIX-GUILLAUCOURT UDI,2,"ph,tds"
80412,HAMELET,0.2,CORBIE-BRAY UDI,2,"ph,tds"
80413,HANCOURT,0.2,VRAIGNES EN VERMANDOIS UDI,2,"ph,tds"
80414,HANGARD,0.2,BERTEAUCOURT LES THENNES UDI,2,"ph,tds"
80415,HANGEST-EN-SANTERRE,0.2,CAIX-LE QUESNEL UDI,2,"ph,tds"
80417,HARBONNIERES,0.2,CAIX-GUILLAUCOURT UDI,2,"ph,tds"
80421,HATTENCOURT,0.2,GUERBIGNY UDI,2,"ph,tds"
80422,HAUTVILLERS-OUVILLE,0.2,NOUVION EN PONTHIEU UDI,2,"ph,tds"
80423,HAVERNAS,0.2,NAOURS UDI,2,"ph,tds"
80427,HEM-HARDINVAL,0.2,DOULLENS UDI,2,"ph,tds"
80429,HENENCOURT,0.2,,2,"ph,tds"
80430,HERBECOURT,0.2,MORCHAIN UDI,2,"ph,tds"
80432,HERLEVILLE,0.2,PROYART UDI,2,"ph,tds"
80433,HERLY,0.2,CURCHY UDI,2,"ph,tds"
80434,HERVILLY,0.2,VERMANDOIS UDI,2,"ph,tds"
80435,HESBECOURT,0.2,VERMANDOIS UDI,2,"ph,tds"
80438,HEUDICOURT,0.2,HAUTE COLOGNE UDI,2,"ph,tds"
80439,HEUZECOURT,0.2,FIENVILLERS UDI,2,"ph,tds"
80440,HIERMONT,0.2,GUESCHART BOUFFLERS UDI,2,"ph,tds"
80444,HUCHENNEVILLE,0.2,HUPPY UDI,2,"ph,tds"
80449,IGNAUCOURT,0.2,CAIX-GUILLAUCOURT UDI,2,"ph,tds"
80450,INVAL-BOIRON,0.2,LE LIGER UDI,2,"ph,tds"
80451,IRLES,0.2,,2,"ph,tds"
80452,JUMEL,0.2,,2,"ph,tds"
80453,LABOISSIERE-EN-SANTERRE,0.2,GUERBIGNY UDI,2,"ph,tds"
80455,LACHAPELLE,0.2,HESCAMPS ST CLAIR UDI,2,"ph,tds"
80459,LALEU,0.2,LE LIGER UDI,2,"ph,tds"
80460,LAMARONDE,0.2,VALLEE BERENGER UDI,2,"ph,tds"
80462,LAMOTTE-BULEUX,0.2,NOUVION EN PONTHIEU UDI,2,"ph,tds"
80463,LAMOTTE-WARFUSEE,0.2,CAIX-GUILLAUCOURT UDI,2,"ph,tds"
80464,LANCHERES,0.2,EAUX DE PICARDIE UDI,2,"ph,tds"
80465,LANGUEVOISIN-QUIQUERY,0.2,POTTE UDI,2,"ph,tds"
80466,LANCHES-SAINT-HILAIRE,0.2,BERNEUIL UDI,2,"ph,tds"
80467,LAUCOURT,0.2,GUERBIGNY UDI,2,"ph,tds"
80473,LIANCOURT-FOSSE,0.2,GUERBIGNY UDI,2,"ph,tds"
80475,LIERAMONT,0.2,HAUTE COLOGNE UDI,2,"ph,tds"
80476,LIERCOURT,0.2,PONT REMY UDI,2,"ph,tds"
80477,LIGESCOURT,0.2,MACHY UDI,2,"ph,tds"
80478,LIGNIERES,0.2,GUERBIGNY UDI,2,"ph,tds"
80479,LIGNIERES-CHATELAIN,0.2,HESCAMPS ST CLAIR UDI,2,"ph,tds"
80480,LIGNIERES-EN-VIMEU,0.2,LE LIGER UDI,2,"ph,tds"
80481,LIHONS,0.2,MORCHAIN UDI,2,"ph,tds"
80482,LIMEUX,0.2,FRUCOURT UDI,2,"ph,tds"
80484,LIOMER,0.2,LE LIGER UDI,2,"ph,tds"
80487,LONGAVESNES,0.2,HAUTE COLOGNE UDI,2,"ph,tds"
80496,MACHIEL,0.2,MACHY UDI,2,"ph,tds"
80497,MACHY,0.2,MACHY UDI,2,"ph,tds"
80501,MAISON-PONTHIEU,0.2,GUESCHART BOUFFLERS UDI,2,"ph,tds"
80502,MAISON-ROLAND,0.2,COULONVILLERS UDI,2,"ph,tds"
80507,MARCELCAVE,0.2,CAIX-GUILLAUCOURT UDI,2,"ph,tds"
80509,MARCHELEPOT -MISERY,0.2,MORCHAIN UDI,2,"ph,tds"
80511,MARESTMONTIERS,0.2,PLATEAU SUD AILLY SUR NOYE UDI,2,"ph,tds"
80512,MAREUIL-CAUBERT,0.2,HUPPY UDI,2,"ph,tds"
80516,MARQUAIX,0.2,VERMANDOIS UDI,2,"ph,tds"
80517,MARQUIVILLERS,0.2,GUERBIGNY UDI,2,"ph,tds"
80518,MARTAINNEVILLE,0.2,HUPPY UDI,2,"ph,tds"
80519,MATIGNY,0.2,CROIX MOLIGNEAUX UDI,2,"ph,tds"
80522,MAZIS (LE),0.2,,2,"ph,tds"
80524,MEHARICOURT,0.2,MORCHAIN UDI,2,"ph,tds"
80525,MEIGNEUX,0.2,HESCAMPS ST CLAIR UDI,2,"ph,tds"
80527,MENESLIES,0.2,EAUX DE PICARDIE UDI,2,"ph,tds"
80528,MEREAUCOURT,0.2,HESCAMPS ST CLAIR UDI,2,"ph,tds"
80529,MERELESSART,0.2,FRUCOURT UDI,2,"ph,tds"
80530,MERICOURT-L'ABBE,0.2,VALLEE DE L'ANCRE UDI,2,"ph,tds"
80531,MERICOURT-EN-VIMEU,0.2,LE LIGER UDI,2,"ph,tds"
80536,MESNIL-BRUNTEL,0.2,MORCHAIN UDI,2,"ph,tds"
80537,MESNIL-DOMQUEUR,0.2,CRAMONT UDI,2,"ph,tds"
80540,MESNIL-MARTINSART,0.2,IRLES PNA UDI,2,"ph,tds"
80541,MESNIL-SAINT-GEORGES,0.2,PLATEAU SUD AILLY SUR NOYE UDI,2,"ph,tds"
80542,MESNIL-SAINT-NICAISE,0.2,POTTE UDI,2,"ph,tds"
80543,METIGNY,0.2,LE LIGER UDI,2,"ph,tds"
80544,MEZEROLLES,0.2,MOYENNE VALLEE DE L'AUTHIE UDI,2,"ph,tds"
80548,MILLENCOURT-EN-PONTHIEU,0.2,GUESCHART YVRENCHEUX UDI,2,"ph,tds"
80549,MIRAUMONT,0.2,IRLES PNA UDI,2,"ph,tds"
80556,MONS-BOUBERT,0.2,BOIS DE LA MOTTE UDI,2,"ph,tds"
80560,MONTAUBAN-DE-PICARDIE,0.2,MARICOURT UDI,2,"ph,tds"
80562,MONTIGNY-SUR-L'HALLUE,0.2,HAUTE VALLEE DE L'HALLUE UDI,2,"ph,tds"
80565,MONTONVILLERS,0.2,NAOURS UDI,2,"ph,tds"
80568,MORCHAIN,0.2,MORCHAIN UDI,2,"ph,tds"
80573,MORVILLERS-SAINT-SATURNIN,0.2,MORVILLERS UDI,2,"ph,tds"
80575,MOUFLIERES,0.2,LE LIGER UDI,2,"ph,tds"
80580,NAMPONT,0.2,MACHY UDI,2,"ph,tds"
80586,NESLE-L'HOPITAL,0.2,LE LIGER UDI,2,"ph,tds"
80587,NESLETTE,0.2,LE LIGER UDI,2,"ph,tds"
80588,NEUFMOULIN,0.2,COULONVILLERS UDI,2,"ph,tds"
80589,NEUILLY-LE-DIEN,0.2,GUESCHART BOUFFLERS UDI,2,"ph,tds"
80590,NEUILLY-L'HOPITAL,0.2,NOUVION EN PONTHIEU UDI,2,"ph,tds"
80591,NEUVILLE-AU-BOIS,0.2,LE LIGER UDI,2,"ph,tds"
80595,NEUVILLE-SIRE-BERNARD (LA),0.2,PIERREPONT SUR AVRE UDI,2,"ph,tds"
80596,NEUVILLETTE,0.2,DOULLENS UDI,2,"ph,tds"
80597,NIBAS,0.2,BOIS DE LA MOTTE UDI,2,"ph,tds"
80598,NOUVION,0.2,NOUVION EN PONTHIEU UDI,2,"ph,tds"
80599,NOYELLES-EN-CHAUSSEE,0.2,GUESCHART BOUFFLERS UDI,2,"ph,tds"
80601,NURLU,0.2,HAUTE COLOGNE UDI,2,"ph,tds"
80602,OCCOCHES,0.2,,2,"ph,tds"
80603,OCHANCOURT,0.2,BOIS DE LA MOTTE UDI,2,"ph,tds"
80604,OFFIGNIES,0.2,VALLEE BERENGER UDI,2,"ph,tds"
80606,OISEMONT,0.2,LE LIGER UDI,2,"ph,tds"
80607,OISSY,0.2,MOLLIENS DREUIL UDI,2,"ph,tds"
80609,ONEUX,0.2,,2,"ph,tds"
80613,OUST-MAREST,0.2,EAUX DE PICARDIE UDI,2,"ph,tds"
80615,OVILLERS-LA-BOISSELLE,0.2,IRLES PNA UDI,2,"ph,tds"
80616,PARGNY,0.2,MORCHAIN UDI,2,"ph,tds"
80618,PENDE,0.2,EAUX DE PICARDIE UDI,2,"ph,tds"
80621,HYPERCOURT,0.2,MORCHAIN UDI,2,"ph,tds"
80623,PIENNES-ONVILLERS,0.2,GUERBIGNY UDI,2,"ph,tds"
80626,PISSY,0.2,REVELLES UDI,2,"ph,tds"
80628,PLESSIER-ROZAINVILLERS (LE),0.2,CAIX-LE QUESNEL UDI,2,"ph,tds"
80629,POEUILLY,0.2,VERMANDOIS UDI,2,"ph,tds"
80631,PONCHES-ESTRUVAL,0.2,GUESCHART BOUFFLERS UDI,2,"ph,tds"
80633,PONTHOILE,0.2,BERNAY EN PONTHIEU UDI,2,"ph,tds"
80637,PORT-LE-GRAND,0.2,NOUVION EN PONTHIEU UDI,2,"ph,tds"
80640,POZIERES,0.2,IRLES PNA UDI,2,"ph,tds"
80646,PUNCHY,0.2,MORCHAIN UDI,2,"ph,tds"
80648,PYS,0.2,IRLES PNA UDI,2,"ph,tds"
80651,QUESNE (LE),0.2,LE LIGER UDI,2,"ph,tds"
80654,QUESNOY-LE-MONTANT,0.2,BOIS DE LA MOTTE UDI,2,"ph,tds"
80657,QUIRY-LE-SEC,0.2,PLATEAU SUD AILLY SUR NOYE UDI,2,"ph,tds"
80663,RAMBURES,0.2,LE LIGER UDI,2,"ph,tds"
80665,REGNIERE-ECLUSE,0.2,MACHY UDI,2,"ph,tds"
80666,REMAISNIL,0.2,BARLY UDI,2,"ph,tds"
80667,REMAUGIES,0.2,GUERBIGNY UDI,2,"ph,tds"
80669,RETHONVILLERS,0.2,POTTE UDI,2,"ph,tds"
80671,RIBEAUCOURT,0.2,BERNEUIL UDI,2,"ph,tds"
80675,ROGY,0.2,ORESMAUX UDI,2,"ph,tds"
80676,ROIGLISE,0.2,CRESSY OMENCOURT UDI,2,"ph,tds"
80678,ROLLOT,0.2,GUERBIGNY UDI,2,"ph,tds"
80679,RONSSOY,0.2,HAUTE COLOGNE UDI,2,"ph,tds"
80682,ROUVROY-EN-SANTERRE,0.2,CAIX-LE QUESNEL UDI,2,"ph,tds"
80684,ROUY-LE-PETIT,0.2,POTTE UDI,2,"ph,tds"
80691,SAIGNEVILLE,0.2,BOIS DE LA MOTTE UDI,2,"ph,tds"
80696,SAINS-EN-AMIENOIS,0.2,AMIENS UDI,2,"ph,tds"
80698,SAINT-AUBIN-MONTENOY,0.2,LE LIGER UDI,2,"ph,tds"
80699,SAINT-AUBIN-RIVIERE,0.2,LE LIGER UDI,2,"ph,tds"
80700,SAINT-BLIMONT,0.2,EAUX DE PICARDIE UDI,2,"ph,tds"
80703,SAINT-GERMAIN-SUR-BRESLE,0.2,BEAUCAMPS LE VIEUX UDI,2,"ph,tds"
80709,SAINT-MAULVIS,0.2,LE LIGER UDI,2,"ph,tds"
80710,SAINT-MAXENT,0.2,HUPPY UDI,2,"ph,tds"
80713,SAINT-QUENTIN-EN-TOURMONT,0.2,BERNAY EN PONTHIEU UDI,2,"ph,tds"
80714,SAINT-QUENTIN-LA-MOTTE-CROIX-AU-BAILLY,0.2,EAUX DE PICARDIE UDI,2,"ph,tds"
80716,SAINT-RIQUIER,0.2,COULONVILLERS UDI,2,"ph,tds"
80723,SAISSEVAL,0.2,FOURDRINOY UDI,2,"ph,tds"
80738,SOUES,0.2,HANGEST SUR SOMME UDI,2,"ph,tds"
80741,SOYECOURT,0.2,MORCHAIN UDI,2,"ph,tds"
80742,SURCAMPS,0.1,DOMART EN PONTHIEU UDI,2,"ph,tds"
80744,TAILLY,0.2,LE LIGER UDI,2,"ph,tds"
80747,TEMPLEUX-LA-FOSSE,0.2,HAUTE COLOGNE UDI,2,"ph,tds"
80748,TEMPLEUX-LE-GUERARD,0.2,HAUTE COLOGNE UDI,2,"ph,tds"
80749,TERRAMESNIL,0.2,DOULLENS UDI,2,"ph,tds"
80750,TERTRY,0.2,MONCHY TERTRY UDI,2,"ph,tds"
80753,THIEPVAL,0.1981,IRLES PNA UDI,2,"ph,tds"
80754,THIEULLOY-L'ABBAYE,0.2,HORNOY UDI,2,"ph,tds"
80758,THORY,0.2,PLATEAU SUD AILLY SUR NOYE UDI,2,"ph,tds"
80759,TILLOLOY,0.2,GUERBIGNY UDI,2,"ph,tds"
80764,TOEUFLES,0.2,AIGNEVILLE UDI,2,"ph,tds"
80767,TRANSLAY (LE),0.2,LE TRANSLAY UDI,2,"ph,tds"
80770,TULLY,0.2,EAUX DE PICARDIE UDI,2,"ph,tds"
80773,VADENCOURT,0.2,,2,"ph,tds"
80775,VALINES,0.2,BOIS DE LA MOTTE UDI,2,"ph,tds"
80778,VAUCHELLES-LES-DOMART,0.1,DOMART EN PONTHIEU UDI,2,"ph,tds"
80780,VAUDRICOURT,0.2,EAUX DE PICARDIE UDI,2,"ph,tds"
80783,VAUX-MARQUENNEVILLE,0.1975,FRUCOURT UDI,2,"ph,tds"
80785,VECQUEMONT,0.2,CORBIE-VILLERMONT UDI,2,"ph,tds"
80786,VELENNES,0.2,,2,"ph,tds"
80787,VERCOURT,0.2,BERNAY EN PONTHIEU UDI,2,"ph,tds"
80788,VERGIES,0.2,LE LIGER UDI,2,"ph,tds"
80789,VERMANDOVILLERS,0.2,MORCHAIN UDI,2,"ph,tds"
80792,VICOGNE (LA),0.2,NAOURS UDI,2,"ph,tds"
80794,VILLECOURT,0.2,CROIX MOLIGNEAUX UDI,2,"ph,tds"
80797,VILLERS-AUX-ERABLES,0.2,CAIX-LE QUESNEL UDI,2,"ph,tds"
80801,VILLERS-CARBONNEL,0.2,MORCHAIN UDI,2,"ph,tds"
80802,VILLERS-FAUCON,0.2,HAUTE COLOGNE UDI,2,"ph,tds"
80803,VILLERS-LES-ROYE,0.2,GUERBIGNY UDI,2,"ph,tds"
80804,VILLERS-SOUS-AILLY,0.2,AILLY GORENFLOS UDI,2,"ph,tds"
80810,VITZ-SUR-AUTHIE,0.2,GUESCHART BOUFFLERS UDI,2,"ph,tds"
80813,VRAIGNES-LES-HORNOY,0.2,HORNOY UDI,2,"ph,tds"
80819,WARGNIES,0.2,,2,"ph,tds"
80822,WARSY,0.2,GUERBIGNY UDI,2,"ph,tds"
80825,WIRY-AU-MONT,0.2,FRUCOURT UDI,2,"ph,tds"
80826,WOIGNARUE,0.2,EAUX DE PICARDIE UDI,2,"ph,tds"
80827,WOINCOURT,0.2,EAUX DE PICARDIE UDI,2,"ph,tds"
80828,WOIREL,0.2,FRUCOURT UDI,2,"ph,tds"
80829,Y,0.2,CROIX MOLIGNEAUX UDI,2,"ph,tds"
80832,YVRENCH,0.2,GUESCHART YVRENCHEUX UDI,2,"ph,tds"
80834,YZENGREMER,0.2,,2,"ph,tds"
80835,YZEUX,0.2,HANGEST SUR SOMME UDI,2,"ph,tds"
81001,AGUTS,0.7318,SYNDICAT MONTAGNE NOIRE,2,"ph,tds"
81006,ALGANS,0.7318,SYNDICAT MONTAGNE NOIRE,2,"ph,tds"
81008,ALMAYRAC,0.8415,ROUCARIE,2,"ph,tds"
81009,AMARENS,0.3368,SYNDICAT DU GAILLACOIS,2,"ph,tds"
81010,AMBIALET,0.7203,SYNDICAT DU DADOU,2,"ph,tds"
81015,APPELLE,0.7318,SYNDICAT MONTAGNE NOIRE,2,"ph,tds"
81022,BANNIERES,0.7318,SYNDICAT MONTAGNE NOIRE,2,"ph,tds"
81026,BELLEGARDE-MARSAL ,0.7203,SYNDICAT DU DADOU,2,"ph,tds"
81029,BERNAC,0.3368,SYNDICAT DU GAILLACOIS,2,"ph,tds"
81030,BERTRE,0.7318,SYNDICAT MONTAGNE NOIRE,2,"ph,tds"
81033,BLAYE-LES-MINES,0.8415,ROUCARIE,2,"ph,tds"
81040,BROUSSE,0.7203,SYNDICAT DU DADOU,2,"ph,tds"
81041,BROZE,0.2221,,2,"ph,tds"
81044,CABANES,0.7203,SYNDICAT DU DADOU,2,"ph,tds"
81047,CADIX,0.3796,SYNDICAT VALENCE - VALDERIES,2,"ph,tds"
81049,CAHUZAC,0.7318,SYNDICAT MONTAGNE NOIRE,2,"ph,tds"
81050,CAMBON-LES-LAVAUR,0.7318,SYNDICAT MONTAGNE NOIRE,2,"ph,tds"
81051,CAHUZAC-SUR-VERE,0.3368,SYNDICAT DU GAILLACOIS,2,"ph,tds"
81063,CASTELNAU-DE-LEVIS,0.3368,SYNDICAT DU GAILLACOIS,2,"ph,tds"
81067,CESTAYROLS,0.3368,SYNDICAT DU GAILLACOIS,2,"ph,tds"
81069,CORDES-SUR-CIEL,0.689,VALLEE DU CEROU,2,"ph,tds"
81070,COUFOULEUX,0.3662,SYNDICAT MOYENNE VALLEE TARN,2,"ph,tds"
81071,COURRIS,0.3796,SYNDICAT VALENCE - VALDERIES,2,"ph,tds"
81072,CRESPIN,0.3796,SYNDICAT VALENCE - VALDERIES,2,"ph,tds"
81073,CRESPINET,0.3796,SYNDICAT VALENCE - VALDERIES,2,"ph,tds"
81074,CUNAC,0.3032,ST JUERY,2,"ph,tds"
81077,CURVALLE,0.3796,SYNDICAT VALENCE - VALDERIES,2,"ph,tds"
81078,DAMIATTE,0.7222,SYNDICAT VSP IEMN,2,"ph,tds"
81079,DENAT,0.7203,SYNDICAT DU DADOU,2,"ph,tds"
81082,DOURN (LE),0.3796,SYNDICAT VALENCE - VALDERIES,2,"ph,tds"
81087,FAYSSAC,0.3368,SYNDICAT DU GAILLACOIS,2,"ph,tds"
81088,FAUCH,0.7203,SYNDICAT DU DADOU,2,"ph,tds"
81089,FAUSSERGUES,0.3796,SYNDICAT VALENCE - VALDERIES,2,"ph,tds"
81090,FENOLS,0.7203,SYNDICAT DU DADOU,2,"ph,tds"
81093,FLORENTIN,0.7203,SYNDICAT DU DADOU,2,"ph,tds"
81094,FRAISSINES,0.3796,SYNDICAT VALENCE - VALDERIES,2,"ph,tds"
81095,FRAUSSEILLES,0.3368,SYNDICAT DU GAILLACOIS,2,"ph,tds"
81100,GARREVAQUES,0.7318,SYNDICAT MONTAGNE NOIRE,2,"ph,tds"
81102,GARRIGUES,0.7318,SYNDICAT MONTAGNE NOIRE,2,"ph,tds"
81114,LABASTIDE-GABAUSSE,0.8415,ROUCARIE,2,"ph,tds"
81118,LABOULBENE,0.7203,SYNDICAT DU DADOU,2,"ph,tds"
81119,LABOUTARIE,0.7203,SYNDICAT DU DADOU,2,"ph,tds"
81122,LACAPELLE-PINET,0.3796,SYNDICAT VALENCE - VALDERIES,2,"ph,tds"
81123,LACAPELLE-SEGALAR,0.689,VALLEE DU CEROU,2,"ph,tds"
81126,LACOUGOTTE-CADOUL,0.7318,SYNDICAT MONTAGNE NOIRE,2,"ph,tds"
81127,LACROISILLE,0.7318,SYNDICAT MONTAGNE NOIRE,2,"ph,tds"
81132,GUITALENS-L'ALBAREDE,0.6948,,2,"ph,tds"
81133,LAMILLARIE,0.7203,SYNDICAT DU DADOU,2,"ph,tds"
81136,LARROQUE,0.2,,2,"ph,tds"
81138,LASGRAISSES,0.3368,SYNDICAT DU GAILLACOIS,2,"ph,tds"
81139,LAUTREC,0.7203,SYNDICAT DU DADOU,2,"ph,tds"
81141,LEDAS-ET-PENTHIES,0.3796,SYNDICAT VALENCE - VALDERIES,2,"ph,tds"
81142,LEMPAUT,0.7318,SYNDICAT MONTAGNE NOIRE,2,"ph,tds"
81143,LESCOUT,0.7081,SYNDICAT DU PAS DU SANT,2,"ph,tds"
81147,LOMBERS,0.7203,SYNDICAT DU DADOU,2,"ph,tds"
81149,LOUPIAC,0.3662,SYNDICAT MOYENNE VALLEE TARN,2,"ph,tds"
81150,LUGAN,0.7318,SYNDICAT MONTAGNE NOIRE,2,"ph,tds"
81151,MAGRIN,0.7318,SYNDICAT MONTAGNE NOIRE,2,"ph,tds"
81157,MARZENS,0.7318,SYNDICAT MONTAGNE NOIRE,2,"ph,tds"
81162,MAURENS-SCOPONT,0.7318,SYNDICAT MONTAGNE NOIRE,2,"ph,tds"
81164,MEZENS,0.3662,SYNDICAT MOYENNE VALLEE TARN,2,"ph,tds"
81169,MISSECLE,0.7203,SYNDICAT DU DADOU,2,"ph,tds"
81173,MONTCABRIER,0.7318,SYNDICAT MONTAGNE NOIRE,2,"ph,tds"
81174,MONTDRAGON,0.7203,SYNDICAT DU DADOU,2,"ph,tds"
81176,MONTELS,0.3368,SYNDICAT DU GAILLACOIS,2,"ph,tds"
81178,MONTGAILLARD,0.3662,SYNDICAT MOYENNE VALLEE TARN,2,"ph,tds"
81187,MOULAYRES,0.7203,SYNDICAT DU DADOU,2,"ph,tds"
81189,MOUZENS,0.7318,SYNDICAT MONTAGNE NOIRE,2,"ph,tds"
81190,MOUZIEYS-TEULET,0.7203,SYNDICAT DU DADOU,2,"ph,tds"
81196,NOAILHAC,0.6379,,2,"ph,tds"
81197,NOAILLES,0.3368,SYNDICAT DU GAILLACOIS,2,"ph,tds"
81198,ORBAN,0.7203,SYNDICAT DU DADOU,2,"ph,tds"
81199,PADIES,0.3796,SYNDICAT VALENCE - VALDERIES,2,"ph,tds"
81200,PALLEVILLE,0.7318,SYNDICAT MONTAGNE NOIRE,2,"ph,tds"
81207,PEYREGOUX,0.7203,SYNDICAT DU DADOU,2,"ph,tds"
81208,PEYROLE,0.3662,SYNDICAT MOYENNE VALLEE TARN,2,"ph,tds"
81210,POUDIS,0.7318,SYNDICAT MONTAGNE NOIRE,2,"ph,tds"
81211,POULAN-POUZOLS,0.7203,SYNDICAT DU DADOU,2,"ph,tds"
81213,PRATVIEL,0.7318,SYNDICAT MONTAGNE NOIRE,2,"ph,tds"
81214,PUECHOURSI,0.7318,SYNDICAT MONTAGNE NOIRE,2,"ph,tds"
81217,PUYCELSI,0.3662,SYNDICAT MOYENNE VALLEE TARN,2,"ph,tds"
81218,PUYGOUZON,0.7203,SYNDICAT DU DADOU,2,"ph,tds"
81222,REALMONT,0.7203,SYNDICAT DU DADOU,2,"ph,tds"
81228,ROQUEMAURE,0.3662,SYNDICAT MOYENNE VALLEE TARN,2,"ph,tds"
81229,ROQUEVIDAL,0.7318,SYNDICAT MONTAGNE NOIRE,2,"ph,tds"
81232,ROUFFIAC,0.7203,SYNDICAT DU DADOU,2,"ph,tds"
81233,TERRE-DE-BANCALIE,0.7203,SYNDICAT DU DADOU,2,"ph,tds"
81235,SAINT-AFFRIQUE-LES-MONTAGNES,0.7081,SYNDICAT DU PAS DU SANT,2,"ph,tds"
81236,SAINT-AGNAN,0.7318,SYNDICAT MONTAGNE NOIRE,2,"ph,tds"
81237,SAINT-AMANCET,0.2,,2,"ph,tds"
81242,SAINT-AVIT,0.7388,,2,"ph,tds"
81248,SAINT-GAUZENS,0.7203,SYNDICAT DU DADOU,2,"ph,tds"
81250,SAINT-GENEST-DE-CONTEST,0.7203,SYNDICAT DU DADOU,2,"ph,tds"
81252,SAINT-GERMIER,0.7203,SYNDICAT DU DADOU,2,"ph,tds"
81254,SAINT-JEAN-DE-MARCEL,0.3796,SYNDICAT VALENCE - VALDERIES,2,"ph,tds"
81256,SAINT-JEAN-DE-VALS,0.7203,SYNDICAT DU DADOU,2,"ph,tds"
81258,SAINT-JULIEN-DU-PUY,0.7203,SYNDICAT DU DADOU,2,"ph,tds"
81259,SAINT-JULIEN-GAULENE,0.3796,SYNDICAT VALENCE - VALDERIES,2,"ph,tds"
81261,SAINT-LIEUX-LES-LAVAUR,0.7318,SYNDICAT MONTAGNE NOIRE,2,"ph,tds"
81264,SAINT-MICHEL-LABADIE,0.3796,SYNDICAT VALENCE - VALDERIES,2,"ph,tds"
81270,SAINT-SERNIN-LES-LAVAUR,0.7318,SYNDICAT MONTAGNE NOIRE,2,"ph,tds"
81272,SAINT-URCISSE,0.2,MONTDURAUSSE,2,"ph,tds"
81275,SALLES,0.8415,ROUCARIE,2,"ph,tds"
81276,SALVAGNAC,0.3662,SYNDICAT MOYENNE VALLEE TARN,2,"ph,tds"
81277,SAUSSENAC,0.3796,SYNDICAT VALENCE - VALDERIES,2,"ph,tds"
81279,SAUZIERE-SAINT-JEAN (LA),0.3662,SYNDICAT MOYENNE VALLEE TARN,2,"ph,tds"
81280,SEGUR (LE),0.8415,ROUCARIE,2,"ph,tds"
81283,SENOUILLAC,0.3368,SYNDICAT DU GAILLACOIS,2,"ph,tds"
81285,SERENAC,0.3796,SYNDICAT VALENCE - VALDERIES,2,"ph,tds"
81291,TAIX,0.8415,ROUCARIE,2,"ph,tds"
81293,TAURIAC,0.3662,SYNDICAT MOYENNE VALLEE TARN,2,"ph,tds"
81294,TECOU,0.3368,SYNDICAT DU GAILLACOIS,2,"ph,tds"
81297,TERSSAC,0.7203,SYNDICAT DU DADOU,2,"ph,tds"
81298,TEULAT,0.7318,SYNDICAT MONTAGNE NOIRE,2,"ph,tds"
81299,TEYSSODE,0.7195,SYNDICAT VSP IEMN,2,"ph,tds"
81302,TREBAN,0.3796,SYNDICAT VALENCE - VALDERIES,2,"ph,tds"
81306,VALDERIES,0.3796,SYNDICAT VALENCE - VALDERIES,2,"ph,tds"
81307,VALDURENQUE,0.6445,SYNDICAT DU PAS DES BETES,2,"ph,tds"
81308,VALENCE-D'ALBIGEOIS,0.3796,SYNDICAT VALENCE - VALDERIES,2,"ph,tds"
81310,VEILHES,0.7318,SYNDICAT MONTAGNE NOIRE,2,"ph,tds"
81311,VENES,0.7203,SYNDICAT DU DADOU,2,"ph,tds"
81313,VERDIER (LE),0.3525,SYNDICAT VIEUX ITZAC,2,"ph,tds"
81317,VILLEFRANCHE-D'ALBIGEOIS,0.7203,SYNDICAT DU DADOU,2,"ph,tds"
81318,VILLENEUVE-LES-LAVAUR,0.7318,SYNDICAT MONTAGNE NOIRE,2,"ph,tds"
81319,VILLENEUVE-SUR-VERE,0.2,,2,"ph,tds"
81322,VIRAC,0.8415,ROUCARIE,2,"ph,tds"
81325,VIVIERS-LES-MONTAGNES,0.6445,SYNDICAT DU PAS DES BETES,2,"ph,tds"
82001,ALBEFEUILLE-LAGARDE,0.377,S.CASTELSARRASIN (UDI),2,"ph,tds"
82004,ASQUES,0.3257,LAVIT (UDI),2,"ph,tds"
82007,AUTY,0.1571,MONTPEZAT PUYLAROQUE CANDE(UDI,2,"ph,tds"
82009,BALIGNAC,0.3257,LAVIT (UDI),2,"ph,tds"
82011,BARRY-D'ISLEMADE,0.377,S.CASTELSARRASIN (UDI),2,"ph,tds"
82012,BARTHES (LES),0.377,S.CASTELSARRASIN (UDI),2,"ph,tds"
82028,CANALS,0.2,GRISOLLES (UDI),2,"ph,tds"
82031,CASTELMAYRAN,0.3748,GARGANVILLAR (UDI),2,"ph,tds"
82032,CASTELSAGRAT,0.445,VALENCE D'AGEN (UDI),2,"ph,tds"
82035,CAUMONT,0.3748,GARGANVILLAR (UDI),2,"ph,tds"
82036,CAUSE (LE),0.2,LOMAGNE (UDI),2,"ph,tds"
82039,CAYRAC,0.2365,,2,"ph,tds"
82040,CAYRIECH,0.1571,MONTPEZAT PUYLAROQUE CANDE(UDI,2,"ph,tds"
82045,CORDES-TOLOSANNES,0.2,MAS GRENIER (UDI),2,"ph,tds"
82046,COUTURES,0.3748,GARGANVILLAR (UDI),2,"ph,tds"
82047,CUMONT,0.2,LOMAGNE (UDI),2,"ph,tds"
82048,DIEUPENTALE,0.2,GRISOLLES (UDI),2,"ph,tds"
82051,DURFORT-LACAPELETTE,0.2,CAZES MONDENARD (UDI),2,"ph,tds"
82053,ESCAZEAUX,0.1984,LOMAGNE (UDI),2,"ph,tds"
82057,FABAS,0.2,GRISOLLES (UDI),2,"ph,tds"
82058,FAJOLLES,0.3748,GARGANVILLAR (UDI),2,"ph,tds"
82059,FAUDOAS,0.2,LOMAGNE (UDI),2,"ph,tds"
82064,GARIES,0.2,LOMAGNE (UDI),2,"ph,tds"
82067,GENSAC,0.3257,LAVIT (UDI),2,"ph,tds"
82068,GIMAT,0.2,LOMAGNE (UDI),2,"ph,tds"
82070,GLATENS,0.2,LOMAGNE (UDI),2,"ph,tds"
82072,GOLFECH,0.445,VALENCE D'AGEN (UDI),2,"ph,tds"
82073,GOUDOURVILLE,0.445,VALENCE D'AGEN (UDI),2,"ph,tds"
82078,LABASTIDE-DE-PENNE,0.1571,MONTPEZAT PUYLAROQUE CANDE(UDI,2,"ph,tds"
82080,LABASTIDE-DU-TEMPLE,0.377,S.CASTELSARRASIN (UDI),2,"ph,tds"
82081,LABOURGADE,0.3748,GARGANVILLAR (UDI),2,"ph,tds"
82083,LACHAPELLE,0.3257,LAVIT (UDI),2,"ph,tds"
82086,LAFITTE,0.3748,GARGANVILLAR (UDI),2,"ph,tds"
82092,LAPENCHE,0.1571,MONTPEZAT PUYLAROQUE CANDE(UDI,2,"ph,tds"
82095,LAVAURETTE,0.1571,MONTPEZAT PUYLAROQUE CANDE(UDI,2,"ph,tds"
82101,MALAUSE,0.3042,,2,"ph,tds"
82104,MARSAC,0.3257,LAVIT (UDI),2,"ph,tds"
82109,MERLES,0.3148,AUVILLAR (UDI),2,"ph,tds"
82110,MIRABEL,0.3611,CAUSSADE (UDI),2,"ph,tds"
82111,MIRAMONT-DE-QUERCY,0.1873,BOURG DE VISA (UDI),2,"ph,tds"
82113,MOLIERES,0.4013,BAS QUERCY (UDI),2,"ph,tds"
82114,MONBEQUI,0.2,GRISOLLES (UDI),2,"ph,tds"
82116,MONTAGUDET,0.1873,BOURG DE VISA (UDI),2,"ph,tds"
82118,MONTAIN,0.2,MAS GRENIER (UDI),2,"ph,tds"
82119,MONTALZAT,0.1571,MONTPEZAT PUYLAROQUE CANDE(UDI,2,"ph,tds"
82120,MONTASTRUC,0.4013,BAS QUERCY (UDI),2,"ph,tds"
82123,MONTBARTIER,0.2,GRISOLLES (UDI),2,"ph,tds"
82126,MONTEILS,0.1571,MONTPEZAT PUYLAROQUE CANDE(UDI,2,"ph,tds"
82128,MONTFERMIER,0.1571,MONTPEZAT PUYLAROQUE CANDE(UDI,2,"ph,tds"
82129,MONTGAILLARD,0.3257,LAVIT (UDI),2,"ph,tds"
82132,MONTRICOUX,0.3288,NEGREPELISSE (UDI),2,"ph,tds"
82133,MOUILLAC,0.2,CAYLUS-MOUILLAC NDL (UDI),2,"ph,tds"
82138,PERVILLE,0.445,VALENCE D'AGEN (UDI),2,"ph,tds"
82139,PIN (LE),0.3161,AUVILLAR (UDI),2,"ph,tds"
82140,PIQUECOS,0.4013,BAS QUERCY (UDI),2,"ph,tds"
82143,POUPAS,0.3257,LAVIT (UDI),2,"ph,tds"
82144,PUYCORNET,0.4013,BAS QUERCY (UDI),2,"ph,tds"
82146,PUYGAILLARD-DE-LOMAGNE,0.3257,LAVIT (UDI),2,"ph,tds"
82148,PUYLAROQUE,0.1757,,2,"ph,tds"
82149,REALVILLE,0.3611,CAUSSADE (UDI),2,"ph,tds"
82152,SAINT-AIGNAN,0.3748,GARGANVILLAR (UDI),2,"ph,tds"
82154,SAINT-AMANS-DE-PELLAGAL,0.445,VALENCE D'AGEN (UDI),2,"ph,tds"
82160,SAINT-CLAIR,0.445,VALENCE D'AGEN (UDI),2,"ph,tds"
82163,SAINT-JEAN-DU-BOUZET,0.3257,LAVIT (UDI),2,"ph,tds"
82168,SAINT-NAZAIRE-DE-VALENTANE,0.445,VALENCE D'AGEN (UDI),2,"ph,tds"
82170,SAINT-PAUL-D'ESPIS,0.445,VALENCE D'AGEN (UDI),2,"ph,tds"
82172,SAINT-PROJET,0.2,SAINT GERY PUYLAGARDE (UDI),2,"ph,tds"
82173,SAINT-SARDOS,0.2,MAS GRENIER (UDI),2,"ph,tds"
82175,SAINT-VINCENT-LESPINASSE,0.445,VALENCE D'AGEN (UDI),2,"ph,tds"
82180,SERIGNAC,0.2,LOMAGNE (UDI),2,"ph,tds"
82184,VAISSAC,0.3288,NEGREPELISSE (UDI),2,"ph,tds"
82189,VAZERAC,0.4013,BAS QUERCY (UDI),2,"ph,tds"
82192,VERLHAC-TESCOU,0.2,MONCLAR EST (UDI),2,"ph,tds"
82193,VIGUERON,0.2,MAS GRENIER (UDI),2,"ph,tds"
83079,MOLE (LA),0.4953,,2,"ph,tds"
84005,AUREL,0.2,,2,"ph,tds"
84010,BASTIDONNE (LA),0.2,ADDUCTION SYND.MIXTE PERTUIS,2,"ph,tds"
84025,CABRIERES-D'AVIGNON,0.2,ADDUCTION SYND.CHEVAL BLANC,2,"ph,tds"
84026,CADENET,0.2,ADDUCTION SYND.MIXTE PERTUIS,2,"ph,tds"
84042,CUCURON,0.2,ADDUCTION SYND.MIXTE PERTUIS,2,"ph,tds"
84045,FAUCON,0.2,ADDUCTION SYNDICALE ENTRECHAUX,2,"ph,tds"
84051,GOULT,0.2,ADDUCTION SYND.CHEVAL BLANC,2,"ph,tds"
84057,JOUCAS,0.2,ADDUCTION SYND.CHEVAL BLANC,2,"ph,tds"
84058,LACOSTE,0.2,ADDUCTION SYND.CHEVAL BLANC,2,"ph,tds"
84062,LAGNES,0.2,ADDUCTION SYND.CHEVAL BLANC,2,"ph,tds"
84071,MAUBEC,0.2,ADDUCTION SYND.CHEVAL BLANC,2,"ph,tds"
84073,MENERBES,0.2,ADDUCTION SYND.CHEVAL BLANC,2,"ph,tds"
84076,MIRABEAU,0.2,ADDUCTION SYND.MIXTE PERTUIS,2,"ph,tds"
84078,MONDRAGON,0.2,ADDUCTION SYNDICALE MORNAS,2,"ph,tds"
84079,MONIEUX,0.2,ADDUC. SYND. CANTON DE SAULT,2,"ph,tds"
84084,MOTTE-D'AIGUES (LA),0.2,ADDUCTION SYND.MIXTE PERTUIS,2,"ph,tds"
84090,PEYPIN-D'AIGUES,0.2,ADDUCTION SYND.MIXTE PERTUIS,2,"ph,tds"
84100,ROQUE-ALRIC (LA),0.2,ADDUCTION SYNDICALE LE BARROUX,2,"ph,tds"
84101,ROQUE-SUR-PERNES (LA),0.2,ADDUCTION MAZAN,2,"ph,tds"
84104,SABLET,0.2,ADDUCTION SYNDICALE MORNAS,2,"ph,tds"
84111,SAINT-MARCELLIN-LES-VAISON,0.1987,ADDUCT.SYND.MIXTE VAISON,2,"ph,tds"
84113,SAINT-MARTIN-DE-LA-BRASQUE,0.2,ADDUCTION SYND.MIXTE PERTUIS,2,"ph,tds"
84114,SAINT-PANTALEON,0.2,ADDUCTION SYND.CHEVAL BLANC,2,"ph,tds"
84116,SAINT-ROMAIN-EN-VIENNOIS,0.2,ADDUCT.SYND.MIXTE VAISON,2,"ph,tds"
84117,SAINT-ROMAN-DE-MALEGARDE,0.2,ADDUCTION SYNDICALE MORNAS,2,"ph,tds"
84118,SAINT-SATURNIN-LES-APT,0.2,ADDUCTION SYND.CHEVAL BLANC,2,"ph,tds"
84120,SAINT-TRINIT,0.2,ADDUC. SYND. CANTON DE SAULT,2,"ph,tds"
84121,SANNES,0.2,ADDUCTION SYND.MIXTE PERTUIS,2,"ph,tds"
84126,SEGURET,0.2,ADDUCT.SYND.MIXTE VAISON,2,"ph,tds"
84131,TAILLADES,0.2,ADDUCTION SYND.CHEVAL BLANC,2,"ph,tds"
84135,UCHAUX,0.2,ADDUCTION SYNDICALE MORNAS,2,"ph,tds"
84145,VILLARS,0.2,ADDUCTION SYND.CHEVAL BLANC,2,"ph,tds"
84147,VILLELAURE,0.2,ADDUCTION SYND.MIXTE PERTUIS,2,"ph,tds"
84148,VILLES-SUR-AUZON,0.2,ADDUCTION SYND. LES SABLONS,2,"ph,tds"
85015,BEAUFOU,0.3635,RESERVOIR D'APREMONT,2,"ph,tds"
85020,BENET,0.4944,RESERVOIR DE LA BALINGUE,2,"ph,tds"
85023,BESSAY,0.5694,RESERVOIR DE LA CHOLETIERE,2,"ph,tds"
85036,BRETONNIERE-LA-CLAYE (LA),0.1878,RESERVOIR DE TREIZE VENTS,2,"ph,tds"
85038,BROUZILS (LES),0.5402,RESERVOIRS FRETIERE BEAULIEU,2,"ph,tds"
85039,BRUFFIERE (LA),0.326,RESERVOIR DE LA BRUFFIERE,2,"ph,tds"
85045,CHAIZE-GIRAUD (LA),0.3411,RESERVOIR DE LA NATHALINIERE,2,"ph,tds"
85046,CHAIZE-LE-VICOMTE (LA),0.5691,RESERVOIR DE LA CHOLETIERE,2,"ph,tds"
85058,CHASNAIS,0.1875,RESERVOIR DE TREIZE VENTS,2,"ph,tds"
85066,CHAVAGNES-LES-REDOUX,0.5904,ROCHEREAU OUEST,2,"ph,tds"
85071,COMMEQUIERS,0.3413,RESERVOIR DE LA NATHALINIERE,2,"ph,tds"
85074,COUTURE (LA),0.5694,RESERVOIR DE LA CHOLETIERE,2,"ph,tds"
85078,DAMVIX,0.4942,RESERVOIR DE LA BALINGUE,2,"ph,tds"
85088,FENOUILLER (LE),0.3413,RESERVOIR DE LA NATHALINIERE,2,"ph,tds"
85093,FOUGERE,0.5691,RESERVOIR DE LA CHOLETIERE,2,"ph,tds"
85094,FOUSSAIS-PAYRE,0.4946,RESERVOIR DE LA BALINGUE,2,"ph,tds"
85097,GAUBRETIERE (LA),0.326,RESERVOIR DE LA BRUFFIERE,2,"ph,tds"
85100,GIVRAND,0.3416,RESERVOIR DE LA NATHALINIERE,2,"ph,tds"
85102,GRAND'LANDES,0.3633,RESERVOIR D'APREMONT,2,"ph,tds"
85104,GRUES,0.1995,RESERVOIR DE TREIZE VENTS,2,"ph,tds"
85111,ILE-D'ELLE (L'),0.4939,RESERVOIR DE LA BALINGUE,2,"ph,tds"
85115,JAUDONNIERE (LA),0.5842,RESERVOIR DU TALLUD,2,"ph,tds"
85116,JONCHERE (LA),0.4635,RESERVOIR DE ST VINCENT SUR GRAON,2,"ph,tds"
85117,LAIROUX,0.1876,RESERVOIR DE TREIZE VENTS,2,"ph,tds"
85121,LANGON (LE),0.4946,RESERVOIR DE LA BALINGUE,2,"ph,tds"
85123,LIEZ,0.4943,RESERVOIR DE LA BALINGUE,2,"ph,tds"
85125,LOGE-FOUGEREUSE,0.4946,RESERVOIR DE LA BALINGUE,2,"ph,tds"
85126,LONGEVES,0.4944,RESERVOIR DE LA BALINGUE,2,"ph,tds"
85131,MAGNILS-REIGNIERS (LES),0.1875,RESERVOIR DE TREIZE VENTS,2,"ph,tds"
85132,MAILLE,0.4941,RESERVOIR DE LA BALINGUE,2,"ph,tds"
85133,MAILLEZAIS,0.4943,RESERVOIR DE LA BALINGUE,2,"ph,tds"
85134,MALLIEVRE,0.3259,RESERVOIR DE LA BRUFFIERE,2,"ph,tds"
85136,MARILLET,0.4946,RESERVOIR DE LA BALINGUE,2,"ph,tds"
85137,MARSAIS-SAINTE-RADEGONDE,0.3063,RESERVOIR DU  BOIS DE L'EPAUD,2,"ph,tds"
85139,MAZEAU (LE),0.4946,RESERVOIR DE LA BALINGUE,2,"ph,tds"
85142,MERLATIERE (LA),0.5408,RESERVOIRS FRETIERE BEAULIEU,2,"ph,tds"
85143,MERVENT,0.4946,RESERVOIR DE LA BALINGUE,2,"ph,tds"
85148,MONTREUIL,0.4946,RESERVOIR DE LA BALINGUE,2,"ph,tds"
85156,MOUTIERS-LES-MAUXFAITS,0.463,RESERVOIR DE ST VINCENT SUR GRAON,2,"ph,tds"
85157,MOUTIERS-SUR-LE-LAY,0.5691,RESERVOIR DE LA CHOLETIERE,2,"ph,tds"
85174,PETOSSE,0.4946,RESERVOIR DE LA BALINGUE,2,"ph,tds"
85176,PISSOTTE,0.4944,RESERVOIR DE LA BALINGUE,2,"ph,tds"
85181,POUILLE,0.4943,RESERVOIR DE LA BALINGUE,2,"ph,tds"
85184,PUY-DE-SERRE,0.4942,RESERVOIR DE LA BALINGUE,2,"ph,tds"
85186,RABATELIERE (LA),0.5407,RESERVOIRS FRETIERE BEAULIEU,2,"ph,tds"
85196,SAINT-ANDRE-GOULE-D'OIE,0.5402,RESERVOIRS FRETIERE BEAULIEU,2,"ph,tds"
85205,SAINT-CYR-DES-GATS,0.2,RESERVOIR DU  BOIS DE L'EPAUD,2,"ph,tds"
85207,SAINT-DENIS-DU-PAYRE,0.1878,RESERVOIR DE TREIZE VENTS,2,"ph,tds"
85209,SAINT-ETIENNE-DE-BRILLOUET,0.4939,RESERVOIR DE LA BALINGUE,2,"ph,tds"
85239,SAINT-MAIXENT-SUR-VIE,0.3411,RESERVOIR DE LA NATHALINIERE,2,"ph,tds"
85251,SAINT-MAURICE-DES-NOUES,0.3061,RESERVOIR DU  BOIS DE L'EPAUD,2,"ph,tds"
85256,SAINT-MICHEL-LE-CLOUCQ,0.494,RESERVOIR DE LA BALINGUE,2,"ph,tds"
85260,SAINT-PAUL-MONT-PENIT,0.3634,RESERVOIR D'APREMONT,2,"ph,tds"
85261,SAINTE-PEXINE,0.5694,RESERVOIR DE LA CHOLETIERE,2,"ph,tds"
85265,SAINT-PIERRE-LE-VIEUX,0.4946,RESERVOIR DE LA BALINGUE,2,"ph,tds"
85269,SAINT-SIGISMOND,0.4934,RESERVOIR DE LA BALINGUE,2,"ph,tds"
85278,SAINT-VINCENT-SUR-JARD,0.4539,OLONNES ET TALMONDAIS EST,2,"ph,tds"
85291,THORIGNY,0.5686,RESERVOIR DE LA CHOLETIERE,2,"ph,tds"
85293,TIFFAUGES,0.3262,RESERVOIR DE LA BRUFFIERE,2,"ph,tds"
85296,TREIZE-VENTS,0.3262,RESERVOIR DE LA BRUFFIERE,2,"ph,tds"
85297,TRIAIZE,0.1878,RESERVOIR DE TREIZE VENTS,2,"ph,tds"
85303,VIX,0.4944,RESERVOIR DE LA BALINGUE,2,"ph,tds"
86007,ANTRAN,0.2,VAUX SV VAUX,2,"ph,tds"
86008,ARCAY,0.2,BAS LOUDUNAIS SCEVOLLES,2,"ph,tds"
86012,ASNOIS,0.2,SUD VIENNE ST PIERRE D'EX STATION,2,"ph,tds"
86013,AULNAY,0.2,BAS LOUDUNAIS SCEVOLLES,2,"ph,tds"
86023,BERTHEGON,0.2,BAS LOUDUNAIS SCEVOLLES,2,"ph,tds"
86025,BETHINES,0.2,ST SAVIN,2,"ph,tds"
86029,BLANZAY,0.2,SUD VIENNE ST PIERRE D'EX STATION,2,"ph,tds"
86036,BOURNAND,0.2,LES TROIS-MOUTIERS COMPRIGNY,2,"ph,tds"
86039,BRUX,0.2,SUD VIENNE ST PIERRE D'EX STATION,2,"ph,tds"
86044,CEAUX-EN-LOUDUN,0.2,BAS LOUDUNAIS SCEVOLLES,2,"ph,tds"
86046,CENON-SUR-VIENNE,0.7338,CHATELLERAULT,2,"ph,tds"
86054,CHAMPNIERS,0.2,SUD VIENNE ST PIERRE D'EX STATION,2,"ph,tds"
86063,CHATAIN,0.1997,SUD VIENNE ST PIERRE D'EX STATION,2,"ph,tds"
86068,CHAUNAY,0.2,SUD VIENNE ST PIERRE D'EX STATION,2,"ph,tds"
86069,CHAUSSEE (LA),0.2,BAS LOUDUNAIS SCEVOLLES,2,"ph,tds"
86072,CHENEVELLES,0.2,ARCHIGNY FON DE L'ETANG,2,"ph,tds"
86073,CHERVES,0.2,MASSOGNES CUHON,2,"ph,tds"
86075,CHOUPPES,0.2,BAS LOUDUNAIS SCEVOLLES,2,"ph,tds"
86079,ROCHE-RIGAULT (LA),0.2,BAS LOUDUNAIS SCEVOLLES,2,"ph,tds"
86080,CLOUE,0.2,LUSIGNAN CHAT_EAU LUSIG_MELANGE,2,"ph,tds"
86084,COULONGES-LES-HEROLLES,0.2,BRIGUEIL LES GATS,2,"ph,tds"
86085,COUSSAY,0.2,BAS LOUDUNAIS SCEVOLLES,2,"ph,tds"
86093,DERCE,0.2,BAS LOUDUNAIS SCEVOLLES,2,"ph,tds"
86097,FERRIERE-AIROUX (LA),0.2,GENCAY LA PRELE-PUY RABIER,2,"ph,tds"
86099,FLEURE,0.2,SIVASUD UF VALLÉE MOREAU,2,"ph,tds"
86104,GENOUILLE,0.2,SUD VIENNE ST PIERRE D'EX STATION,2,"ph,tds"
86105,GIZAY,0.2,SIVASUD UF VALLÉE MOREAU,2,"ph,tds"
86106,GLENOUZE,0.1971,LES TROIS-MOUTIERS FNE DU SON,2,"ph,tds"
86109,GUESNES,0.2,BAS LOUDUNAIS SCEVOLLES,2,"ph,tds"
86119,JOUSSE,0.2,SUD VIENNE ST PIERRE D'EX STATION,2,"ph,tds"
86127,LEIGNE-SUR-USSEAU,0.2,VAUX SV VAUX,2,"ph,tds"
86130,LEUGNY,0.1992,COUSSAY LES BOIS,2,"ph,tds"
86134,LINAZAY,0.2,SUD VIENNE ST PIERRE D'EX STATION,2,"ph,tds"
86141,MAGNE,0.2,,2,"ph,tds"
86143,MAIRE,0.2,COUSSAY LES BOIS,2,"ph,tds"
86144,MAISONNEUVE,0.2,MASSOGNES CUHON,2,"ph,tds"
86147,MARIGNY-CHEMEREAU,0.2,LUSIGNAN CHAT_EAU LUSIG_MELANGE,2,"ph,tds"
86148,MARNAY,0.2,GENCAY LA PRELE-PUY RABIER,2,"ph,tds"
86156,MESSEME,0.2,BAS LOUDUNAIS SCEVOLLES,2,"ph,tds"
86159,MILLAC,0.2,ISLE JOURDAIN BERNARDIERE,2,"ph,tds"
86164,MONTHOIRON,0.2,ARCHIGNY FON DE L'ETANG,2,"ph,tds"
86169,MORTON,0.1971,LES TROIS-MOUTIERS FNE DU SON,2,"ph,tds"
86170,MOULISMES,0.2,LA GARTEMPE,2,"ph,tds"
86171,MOUSSAC,0.2,ISLE JOURDAIN BERNARDIERE,2,"ph,tds"
86172,MOUTERRE-SUR-BLOURDE,0.2,ISLE JOURDAIN BERNARDIERE,2,"ph,tds"
86175,NALLIERS,0.1995,LA BUSSIERE,2,"ph,tds"
86182,ORCHES,0.2,VAUX SV SOSSAY,2,"ph,tds"
86183,ORMES (LES),0.1999,VAUX SV VAUX,2,"ph,tds"
86186,OYRE,0.2,VAUX SV VAUX,2,"ph,tds"
86191,PINDRAY,0.2,LUSSAC LEIGNES-FON,2,"ph,tds"
86196,POUANCAY,0.1971,LES TROIS-MOUTIERS FNE DU SON,2,"ph,tds"
86201,PRINCAY,0.2,BAS LOUDUNAIS SCEVOLLES,2,"ph,tds"
86205,RANTON,0.1971,LES TROIS-MOUTIERS FNE DU SON,2,"ph,tds"
86206,RASLAY,0.1971,LES TROIS-MOUTIERS FNE DU SON,2,"ph,tds"
86218,SAINT-CLAIR,0.2,BAS LOUDUNAIS SCEVOLLES,2,"ph,tds"
86220,SAINT-GAUDENT,0.2,SUD VIENNE ST PIERRE D'EX STATION,2,"ph,tds"
86227,SAINT-LAON,0.2,BAS LOUDUNAIS SCEVOLLES,2,"ph,tds"
86242,SAINT-ROMAIN,0.2,SUD VIENNE ST PIERRE D'EX STATION,2,"ph,tds"
86247,VAL-DE-COMPORTE,0.2,SUD VIENNE ST PIERRE D'EX STATION,2,"ph,tds"
86249,SAIRES,0.2,BAS LOUDUNAIS SCEVOLLES,2,"ph,tds"
86250,SAIX,0.1971,LES TROIS-MOUTIERS FNE DU SON,2,"ph,tds"
86252,SAMMARCOLLES,0.2,BAS LOUDUNAIS SCEVOLLES,2,"ph,tds"
86257,SAVIGNY-SOUS-FAYE,0.2,BAS LOUDUNAIS SCEVOLLES,2,"ph,tds"
86264,SOMMIERES-DU-CLAIN,0.1993,ROMAGNE,2,"ph,tds"
86266,SURIN,0.2,SUD VIENNE ST PIERRE D'EX STATION,2,"ph,tds"
86270,THOLLET,0.2,BRIGUEIL LES GATS,2,"ph,tds"
86279,VAUX-SUR-VIENNE,0.2,,2,"ph,tds"
86280,VELLECHES,0.2,VAUX SV VAUX,2,"ph,tds"
86284,VERNON,0.2,SIVASUD UF VALLÉE MOREAU,2,"ph,tds"
86291,VILLEMORT,0.2,ST SAVIN,2,"ph,tds"
87007,BALLEDENT,0.4092,BEISSAT,2,"ph,tds"
87025,BURGNAC,0.7551,LANAUD BRIANCE,2,"ph,tds"
87029,CARS (LES),0.6999,BRIANCE,2,"ph,tds"
87049,COUSSAC-BONNEVAL,0.6999,BRIANCE,2,"ph,tds"
87052,CROIX-SUR-GARTEMPE (LA),0.4092,BEISSAT,2,"ph,tds"
87056,DINSAC,0.4072,BEISSAT,2,"ph,tds"
87059,DORAT (LE),0.4089,BEISSAT,2,"ph,tds"
87061,DROUX,0.4092,BEISSAT,2,"ph,tds"
87066,FLAVIGNAC,0.6985,BRIANCE,2,"ph,tds"
87068,FROMENTAL,0.8744,COUZE GARTEMPE,2,"ph,tds"
87073,GORRE,0.6061,SYTEPOL (VBG),2,"ph,tds"
87074,GRANDS-CHEZEAUX (LES),0.7499,BENAIZE,2,"ph,tds"
87081,JOURGNAC,0.6999,BRIANCE,2,"ph,tds"
87089,MAGNAC-LAVAL,0.4092,BEISSAT,2,"ph,tds"
87090,MAILHAC-SUR-BENAIZE,0.7494,BENAIZE,2,"ph,tds"
87101,MORTEMART,0.409,BEISSAT,2,"ph,tds"
87112,PAGEAS,0.6999,BRIANCE,2,"ph,tds"
87115,PENSOL,0.9072,L'ARTIGE,2,"ph,tds"
87119,PIERRE-BUFFIERE,0.6994,BRIANCE,2,"ph,tds"
87127,ROCHE-L'ABEILLE (LA),0.6999,BRIANCE,2,"ph,tds"
87138,SAINT-BONNET-BRIANCE,0.8088,MAISON ROUGE,2,"ph,tds"
87141,SAINT-CYR,0.606,SYTEPOL (VBG),2,"ph,tds"
87144,SAINT-GENEST-SUR-ROSELLE,0.7604,LANAUD,2,"ph,tds"
87151,SAINT-JEAN-LIGOURE,0.6989,BRIANCE,2,"ph,tds"
87155,SAINT-JUNIEN-LES-COMBES,0.4085,BEISSAT,2,"ph,tds"
87158,SAINT-LAURENT-SUR-GORRE,0.6067,SYTEPOL (VBG),2,"ph,tds"
87162,SAINTE-MARIE-DE-VAUX,0.6061,SYTEPOL (VBG),2,"ph,tds"
87163,SAINT-MARTIAL-SUR-ISOP,0.4092,BEISSAT,2,"ph,tds"
87166,SAINT-MARTIN-LE-VIEUX,0.7545,LANAUD BRIANCE,2,"ph,tds"
87172,SAINT-OUEN-SUR-GARTEMPE,0.3779,,2,"ph,tds"
87176,SAINT-PRIEST-LIGOURE,0.6992,BRIANCE,2,"ph,tds"
87179,SAINT-SORNIN-LA-MARCHE,0.4092,BEISSAT,2,"ph,tds"
87183,SAINT-SYLVESTRE,0.7179,FREGEFONT,2,"ph,tds"
87188,SAINT-YRIEIX-SOUS-AIXE,0.6066,SYTEPOL (VBG),2,"ph,tds"
87195,TERSANNES,0.4085,BEISSAT,2,"ph,tds"
87205,VIGEN (LE),0.6995,BRIANCE,2,"ph,tds"
88002,AHEVILLE,0.28,RESEAU MELANGE VILLERS/AMBACOURT,2,"ph,tds"
88006,AMBACOURT,0.2611,,2,"ph,tds"
88008,ANGLEMONT,0.5978,SDE LA BELVITTE,2,"ph,tds"
88010,AOUZE,0.2,RESEAU REMOVILLE,2,"ph,tds"
88015,ATTIGNEVILLE,0.2,RESEAU REMOVILLE,2,"ph,tds"
88017,AULNOIS,0.2,SDE BULGNEVILLE,2,"ph,tds"
88022,AUZAINVILLIERS,0.2,SDE BULGNEVILLE,2,"ph,tds"
88024,AVRAINVILLE,0.1743,SDE HAUT DU MONT,2,"ph,tds"
88031,BALLEVILLE,0.2,RESEAU REMOVILLE,2,"ph,tds"
88036,BARVILLE,0.2,RESEAU REMOVILLE,2,"ph,tds"
88038,BATTEXEY,0.1743,SDE HAUT DU MONT,2,"ph,tds"
88041,BAZEGNEY,0.1743,SDE HAUT DU MONT,2,"ph,tds"
88042,BAZIEN,0.5978,SDE LA BELVITTE,2,"ph,tds"
88043,BAZOILLES-ET-MENIL,0.5712,SDE ABLEUVENETTES,2,"ph,tds"
88044,BAZOILLES-SUR-MEUSE,0.2,RESEAU LIFFOL,2,"ph,tds"
88046,BEAUMENIL,0.7612,SDE STEAUMONT,2,"ph,tds"
88047,BEGNECOURT,0.5712,SDE ABLEUVENETTES,2,"ph,tds"
88051,BELMONT-SUR-VAIR,0.2,SDE BULGNEVILLE,2,"ph,tds"
88056,BETTONCOURT,0.2368,RESEAU AMBACOURT,2,"ph,tds"
88063,BOCQUEGNEY,0.5615,SDE BOLON,2,"ph,tds"
88071,BOUZEMONT,0.1743,SDE HAUT DU MONT,2,"ph,tds"
88095,CHATENOIS,0.2,RESEAU REMOVILLE,2,"ph,tds"
88097,CHAUFFECOURT,0.28,RESEAU MELANGE VILLERS/AMBACOURT,2,"ph,tds"
88107,CLEREY-LA-COTE,0.2,RESEAU SOURCES COM SYND,2,"ph,tds"
88122,DAMAS-ET-BETTEGNEY,0.5615,SDE BOLON,2,"ph,tds"
88125,DARNEY-AUX-CHENES,0.2,SDE FROIDE-FONTAINE,2,"ph,tds"
88129,DERBAMONT,0.2,,2,"ph,tds"
88130,DESTORD,0.2,SDE NONZEVILLE,2,"ph,tds"
88133,DIGNONVILLE,0.2,SDE NOMEXY,2,"ph,tds"
88137,DOLAINCOURT,0.2,RESEAU REMOVILLE,2,"ph,tds"
88139,DOMBASLE-EN-XAINTOIS,0.1943,RESEAU BAUDRICOURT,2,"ph,tds"
88141,DOMBROT-SUR-VAIR,0.2,SDE BULGNEVILLE,2,"ph,tds"
88147,DOMMARTIN-AUX-BOIS,0.5615,SDE BOLON,2,"ph,tds"
88155,DOMVALLIER,0.1329,RESEAU VAL D'AROL,2,"ph,tds"
88156,DONCIERES,0.6664,SDE REGION RAMBERVILLERS,2,"ph,tds"
88174,FOMEREY,0.5615,SDE BOLON,2,"ph,tds"
88180,FRAIN,0.2,,2,"ph,tds"
88185,FRENELLE-LA-GRANDE,0.2368,RESEAU AMBACOURT,2,"ph,tds"
88186,FRENELLE-LA-PETITE,0.2368,RESEAU AMBACOURT,2,"ph,tds"
88187,FRENOIS,0.5712,SDE ABLEUVENETTES,2,"ph,tds"
88190,FRIZON,0.2,SDE NOMEXY,2,"ph,tds"
88192,GELVECOURT-ET-ADOMPT,0.5712,SDE ABLEUVENETTES,2,"ph,tds"
88199,GIGNEVILLE,0.2,SDE DE BEL-AIR,2,"ph,tds"
88206,GIRONCOURT-SUR-VRAINE,0.1943,RESEAU REMOVILLE,2,"ph,tds"
88223,GUGNEY-AUX-AULX,0.1743,SDE HAUT DU MONT,2,"ph,tds"
88224,HADIGNY-LES-VERRIERES,0.2,SDE NOMEXY,2,"ph,tds"
88226,HAGECOURT,0.5712,SDE ABLEUVENETTES,2,"ph,tds"
88227,HAGNEVILLE-ET-RONCOURT,0.2,SDE BULGNEVILLE,2,"ph,tds"
88229,HARCHECHAMP,0.2,RESEAU REMOVILLE,2,"ph,tds"
88230,HARDANCOURT,0.6664,SDE REGION RAMBERVILLERS,2,"ph,tds"
88239,HERGUGNEY,0.1743,SDE HAUT DU MONT,2,"ph,tds"
88242,HOUEVILLE,0.2,RESEAU REMOVILLE,2,"ph,tds"
88247,IGNEY,0.2,SDE NOMEXY,2,"ph,tds"
88252,JESONVILLE,0.9229,RESEAU FORAGE ESCLES,2,"ph,tds"
88254,JORXEY,0.1743,SDE HAUT DU MONT,2,"ph,tds"
88255,JUBAINVILLE,0.2,RESEAU SOURCES COM SYND,2,"ph,tds"
88264,LEGEVILLE-ET-BONFAYS,0.5712,SDE ABLEUVENETTES,2,"ph,tds"
88267,LERRAIN,0.9229,RESEAU FORAGE ESCLES,2,"ph,tds"
88279,MADECOURT,0.5712,SDE ABLEUVENETTES,2,"ph,tds"
88281,MADONNE-ET-LAMEREY,0.5615,SDE BOLON,2,"ph,tds"
88283,MALAINCOURT,0.2,SDE BULGNEVILLE,2,"ph,tds"
88286,MARAINVILLE-SUR-MADON,0.1743,SDE HAUT DU MONT,2,"ph,tds"
88288,MARONCOURT,0.5712,SDE ABLEUVENETTES,2,"ph,tds"
88295,MAZIROT,0.28,RESEAU MELANGE VILLERS/AMBACOURT,2,"ph,tds"
88298,MENARMONT,0.5978,SDE LA BELVITTE,2,"ph,tds"
88299,MENIL-EN-XAINTOIS,0.1943,RESEAU BAUDRICOURT,2,"ph,tds"
88312,MORELMAISON,0.2,RESEAU REMOVILLE,2,"ph,tds"
88334,OELLEVILLE,0.1943,RESEAU BAUDRICOURT,2,"ph,tds"
88335,OFFROICOURT,0.5712,SDE ABLEUVENETTES,2,"ph,tds"
88347,PIERREFITTE,0.9229,RESEAU FORAGE ESCLES,2,"ph,tds"
88348,PIERREPONT-SUR-L'ARENTELE,0.8601,SDE AUTREY-FREMIFONTAINE,2,"ph,tds"
88353,PONT-LES-BONFAYS,0.9229,RESEAU FORAGE ESCLES,2,"ph,tds"
88354,PONT-SUR-MADON,0.2368,RESEAU AMBACOURT,2,"ph,tds"
88359,PREY,0.7612,SDE STEAUMONT,2,"ph,tds"
88360,PROVENCHERES-LES-DARNEY,0.2,SDE THUILIERES,2,"ph,tds"
88364,PUZIEUX,0.2368,RESEAU AMBACOURT,2,"ph,tds"
88365,RACECOURT,0.5712,SDE ABLEUVENETTES,2,"ph,tds"
88370,RANCOURT,0.5712,SDE ABLEUVENETTES,2,"ph,tds"
88374,RAPEY,0.1743,SDE HAUT DU MONT,2,"ph,tds"
88376,REBEUVILLE,0.2,SDE LANDAVILLE,2,"ph,tds"
88382,REMICOURT,0.5699,SDE ABLEUVENETTES,2,"ph,tds"
88387,REMOVILLE,0.2,,2,"ph,tds"
88389,REPEL,0.1943,RESEAU BAUDRICOURT,2,"ph,tds"
88390,ROBECOURT,0.2,SDE DAMBLAIN ET CREUCHOT,2,"ph,tds"
88394,ROMAIN-AUX-BOIS,0.2,SDE DAMBLAIN ET CREUCHOT,2,"ph,tds"
88395,ROMONT,0.6664,SDE REGION RAMBERVILLERS,2,"ph,tds"
88398,ROUGES-EAUX (LES),0.723,,2,"ph,tds"
88400,ROUVRES-EN-XAINTOIS,0.1943,RESEAU BAUDRICOURT,2,"ph,tds"
88402,ROVILLE-AUX-CHENES,0.6664,SDE REGION RAMBERVILLERS,2,"ph,tds"
88403,ROZEROTTE,0.5712,SDE ABLEUVENETTES,2,"ph,tds"
88404,ROZIERES-SUR-MOUZON,0.2,SDE DAMBLAIN ET CREUCHOT,2,"ph,tds"
88410,SAINTE-BARBE,0.66,,2,"ph,tds"
88411,SAINT-BASLEMONT,0.2,SDE THUILIERES,2,"ph,tds"
88417,SAINT-GORGON,0.6664,SDE REGION RAMBERVILLERS,2,"ph,tds"
88425,SAINT-MAURICE-SUR-MORTAGNE,0.6664,SDE REGION RAMBERVILLERS,2,"ph,tds"
88427,SAINT-MENGE,0.2,RESEAU REMOVILLE,2,"ph,tds"
88432,SAINT-PIERREMONT,0.5978,SDE LA BELVITTE,2,"ph,tds"
88434,SAINT-REMIMONT,0.2,SDE BULGNEVILLE,2,"ph,tds"
88441,SANS-VALLOIS,0.9229,RESEAU FORAGE ESCLES,2,"ph,tds"
88452,SENONGES,0.9229,RESEAU FORAGE ESCLES,2,"ph,tds"
88454,SERCOEUR,0.2,SDE NOMEXY,2,"ph,tds"
88466,THEY-SOUS-MONTFORT,0.2,SDE THUILIERES,2,"ph,tds"
88472,THUILLIERES,0.2,,2,"ph,tds"
88474,TILLEUX,0.2,SDE LANDAVILLE,2,"ph,tds"
88478,TRANQUEVILLE-GRAUX,0.2,RESEAU FORAGE PUNEROT,2,"ph,tds"
88480,UBEXY,0.1743,SDE HAUT DU MONT,2,"ph,tds"
88489,VALLEROY-AUX-SAULES,0.5712,SDE ABLEUVENETTES,2,"ph,tds"
88493,VARMONZEY,0.1743,SDE HAUT DU MONT,2,"ph,tds"
88496,VAUDONCOURT,0.2,SDE BULGNEVILLE,2,"ph,tds"
88497,VAXONCOURT,0.2,,2,"ph,tds"
88499,VELOTTE-ET-TATIGNECOURT,0.5712,SDE ABLEUVENETTES,2,"ph,tds"
88509,VILLONCOURT,0.2,SDE NOMEXY,2,"ph,tds"
88518,VIVIERS-LES-OFFROICOURT,0.5712,SDE ABLEUVENETTES,2,"ph,tds"
88521,VOMECOURT,0.6664,SDE REGION RAMBERVILLERS,2,"ph,tds"
88525,VROVILLE,0.28,RESEAU MELANGE VILLERS/AMBACOURT,2,"ph,tds"
88527,XAFFEVILLERS,0.6664,SDE REGION RAMBERVILLERS,2,"ph,tds"
88528,XAMONTARUPT,0.7589,RESEAU TENDON HEUNOTTE,2,"ph,tds"
88532,ZINCOURT,0.2,SDE NOMEXY,2,"ph,tds"
89032,BEAUVILLIERS,0.8168,TPM ST-AGNAN,2,"ph,tds"
89037,BEON,0.2,SEPEAUX- ST ROMAIN,2,"ph,tds"
89039,BERU,0.2,CHICHEE,2,"ph,tds"
89057,BROSSES,0.2,MAILLY,2,"ph,tds"
89065,CERILLY,0.2,SNE SEVY,2,"ph,tds"
89066,CERISIERS,0.2,SNE VAREILLES,2,"ph,tds"
89084,CHARENTENAY,0.2,LEUGNY- DRUYES,2,"ph,tds"
89089,CHASTELLUX-SUR-CURE,0.8168,TPM ST-AGNAN,2,"ph,tds"
89111,CLERIMOIS (LES),0.2,SNE SEVY,2,"ph,tds"
89122,COURGENAY,0.2,SNE SEVY,2,"ph,tds"
89125,COURSON-LES-CARRIERES,0.2,LEUGNY- DRUYES,2,"ph,tds"
89127,COURTOIS-SUR-YONNE,0.2,SALLES COURTOIS,2,"ph,tds"
89134,CUSSY-LES-FORGES,0.8168,TPM ST-AGNAN,2,"ph,tds"
89136,CUY,0.2,SNE VOISINES,2,"ph,tds"
89141,DISSANGIS,0.8168,TPM ST-AGNAN,2,"ph,tds"
89149,DYE,0.2,DYE-BERNOUIL,2,"ph,tds"
89150,EGLENY,0.2,PARLY-MERRY,2,"ph,tds"
89158,ETAIS-LA-SAUVIN,0.2,TREIGNY SAINTS,2,"ph,tds"
89162,EVRY,0.2,SNE VOISINES,2,"ph,tds"
89165,FLACY,0.2,SNE SEVY,2,"ph,tds"
89171,FOISSY-SUR-VANNE,0.2,SNE SEVY,2,"ph,tds"
89175,FONTENAY-PRES-CHABLIS,0.2,LIGNY LE CHATEL,2,"ph,tds"
89189,GISY-LES-NOBLES,0.2,SNE VOISINES,2,"ph,tds"
89198,GURGY,0.2,COMMUNAUTE AUXERROISE N-OUEST,2,"ph,tds"
89214,LAILLY,0.2,SNE SEVY,2,"ph,tds"
89215,LAIN,0.2,LEUGNY- DRUYES,2,"ph,tds"
89222,LEVIS,0.2,LEUGNY TOUCY,2,"ph,tds"
89236,MAILLOT,0.2,SNE VAREILLES,2,"ph,tds"
89239,MALAY-LE-GRAND,0.2,SNE VAREILLES,2,"ph,tds"
89240,MALAY-LE-PETIT,0.2,SNE VAREILLES,2,"ph,tds"
89252,MERRY-SEC,0.2,LEUGNY- DRUYES,2,"ph,tds"
89264,MONTACHER-VILLEGARDIN,0.2,GATINAIS VERNOY,2,"ph,tds"
89267,MONTREAL,0.8168,TPM ST-AGNAN,2,"ph,tds"
89270,MOUFFY,0.2,LEUGNY- DRUYES,2,"ph,tds"
89272,MOULINS-SUR-OUANNE,0.2,LEUGNY TOUCY,2,"ph,tds"
89278,NOE,0.2,SNE VAREILLES,2,"ph,tds"
89281,ORMES (LES),0.2,CHARNY,2,"ph,tds"
89290,PASILLY,0.2,ARGENTEUIL-PACY-PASILLY,2,"ph,tds"
89313,PRECY-SUR-VRIN,0.2,SEPEAUX- ST ROMAIN,2,"ph,tds"
89318,QUARRE-LES-TOMBES,0.8168,TPM ST-AGNAN,2,"ph,tds"
89331,SAINPUITS,0.2,TREIGNY SAINTS,2,"ph,tds"
89338,SAINT-CLEMENT,0.2,SNE VOISINES,2,"ph,tds"
89339,SAINTE-COLOMBE,0.8168,TPM ST-AGNAN,2,"ph,tds"
89375,SANTIGNY,0.2,BIERRY-LES-BF,2,"ph,tds"
89379,SAVIGNY-EN-TERRE-PLAINE,0.8168,TPM ST-AGNAN,2,"ph,tds"
89380,SAVIGNY-SUR-CLAIRIS,0.2,GATINAIS VERNOY,2,"ph,tds"
89383,SEMENTRON,0.2,LEUGNY- DRUYES,2,"ph,tds"
89386,SENNEVOY-LE-HAUT,0.2,JULLY GIGNY SENNEVOY HB,2,"ph,tds"
89390,SERBONNES,0.2,SNE VOISINES,2,"ph,tds"
89393,SERRIGNY,0.2,CHICHEE,2,"ph,tds"
89395,SIEGES (LES),0.2,SNE SEVY,2,"ph,tds"
89400,SOUGERES-EN-PUISAYE,0.2,LEUGNY- DRUYES,2,"ph,tds"
89404,SUBLIGNY,0.2,GATINAIS VERNOY,2,"ph,tds"
89405,HAUTS DE FORTERRE (LES),0.2,LEUGNY- DRUYES,2,"ph,tds"
89408,TANNERRE-EN-PUISAYE,0.5519,DRACY,2,"ph,tds"
89411,VALLEES DE LA VANNE (LES),0.199,SNE SEVY,2,"ph,tds"
89415,THORY,0.8168,TPM ST-AGNAN,2,"ph,tds"
89416,THURY,0.2,TREIGNY SAINTS,2,"ph,tds"
89428,VALLERY,0.2,GATINAIS VERNOY,2,"ph,tds"
89431,VASSY-SOUS-PISY,0.2,BIERRY-LES-BF,2,"ph,tds"
89438,VENOY,0.2,COMMUNAUTE AUXERROISE EST,2,"ph,tds"
89442,VERNOY,0.2,GATINAIS VERNOY,2,"ph,tds"
89447,VEZINNES,0.2,JUNAY LA LAME,2,"ph,tds"
89459,VILLENEUVE-LA-DONDAGRE,0.2,GATINAIS VERNOY,2,"ph,tds"
89462,VILLENEUVE-LES-GENETS,0.5519,DRACY,2,"ph,tds"
89471,VILLIERS-LOUIS,0.2,SNE VAREILLES,2,"ph,tds"
89472,VILLIERS-SAINT-BENOIT,0.2,CHARNY,2,"ph,tds"
89474,VILLIERS-VINEUX,0.2,VILLIERS-VINEUX,2,"ph,tds"
90001,ANDELNANS,0.6197,SUD AGGLOMERATION,2,"ph,tds"
90003,ANJOUTEY,0.5711,GIROMAGNY,2,"ph,tds"
90013,BETHONVILLIERS,0.6307,ANGEOT,2,"ph,tds"
90016,BOURG-SOUS-CHATELET,0.5711,GIROMAGNY,2,"ph,tds"
90018,BREBOTTE,0.2,BORON-GROSNE,2,"ph,tds"
90019,BRETAGNE,0.2,BORON-GROSNE,2,"ph,tds"
90020,BUC,0.8541,,2,"ph,tds"
90021,CHARMOIS,0.2,MORVILLARS,2,"ph,tds"
90023,CHAUX,0.5709,GIROMAGNY,2,"ph,tds"
90026,CHEVREMONT,0.9677,BELFORT,2,"ph,tds"
90029,CRAVANCHE,0.9673,BELFORT,2,"ph,tds"
90030,CROIX,0.1993,FAVEROIS-DELLE,2,"ph,tds"
90035,DORANS,0.6197,SUD AGGLOMERATION,2,"ph,tds"
90037,ELOIE,0.9677,BELFORT,2,"ph,tds"
90044,FELON,0.8877,ROUGEMONT LE CHATEAU,2,"ph,tds"
90045,FECHE-L'EGLISE,0.2,FAVEROIS-DELLE,2,"ph,tds"
90048,FONTENELLE,0.5104,PETIT-CROIX,2,"ph,tds"
90050,FRAIS,0.6308,ANGEOT,2,"ph,tds"
90055,GROSNE,0.247,,2,"ph,tds"
90057,LACHAPELLE-SOUS-CHAUX,0.5711,GIROMAGNY,2,"ph,tds"
90060,LAGRANGE,0.6308,ANGEOT,2,"ph,tds"
90062,LARIVIERE,0.6308,ANGEOT,2,"ph,tds"
90063,LEBETAIN,0.2,FAVEROIS-DELLE,2,"ph,tds"
90070,MONTBOUTON,0.2,FAVEROIS-DELLE,2,"ph,tds"
90076,PEROUSE,0.9677,BELFORT,2,"ph,tds"
90077,PETIT-CROIX,0.9537,,2,"ph,tds"
90079,PETITMAGNY,0.5704,GIROMAGNY,2,"ph,tds"
90082,AUTRECHENE,0.5104,PETIT-CROIX,2,"ph,tds"
90083,RECOUVRANCE,0.2,BORON-GROSNE,2,"ph,tds"
90084,REPPE,0.6308,ANGEOT,2,"ph,tds"
90086,ROMAGNY-SOUS-ROUGEMONT,0.8877,ROUGEMONT LE CHATEAU,2,"ph,tds"
90088,ROUGEGOUTTE,0.5711,GIROMAGNY,2,"ph,tds"
90090,SAINT-DIZIER-L'EVEQUE,0.2,FAVEROIS-DELLE,2,"ph,tds"
90091,SAINT-GERMAIN-LE-CHATELET,0.8875,ROUGEMONT LE CHATEAU,2,"ph,tds"
90096,THIANCOURT,0.2,FAVEROIS-DELLE,2,"ph,tds"
90100,VAUTHIERMONT,0.6308,ANGEOT,2,"ph,tds"
90101,VELLESCOT,0.2,BORON-GROSNE,2,"ph,tds"
90102,VESCEMONT,0.5711,GIROMAGNY,2,"ph,tds"
90103,VETRIGNE,0.9677,BELFORT,2,"ph,tds"
91001,ABBEVILLE-LA-RIVIERE,0.1996,PLATEAU DE BEAUCE SUD,2,"ph,tds"
91022,ARRANCOURT,0.2,PLATEAU DE BEAUCE SUD,2,"ph,tds"
91037,AUVERNAUX,0.1997,SIARCE CHAMPCUEIL,2,"ph,tds"
91069,BOIGNEVILLE,0.1999,,2,"ph,tds"
91079,BOISSY-LA-RIVIERE,0.2,PLATEAU DE BEAUCE NORD,2,"ph,tds"
91081,BOISSY-LE-SEC,0.1999,,2,"ph,tds"
91100,BOUVILLE,0.1994,PLATEAU DE BEAUCE SUD,2,"ph,tds"
91106,BREUX-JOUY,0.2,SIARCE HUREPOIX BOIS BLANCS,2,"ph,tds"
91109,BRIERES-LES-SCELLES,0.2,PLATEAU DE BEAUCE NORD,2,"ph,tds"
91148,CHAUFFOUR-LES-ETRECHY,0.2,CCEJR SMTC,2,"ph,tds"
91159,CHEVANNES,0.2,SIARCE CHAMPCUEIL,2,"ph,tds"
91180,COURANCES,0.1998,,2,"ph,tds"
91186,COURSON-MONTELOUP,0.2,SEOE ANGERVILLIERS EST,2,"ph,tds"
91232,FERTE-ALAIS (LA),0.1991,,2,"ph,tds"
91240,FONTAINE-LA-RIVIERE,0.2,PLATEAU DE BEAUCE SUD,2,"ph,tds"
91293,GUIGNEVILLE-SUR-ESSONNE,0.2,SIARCE BAULNE,2,"ph,tds"
91330,LARDY,0.1997,CCEJR VALLEE DE LA JUINE CLOSEAUX,2,"ph,tds"
91393,MEROBERT,0.2,SI PLESSIS SAINT BENOIST,2,"ph,tds"
91412,MONDEVILLE,0.2,SIARCE CHAMPCUEIL,2,"ph,tds"
91441,NAINVILLE-LES-ROCHES,0.1997,SIARCE CHAMPCUEIL,2,"ph,tds"
91473,ORVEAU,0.1982,SIARCE BAULNE,2,"ph,tds"
91508,PUISELET-LE-MARAIS,0.1998,PLATEAU DE BEAUCE SUD,2,"ph,tds"
91526,ROINVILLIERS,0.1998,PLATEAU DE BEAUCE SUD,2,"ph,tds"
91547,SAINT-ESCOBILLE,0.2,SI PLESSIS SAINT BENOIST,2,"ph,tds"
91552,SAINT-GERMAIN-LES-ARPAJON,0.1998,COEUR D'ESSONNE HUREPOIX,2,"ph,tds"
91613,CONGERVILLE-THIONVILLE,0.1976,VALLEES HTE JUINE OUEST,2,"ph,tds"
91629,VALPUISEAUX,0.2,PLATEAU DE BEAUCE SUD,2,"ph,tds"
91630,VAL-SAINT-GERMAIN (LE),0.2,SEOE ANGERVILLIERS OUEST,2,"ph,tds"
91634,VAUGRIGNEUSE,0.2,SEOE ANGERVILLIERS EST,2,"ph,tds"
91648,VERT-LE-GRAND,0.1996,SIARCE HUREPOIX BOIS BLANCS,2,"ph,tds"
95014,ANDILLY,0.2,SEDIF 95 EAU DE MERY/OISE,2,"ph,tds"
95028,ATTAINVILLE,0.2,SDT MONTSOULT,2,"ph,tds"
95046,BANTHELU,0.2,SYNDICAT SOURCE ST ROMAIN,2,"ph,tds"
95061,BETHEMONT-LA-FORET,0.2,SEDIF 95 EAU DE MERY/OISE,2,"ph,tds"
95149,CHAUMONTEL,0.2,SIECCAO,2,"ph,tds"
95151,CHAUVRY,0.2,SEDIF 95 EAU DE MERY/OISE,2,"ph,tds"
95157,CHERENCE,0.2,VILLERS CHERENCE CHAUSSY,2,"ph,tds"
95170,CONDECOURT,0.2,SIEVA UDI,2,"ph,tds"
95212,EPIAIS-LES-LOUVRES,0.2,CHENNEVIERES-EPIAIS LES LOUVRES,2,"ph,tds"
95214,EPINAY-CHAMPLATREUX,0.2,SYNDICAT DE NORD-ECOUEN,2,"ph,tds"
95295,GUIRY-EN-VEXIN,0.2,SYNDICAT SOURCE ST ROMAIN,2,"ph,tds"
95303,HEAULME (LE),0.2,DISTRIBUTION RES. DE NEUILLY,2,"ph,tds"
95309,HODENT,0.2,SIAEP DU VEXIN OUEST - ST GERVAIS,2,"ph,tds"
95316,JAGNY-SOUS-BOIS,0.2,SYNDICAT DE NORD-ECOUEN,2,"ph,tds"
95348,LONGUESSE,0.2,SIEVA UDI,2,"ph,tds"
95353,MAFFLIERS,0.2,SDT MONTSOULT,2,"ph,tds"
95369,MARGENCY,0.2,SEDIF 95 EAU DE MERY/OISE,2,"ph,tds"
95387,MENOUVILLE,0.2,VALLANGOUJARD MENOUVILLE,2,"ph,tds"
95395,MESNIL-AUBRY (LE),0.2,SYNDICAT DE NORD-ECOUEN,2,"ph,tds"
95430,MONTSOULT,0.2,SDT MONTSOULT,2,"ph,tds"
95438,MOUSSY,0.2,CHARS-LE BELLAY-MOUSSY,2,"ph,tds"
95445,NERVILLE-LA-FORET,0.2,SDT MONTSOULT,2,"ph,tds"
95450,NEUVILLE-SUR-OISE,0.2,CACP EST-SUD,2,"ph,tds"
95459,NUCOURT,0.2,SIAEP DU VEXIN OUEST - ST GERVAIS,2,"ph,tds"
95462,OMERVILLE,0.1907,SIAEP DU VEXIN OUEST - ST GERVAIS,2,"ph,tds"
95483,PERCHAY (LE),0.2,SIEVA UDI,2,"ph,tds"
95489,PISCOP,0.2,SEDIF 95 MERY-NEUILLY ,2,"ph,tds"
95492,PLESSIS-GASSOT (LE),0.2,SYNDICAT DE NORD-ECOUEN,2,"ph,tds"
95510,PUISEUX-PONTOISE,0.2,CACP CERGY-ST CHRIST PUISEUX PONTOISE,2,"ph,tds"
95554,SAINT-GERVAIS,0.2,,2,"ph,tds"
95592,SERAINCOURT,0.2,,2,"ph,tds"
95594,SEUGY,0.2,SIECCAO,2,"ph,tds"
95610,THEMERICOURT,0.2,SIEVA UDI,2,"ph,tds"
95633,VAUDHERLAND,0.2,LE THILLAY - VAUDHERLAND,2,"ph,tds"
95660,VILLAINES-SOUS-BOIS,0.2,SYNDICAT DE NORD-ECOUEN,2,"ph,tds"
95675,VILLERON,0.2,SIECCAO,2,"ph,tds"
95678,VILLIERS-ADAM,0.2,SEDIF 95 EAU DE MERY/OISE,2,"ph,tds"
95682,VILLIERS-LE-SEC,0.2,SYNDICAT DE NORD-ECOUEN,2,"ph,tds"
95690,WY-DIT-JOLI-VILLAGE,0.2,SYNDICAT SOURCE ST ROMAIN,2,"ph,tds"
97221,RIVIERE-SALEE,0.7362,,2,"ph,tds"
97223,SAINT-ESPRIT,0.7385,,2,"ph,tds"
97227,SAINTE-LUCE,0.702,,2,"ph,tds"
97231,TROIS-ILETS (LES),0.7425,,2,"ph,tds"
36197,SAINT-HILAIRE-SUR-BENAIZE,0.2,,1,tds
36013,BAUDRES,0.1991,,1,tds
36219,TENDU,0.1991,,1,tds
41144,MONTEAUX,0.2,,1,tds
2B138,LAVATOGGIO,0.4354,,1,ca_hardness
61020,AVOINE,0.1298,,1,ca_hardness
2B093,CORBARA,0.4533,,1,ca_hardness
41147,MONTILS (LES),0.193,,1,tds
41145,MONTHOU-SUR-BIEVRE,0.1982,,1,tds
2B126,GIUNCAGGIO,0.6745,,1,ca_hardness
41032,CHAILLES,0.139,,1,tds
41045,CHAUMONT-SUR-LOIRE,0.1326,,1,tds
36069,ECUEILLE,0.2,,1,tds
36059,CONDE,0.2,,1,tds
36169,PRUNIERS,0.1996,,1,tds
41075,DROUE,0.1959,,1,tds
41073,DANZE,0.1947,,1,tds
36189,SAINT-DENIS-DE-JOUHET,0.5336,,1,tds
41181,POUILLE,0.1827,,1,tds
41063,COUFFY,0.1965,,1,tds
58128,GLUX-EN-GLENNE,0.5263,,1,ca_hardness
58037,BRASSY,0.5624,,1,ca_hardness
41059,CONTROIS-EN-SOLOGNE (LE),0.1835,,1,tds
41016,BILLY,0.1367,,1,tds
02305,FERE-EN-TARDENOIS,0.186,,1,tds
58141,LAVAULT-DE-FRETOY,0.486,,1,ca_hardness
58238,SAINT-ELOI,0.6107,,1,ca_hardness
2B251,PRUNELLI-DI-FIUMORBO,0.2971,,1,ca_hardness
58127,GIRY,0.1631,,1,ca_hardness
81245,SAINT-CHRISTOPHE,0.5423,,1,ph
58196,NOLAY,0.1785,,1,ca_hardness
58061,CHASNAY,0.1499,,1,ca_hardness
58071,CHEVANNES-CHANGY,0.189,,1,ca_hardness
06023,BREIL-SUR-ROYA,0.1956,,1,ca_hardness
52204,FORCEY,0.1687,,1,na
52061,BOURDONS-SUR-ROGNON,0.187,,1,na
88379,REHAINCOURT,0.1148,,1,na
88027,BADMENIL-AUX-BOIS,0.4618,,1,na
66040,CASEFABRE,0.2795,,1,na
66153,PRUNET-ET-BELPUIG,0.1945,,1,na
10032,BAROVILLE,0.1764,,1,na
48007,ARZENC-D'APCHER,0.4967,,1,na
55397,PAGNY-LA-BLANCHE-COTE,0.1313,,1,na
52373,OZIERES,0.175,,1,na
10182,JUVANCOURT,0.1641,,1,na
55485,SEPVIGNY,0.1696,,1,na
65470,VIGER,0.1999,,1,na
55328,MAXEY-SUR-VAISE,0.1852,,1,na
65360,PEYROUSE,0.4152,,1,na
31422,PLAGNE,0.1661,,1,na
09126,FREYCHENET,0.9168,,1,na
48192,TRELANS,0.4847,,1,na
80378,GINCHY,0.1531,,1,na
52196,FAVEROLLES,0.1861,,1,na
04167,ROBINE-SUR-GALABRE (LA),0.1789,,1,na
10427,VILLE-SUR-ARCE,0.1513,,1,na
52407,PREZ-SOUS-LAFAUCHE,0.1567,,1,na
65006,ANCIZAN,0.3656,,1,na
52517,VESAIGNES-SOUS-LAFAUCHE,0.1504,,1,na
48064,FOURNELS,0.4315,,1,na
55097,CHALAINES,0.1708,,1,na
52325,MILLIERES,0.1513,,1,na
34121,JONCELS,0.1235,,1,na
54173,DROUVILLE,0.1014,,1,na
10439,VIVIERS-SUR-ARTAUT,0.1599,,1,na
52245,HUMBERVILLE,0.1715,,1,na
08489,VONCQ,0.1529,,1,na
57517,OBERGAILBACH,0.1649,,1,na
51325,LISSE-EN-CHAMPAGNE,0.1757,,1,na
10264,NOE-LES-MALLETS,0.1596,,1,na
12295,VIALA-DU-PAS-DE-JAUX,0.1849,,1,na
55327,MAUVAGES,0.1568,,1,na
48091,MARCHASTEL,0.6647,,1,na
52120,CHAUFFOURT,0.1747,,1,na
48031,BRION,0.4008,,1,na
48073,HERMAUX (LES),0.408,,1,na
34308,TAUSSAC-LA-BILLIERE,0.5168,,1,na
85017,BEAUREPAIRE,0.3372,,1,na
52108,CHARMES,0.1581,,1,na
01257,MONTANGES,0.1824,,1,na
10119,CUNFIN,0.1898,,1,na
51001,ABLANCOURT,0.1741,,1,na
88455,SERECOURT,0.1548,,1,na
69103,JULIENAS,0.1433,,1,na
52147,COURCELLES-EN-MONTAGNE,0.1855,,1,na
04224,UBRAYE,0.1946,,1,na
10107,COURSAN-EN-OTHE,0.177,,1,na
10247,MONTFEY,0.1487,,1,na
55373,NANT-LE-GRAND,0.1807,,1,na
52163,DAMPIERRE,0.1702,,1,na
52260,LAMANCINE,0.1699,,1,na
51387,MOSLINS,0.1692,,1,na
10431,VILLIERS-LE-BOIS,0.1719,,1,na
85242,SAINT-MARS-LA-REORTHE,0.5812,,1,na
01219,LOMPNAS,0.16,,1,na
55430,RIBEAUCOURT,0.1614,,1,na
52322,MEURES,0.1684,,1,na
10028,BALNOT-LA-GRANGE,0.1651,,1,na
65196,GENSAC,0.5592,,1,na
10009,ARRELLES,0.1605,,1,na
65174,ESTIRAC,0.5459,,1,na
54472,SAINT-CLEMENT,0.1709,,1,na
01019,ARMIX,0.1882,,1,na
52524,VIGNORY,0.1884,,1,na
10055,BOURGUIGNONS,0.1605,,1,na
04066,CURBANS,0.128,,1,na
57628,SARRALBE,0.1836,,1,na
30044,BONNEVAUX,0.3665,,1,na
04234,VENTEROL,0.1593,,1,na
78107,BREVAL,0.1251,,1,na
65182,GAILLAGOS,0.8406,,1,na
65089,BETPOUEY,0.9241,,1,na
77202,GENEVRAYE (LA),0.1592,,1,na
57748,WITTRING,0.1814,,1,na
77289,MELZ-SUR-SEINE,0.1702,,1,na
65018,ARBEOST,0.1996,,1,na
77220,GUERCHEVILLE,0.1747,,1,na
52103,CHAMPIGNY-SOUS-VARENNES,0.1449,,1,na
77301,MONTCEAUX-LES-PROVINS,0.1597,,1,na
52275,LAVERNOY,0.185,,1,na
02399,JUVINCOURT-ET-DAMARY,0.158,,1,na
77009,ARVILLE,0.1643,,1,na
85113,ILE-D'YEU (L'),0.3435,,1,na
52290,LOGES (LES),0.1935,,1,na
04107,MAJASTRES,0.1849,,1,na
02177,CHERET,0.149,,1,na
11006,ALBAS,0.1294,,1,na
88322,NEUVEVILLE-DEVANT-LEPANGES (LA),0.5574,,1,na
52515,VERSEILLES-LE-BAS,0.1706,,1,na
02471,MARTIGNY-COURPIERRE,0.1495,,1,na
52450,SAINT-LOUP-SUR-AUJON,0.1862,,1,na
52431,ROCHETAILLEE,0.1839,,1,na
52364,ORCEVAUX,0.1666,,1,na
11345,SAINT-JEAN-DE-BARROU,0.1294,,1,na
77358,PENCHARD,0.1738,,1,na
52070,BRENNES,0.1513,,1,na
10414,VILLELOUP,0.1814,,1,na
11436,VILLESEQUE-DES-CORBIERES,0.1294,,1,na
30232,SAINT-ANDRE-D'OLERARGUES,0.1629,,1,na
08396,SAINT-QUENTIN-LE-PETIT,0.1426,,1,na
65011,ANGLES (LES),0.622,,1,na
52082,BUGNIERES,0.1838,,1,na
85304,VOUILLE-LES-MARAIS,0.4562,,1,na
55226,HAN-LES-JUVIGNY,0.165,,1,na
48127,MONTS-DE-RANDON,0.4971,,1,na
08232,ILLY,0.1563,,1,na
34191,PAILHES,0.1666,,1,na
07292,SAINT-ROMAIN-D'AY,0.1859,,1,tds
34344,GRANDE-MOTTE (LA),0.1845,,1,na
77164,ECHOUBOULAINS,0.1373,,1,na
51095,BUISSON (LE),0.1481,,1,na
52538,VILLIERS-SUR-SUIZE,0.1834,,1,na
77311,MONTIGNY-LENCOUP,0.1476,,1,na
08022,ARREUX,0.1745,,1,na
85016,BEAULIEU-SOUS-LA-ROCHE,0.5069,,1,na
51192,COURTHIEZY,0.1294,,1,na
46195,MOLIERES,0.8429,,1,na
52522,VIEVILLE,0.1684,,1,na
51644,VINCELLES,0.1294,,1,na
51539,SOGNY-EN-L'ANGLE,0.1536,,1,na
07174,PEYRAUD,0.1947,,1,tds
08375,SACHY,0.1881,,1,na
51590,VANAULT-LES-DAMES,0.1362,,1,na
81315,VIELMUR-SUR-AGOUT,0.7046,,1,na
01214,LEYSSARD,0.1851,,1,na
51608,VERNANCOURT,0.1262,,1,na
55278,LANEUVILLE-AU-RUPT,0.1888,,1,na
85011,BARBATRE,0.4211,,1,na
51489,SAINT-JEAN-DEVANT-POSSESSE,0.1459,,1,na
54560,VENEY,0.1971,,1,na
51249,FESTIGNY,0.1571,,1,na
04055,CHAUDON-NORANTE,0.186,,1,na
65353,OZON,0.3781,,1,na
65306,MAUVEZIN,0.2991,,1,na
34034,BOISSET,0.6733,,1,na
88228,HAILLAINVILLE,0.1565,,1,na
88121,DAMAS-AUX-BOIS,0.1551,,1,na
04204,SENEZ,0.1941,,1,na
34098,FERRALS-LES-MONTAGNES,0.731,,1,na
51594,VASSIMONT-ET-CHAPELAINE,0.1729,,1,na
55269,LAHAYMEIX,0.1831,,1,na
51377,MONTEPREUX,0.1822,,1,na
04020,BARLES,0.1944,,1,na
52526,VILLARS-SANTENOGE,0.1875,,1,na
51491,SAINT-JEAN-SUR-TOURBE,0.1769,,1,na
52059,BONNECOURT,0.1656,,1,na
51241,EUVY,0.1957,,1,na
46257,SAINT-CIRQ-MADELON,0.1561,,1,na
51274,GIZAUCOURT,0.1554,,1,na
48121,PRUNIERES,0.4708,,1,na
68380,WOLSCHWILLER,0.1825,,1,na
52425,RIVIERE-LES-FOSSES,0.1696,,1,na
52461,SARREY,0.1666,,1,na
03082,COMMENTRY,0.453,,1,na
51418,ORMES,0.1294,,1,na
77381,QUIERS,0.1571,,1,na
55243,HERBEUVILLE,0.1835,,1,na
34326,VELIEUX,0.1747,,1,na
67099,DOMFESSEL,0.185,,1,na
10272,ORMES,0.1778,,1,na
10137,ENGENTE,0.1742,,1,na
67321,NEUVILLER-LA-ROCHE,0.7968,,1,na
77179,FERICY,0.1584,,1,na
52488,THIVET,0.1592,,1,na
10305,PREMIERFAIT,0.1608,,1,na
63368,SAINT-JULIEN-DE-COPPEL,0.791,,1,na
10361,SAINT-REMY-SOUS-BARBUISE,0.1635,,1,na
68092,FISLIS,0.1761,,1,na
77085,CHANTELOUP-EN-BRIE,0.1619,,1,na
63177,ISSERTEAUX,0.8562,,1,na
68049,BOUXWILLER,0.1651,,1,na
11306,QUIRBAJOU,0.1888,,1,na
52208,FRESNES-SUR-APANCE,0.1391,,1,na
09088,CAYCHAX-ET-SENCONAC,0.6429,,1,na
09012,APPY,0.7713,,1,na
09330,VERNAUX,0.3397,,1,na
52009,ANDILLY-EN-BASSIGNY,0.1276,,1,na
52392,PLESNOY,0.1394,,1,na
63280,PIGNOLS,0.8526,,1,na
52089,CELLES-EN-BASSIGNY,0.1613,,1,na
66029,CAIXAS,0.1853,,1,na
65467,VIER-BORDES,0.8753,,1,na
63102,CHATELDON,0.7002,,1,na
65466,VIELLE-LOURON,0.5876,,1,na
31470,SAINT-AVENTIN,0.9079,,1,na
09211,MONTSEGUR,0.1924,,1,na
63299,RENTIERES,0.194,,1,na
34264,SAINT-JEAN-DE-BUEGES,0.1907,,1,na
48135,SAINT-ANDRE-CAPCEZE,0.4368,,1,na
31123,CASTILLON-DE-LARBOUST,0.7756,,1,na
04171,ROUGON,0.1986,,1,na
51334,LUXEMONT-ET-VILLOTTE,0.1788,,1,na
63134,DAUZAT-SUR-VODABLE,0.6614,,1,na
30317,SERNHAC,0.1382,,1,na
42010,AVEIZIEUX,0.8866,,1,na
09291,SENTENAC-D'OUST,0.4072,,1,na
09266,SAINT-JULIEN-DE-GRAS-CAPOU,0.4303,,1,na
42100,GIMOND (LA),0.9849,,1,na
55514,TREMONT-SUR-SAULX,0.1645,,1,na
52548,VRAINCOURT,0.155,,1,na
51280,GRATREUIL,0.1663,,1,na
85155,MOUILLERON-LE-CAPTIF,0.4457,,1,na
52175,DONJEUX,0.1759,,1,na
51429,PEVY,0.1294,,1,na
57524,OMMERAY,0.1128,,1,na
51213,DOMMARTIN-SOUS-HANS,0.1505,,1,na
48165,SAINT-LAURENT-DE-MURET,0.4745,,1,na
34100,FERRIERES-POUSSAROU,0.2958,,1,na
10030,BARBEREY-SAINT-SULPICE,0.1651,,1,na
48175,SAINT-PIERRE-DE-NOGARET,0.5464,,1,na
57754,XANREY,0.1138,,1,na
02803,VILLE-AUX-BOIS-LES-PONTAVERT (LA),0.1294,,1,na
51294,HOURGES,0.1294,,1,na
10391,VAILLY,0.1678,,1,na
52237,HARREVILLE-LES-CHANTEURS,0.1651,,1,na
34193,PARDAILHAN,0.4185,,1,na
11402,VALMIGERE,0.1946,,1,na
10082,CHAPELLE-VALLON,0.1825,,1,na
51252,FLEURY-LA-RIVIERE,0.1375,,1,na
48188,SERVERETTE,0.4397,,1,na
65345,OSSUN-EZ-ANGLES,0.8157,,1,na
52372,OUTREMECOURT,0.1967,,1,na
51586,UNCHAIR,0.1287,,1,na
51228,ELISE-DAUCOURT,0.1542,,1,na
55148,DELOUZE-ROSIERES,0.1708,,1,na
02776,VENDHUILE,0.136,,1,na
60337,LACHELLE,0.1564,,1,na
11358,SAINT-MARTIN-LYS,0.1962,,1,na
2A131,GUAGNO,0.7906,,1,na
55540,VAUX-LES-PALAMEIX,0.199,,1,na
52062,BOURG,0.1577,,1,na
52134,COHONS,0.1614,,1,na
04235,VERDACHES,0.1559,,1,na
48032,BUISSON (LE),0.4296,,1,na
52539,VIOLOT,0.9186,,1,na
66216,TRILLA,0.1601,,1,na
34331,VERRERIES-DE-MOUSSANS,0.7357,,1,na
63161,FORIE (LA),0.4083,,1,na
65228,ILHET,0.7404,,1,na
66152,PRUGNANES,0.1964,,1,na
57248,GIVRYCOURT,0.1294,,1,na
65255,LANCON,0.7747,,1,na
03131,ISSERPENT,0.4485,,1,tds
48028,BONDONS (LES),0.2899,,1,na
60079,BOISSY-FRESNOY,0.1284,,1,na
52374,PAILLY (LE),0.1738,,1,na
01108,COLIGNY,0.1924,,1,na
65415,SEGUS,0.2223,,1,na
77513,VILLENOY,0.1622,,1,na
48086,LUC,0.357,,1,na
12042,CALMELS-ET-LE-VIALA,0.2269,,1,na
52424,RIVIERES-LE-BOIS,0.9001,,1,na
55448,RUPT-DEVANT-SAINT-MIHIEL,0.19,,1,na
10169,GUMERY,0.1704,,1,na
55384,NICEY-SUR-AIRE,0.1556,,1,na
2A191,OLMICCIA,0.7468,,1,na
48150,SAINT-FLOUR-DE-MERCOIRE,0.453,,1,na
65145,CHEZE,0.4139,,1,na
52284,LESCHERES-SUR-LE-BLAISERON,0.1519,,1,na
65351,OUSTE,0.1913,,1,na
68274,RIMBACH-PRES-GUEBWILLER,0.444,,1,na
57084,BIONCOURT,0.16,,1,na
55096,CHAILLON,0.1513,,1,na
52437,ROUELLES,0.1917,,1,na
51047,BELVAL-EN-ARGONNE,0.15,,1,na
10186,LAINES-AUX-BOIS,0.1733,,1,na
10022,AVIREY-LINGEY,0.1522,,1,na
09095,CESCAU,0.457,,1,na
51563,TALUS-SAINT-PRIX,0.16,,1,na
09069,BUZAN,0.9492,,1,na
51132,CHARMONTOIS (LES),0.1674,,1,na
52355,NOIDANT-LE-ROCHEUX,0.1507,,1,na
51034,BANNAY,0.162,,1,na
65041,ASQUE,0.1972,,1,na
09129,GALEY,0.9471,,1,na
10265,NOES-PRES-TROYES (LES),0.1697,,1,na
55106,CHATTANCOURT,0.1641,,1,na
48104,NASBINALS,0.6086,,1,na
51517,SAINT-SOUPLET-SUR-PY,0.188,,1,na
57152,CONTZ-LES-BAINS,0.1501,,1,na
48098,MOLEZON,0.4792,,1,na
10079,CHANNES,0.1586,,1,na
03167,MAZIRAT,0.4778,,1,na
68176,LARGITZEN,0.1715,,1,na
67249,KRAUTWILLER,0.1394,,1,na
57639,SCHORBACH,0.6443,,1,na
57604,RUSTROFF,0.143,,1,na
57479,MONTENACH,0.1532,,1,na
54288,LAGNEY,0.1687,,1,na
08056,BEFFU-ET-LE-MORTHOMME,0.1623,,1,na
52506,VAUDREMONT,0.1703,,1,na
34038,BOUSQUET-D'ORB (LE),0.3413,,1,na
30119,FRESSAC,0.139,,1,na
11130,ESPEZEL,0.1954,,1,na
51006,ALLIANCELLES,0.1717,,1,na
03248,SAINT-NICOLAS-DES-BIEFS,0.7796,,1,na
52546,VONCOURT,0.7419,,1,na
10418,VILLEMORIEN,0.1623,,1,na
63346,SAINT-GENES-CHAMPESPE,0.4966,,1,na
51057,BETTANCOURT-LA-LONGUE,0.1648,,1,na
52330,MONTHERIES,0.1706,,1,na
02581,PAARS,0.1291,,1,na
54516,THEY-SOUS-VAUDEMONT,0.1766,,1,na
51658,VROIL,0.144,,1,na
52229,GRENANT,0.1713,,1,na
34071,CEILHES-ET-ROCOZELS,0.1671,,1,na
10356,SAINT-OULPH,0.1776,,1,na
08059,BELVAL-BOIS-DES-DAMES,0.1726,,1,na
51144,CHEMINON,0.155,,1,na
68168,KNOERINGUE,0.1696,,1,na
07211,SAINT-ANDRE-DE-CRUZIERES,0.1942,,1,na
52298,MAATZ,0.2524,,1,na
34017,AUMES,0.1292,,1,na
67334,NIEDERSTEINBACH,0.8688,,1,na
03125,GUILLERMIE (LA),0.8996,,1,na
52445,SAINT-BROINGT-LE-BOIS,0.1944,,1,na
10166,GRANDES-CHAPELLES (LES),0.169,,1,na
52328,MONTCHARVOT,0.854,,1,na
52233,GUYONVELLE,0.7059,,1,na
09328,VERDUN,0.1928,,1,na
48166,CANS ET CEVENNES,0.3398,,1,na
52264,LANEUVELLE,0.8066,,1,na
31144,CIERP-GAUD,0.9275,,1,na
52135,COIFFY-LE-BAS,0.1294,,1,na
34250,SAINT-ETIENNE-D'ALBAGNAN,0.1642,,1,na
04035,BRUNET,0.1306,,1,na
55341,MOIREY-FLABAS-CREPION,0.1664,,1,na
66054,CONAT,0.6222,,1,na
66219,URBANYA,0.9111,,1,na
55403,PEUVILLERS,0.1906,,1,na
34133,LAVALETTE,0.1741,,1,na
65098,BOO-SILHEN,0.3708,,1,na
46155,LARNAGOL,0.1782,,1,na
34156,MERIFONS,0.363,,1,na
48145,SAINT-DENIS-EN-MARGERIDE,0.4024,,1,na
65038,ARTIGUES,0.6925,,1,na
52039,BAUDRECOURT,0.1632,,1,na
34240,SAINT-AUNES,0.1562,,1,na
77531,VOULX,0.1524,,1,na
77141,COUTEVROULT,0.1607,,1,na
10023,AVON-LA-PEZE,0.1723,,1,na
31559,TREBONS-DE-LUCHON,0.2,,1,na
55282,LAVALLEE,0.1588,,1,na
51356,MATIGNICOURT-GONCOURT,0.1715,,1,na
48055,CULTURES,0.1679,,1,na
51156,CLOYES-SUR-MARNE,0.1802,,1,na
31465,SACCOURVIELLE,0.3745,,1,na
68243,OBERLARG,0.1816,,1,na
31009,ANTICHAN-DE-FRONTIGNES,0.194,,1,na
10410,VILLADIN,0.1577,,1,na
51286,HAUTEVILLE,0.1554,,1,na
48106,NOALHAC,0.4383,,1,na
01013,ARANDAS,0.1784,,1,na
77015,BABY,0.1663,,1,na
66022,BOULE-D'AMONT,0.4338,,1,na
77248,LESCHES,0.1584,,1,na
08275,MARGNY,0.1722,,1,na
34012,ARGELLIERS,0.1544,,1,na
88482,URVILLE,0.1399,,1,na
52514,VERBIESLES,0.1849,,1,na
52401,POULANGY,0.1912,,1,na
10444,VULAINES,0.1873,,1,na
65114,BUZON,0.4739,,1,na
55561,VILLERS-DEVANT-DUN,0.1777,,1,na
08295,MONDIGNY,0.1578,,1,na
85163,NOIRMOUTIER-EN-L'ILE,0.344,,1,na
10042,BERULLE,0.1843,,1,na
48160,SAINT-JEAN-LA-FOUILLOUSE,0.4452,,1,na
66199,TAILLET,0.189,,1,na
10346,SAINT-LEGER-SOUS-MARGERIE,0.1572,,1,na
85141,MENOMBLET,0.4646,,1,na
48182,SAINT-SAUVEUR-DE-GINESTOUX,0.4013,,1,na
55362,MOULINS-SAINT-HUBERT,0.1719,,1,na
48020,BASSURELS,0.3839,,1,na
48170,SAINT-MARTIN-DE-BOUBAUX,0.405,,1,na
60569,SAINT-CREPIN-AUX-BOIS,0.128,,1,na
46061,CASSAGNES,0.1691,,1,na
12163,MURASSON,0.192,,1,na
65208,GRAILHEN,0.7945,,1,na
01037,BENONCES,0.1971,,1,na
63014,AUBIERE,0.6721,,1,na
48163,SAINT-JULIEN-DES-POINTS,0.4842,,1,na
12019,BALAGUIER-SUR-RANCE,0.1906,,1,na
65408,SARRANCOLIN,0.8397,,1,na
52065,BOUZANCOURT,0.1597,,1,na
34168,MONTESQUIEU,0.1655,,1,na
55364,MOUZAY,0.1721,,1,na
67531,WILDERSBACH,0.591,,1,na
63175,HERMENT,0.4483,,1,na
52528,VILLE-EN-BLAISOIS,0.166,,1,na
11392,TOURNISSAN,0.1783,,1,na
88052,BELRUPT,0.9415,,1,na
04033,UBAYE-SERRE-PONCON,0.1954,,1,na
09320,URS,0.3461,,1,na
09131,GARANOU,0.3564,,1,na
48178,SAINT-PRIVAT-DE-VALLONGUE,0.415,,1,na
31590,BINOS,0.1986,,1,na
48026,BLAVIGNAC,0.5132,,1,na
09318,UNAC,0.2577,,1,na
09159,LASSUR,0.3561,,1,na
60402,MEUX (LE),0.1816,,1,na
57489,MOUTERHOUSE,0.9164,,1,na
30277,SAINT-LAURENT-DE-CARNOLS,0.1591,,1,na
09068,BURRET,0.5103,,1,na
78484,PERDREAUVILLE,0.1259,,1,na
65347,OURDE,0.6979,,1,na
60325,JAUX,0.1789,,1,na
31142,CIER-DE-LUCHON,0.5708,,1,na
09024,ASTON,0.4663,,1,na
52014,APREY,0.1629,,1,na
88241,HOUECOURT,0.1294,,1,na
30305,SALINDRES,0.6988,,1,na
11035,BELVIANES-ET-CAVIRAC,0.1731,,1,na
52357,NONCOURT-SUR-LE-RONGEANT,0.1706,,1,na
78104,BREUIL-BOIS-ROBERT,0.1409,,1,na
09155,LARCAT,0.2407,,1,na
68308,SICKERT,0.5106,,1,na
57661,STURZELBRONN,0.5481,,1,na
85026,BOISSIERE-DES-LANDES (LA),0.3785,,1,na
2A127,GIUNCHETO,0.8803,,1,na
55554,VILLECLOYE,0.1829,,1,na
54128,CHOLOY-MENILLOT,0.1635,,1,na
51269,GIFFAUMONT-CHAMPAUBERT,0.1196,,1,na
88045,BEAUFREMONT,0.1932,,1,na
03224,SAINT-CLEMENT,0.5327,,1,na
07229,SAINT-DIDIER-SOUS-AUBENAS,0.2,,1,na
77307,MONTEVRAIN,0.1669,,1,na
52067,BRAINVILLE-SUR-MEUSE,0.1776,,1,na
2A098,COTI-CHIAVARI,0.8404,,1,na
04181,SAINT-JEANNET,0.1486,,1,na
51361,MEIX-TIERCELIN (LE),0.1746,,1,na
68014,AUBURE,0.885,,1,na
03066,CHATEL-MONTAGNE,0.4154,,1,na
10219,MAISONS-LES-SOULAINES,0.1752,,1,na
52505,VAUDRECOURT,0.1671,,1,na
51550,SOMPUIS,0.1702,,1,na
57169,DANNELBOURG,0.7078,,1,na
57100,BOURSCHEID,0.7257,,1,na
52247,ILLOUD,0.1724,,1,na
51577,TRAMERY,0.129,,1,na
51017,ARZILLIERES-NEUVILLE,0.1313,,1,na
88103,CIRCOURT,0.1459,,1,na
51125,CHAPELAINE,0.1655,,1,na
52393,POINSENOT,0.1843,,1,na
09114,ERP,0.423,,1,na
52040,BAY-SUR-AUBE,0.1942,,1,na
48194,VIALAS,0.4363,,1,na
67513,WALDERSBACH,0.5101,,1,na
52016,ARBOT,0.1827,,1,na
48081,LANUEJOLS,0.4563,,1,na
04236,VERGONS,0.1956,,1,na
09193,MIJANES,0.7814,,1,na
69254,VALSONNE,0.4966,,1,na
52459,SARCEY,0.193,,1,na
65036,ARTALENS-SOUIN,0.401,,1,na
02818,VILLIERS-SAINT-DENIS,0.1294,,1,na
65099,BORDERES-LOURON,0.778,,1,na
52305,MANDRES-LA-COTE,0.1635,,1,na
09020,ARTIGUES,0.8719,,1,na
77354,PAMFOU,0.1419,,1,na
52271,LANQUES-SUR-ROGNON,0.1563,,1,na
04032,BRAUX,0.3823,,1,na
09239,QUERIGUT,0.5445,,1,na
52267,LANEUVILLE-AU-PONT,0.1898,,1,na
65195,GENOS,0.2277,,1,na
2A128,GRANACE,0.7551,,1,na
67050,BLANCHERUPT,0.5516,,1,na
65282,LOUDENVIELLE,0.6474,,1,na
2A021,ARGIUSTA-MORICCIO,0.5113,,1,na
09230,PLA (LE),0.5725,,1,na
11154,FOURNES-CABARDES,0.5987,,1,na
66098,LLAGONNE (LA),0.6655,,1,na
66118,MONTNER,0.1294,,1,na
09252,ROUZE,0.1957,,1,na
65003,ADERVIELLE-POUCHERGUES,0.9135,,1,na
57594,ROPPEVILLER,0.6964,,1,na
2A062,CARBUCCIA,0.6516,,1,na
2A017,APPIETTO,0.6649,,1,na
52006,ALLICHAMPS,0.3691,,1,na
03156,LUSIGNY,0.5766,,1,na
2A351,VILLANOVA,0.5899,,1,na
04042,CASTELLET-LES-SAUSSES,0.1948,,1,na
52525,VILLARS-EN-AZOIS,0.1797,,1,na
52168,DINTEVILLE,0.1614,,1,na
12269,SERRE (LA),0.1928,,1,na
65116,CADEAC,0.2109,,1,na
12249,SAINT-SEVER-DU-MOUSTIER,0.8173,,1,na
52272,LANTY-SUR-AUBE,0.1687,,1,na
10071,CHACENAY,0.1586,,1,na
57446,MARIMONT-LES-BENESTROFF,0.1476,,1,na
48107,PALHERS,0.1797,,1,na
51518,SAINT-THIERRY,0.1637,,1,na
51124,CHANTEMERLE,0.1674,,1,na
85171,PEAULT,0.1515,,1,na
48019,BARRE-DES-CEVENNES,0.1815,,1,na
48138,SAINT-BONNET-DE-CHIRAC,0.1696,,1,na
88212,GRAND,0.1807,,1,na
12186,POUSTHOMY,0.1913,,1,na
51526,SAUDOY,0.1692,,1,na
09220,ORLU,0.3524,,1,na
63178,ISSOIRE,0.7638,,1,na
88457,SIONNE,0.1458,,1,na
51477,SAINT-ETIENNE-SUR-SUIPPE,0.1565,,1,na
2A008,ALBITRECCIA,0.8096,,1,na
65200,GERMS-SUR-L'OUSSOUET,0.2613,,1,na
80428,HEM-MONACU,0.1513,,1,na
52312,MARDOR,0.1686,,1,na
55312,MAIZEY,0.1986,,1,na
65171,ESTARVIELLE,0.3572,,1,na
10240,MESSON,0.1641,,1,na
52025,AUDELONCOURT,0.154,,1,na
67363,OSTHOFFEN,0.1682,,1,na
52400,CHATELET-SUR-MEUSE (LE),0.16,,1,na
63248,NEBOUZAT,0.7526,,1,na
48025,BESSONS (LES),0.4518,,1,na
63274,PERPEZAT,0.5953,,1,na
2A336,VALLE-DI-MEZZANA,0.5206,,1,na
08226,HIERGES,0.17,,1,na
52447,SAINT-CIERGUES,0.1669,,1,na
2A001,AFA,0.8311,,1,na
65049,AURIEBAT,0.5287,,1,na
01110,COLOMIEU,0.1845,,1,na
52415,RANCONNIERES,0.1702,,1,na
2A330,UCCIANI,0.6928,,1,na
52307,MARAC,0.1499,,1,na
09221,ORNOLAC-USSAT-LES-BAINS,0.1801,,1,na
09189,MERENS-LES-VALS,0.4913,,1,na
09009,ALZEN,0.5219,,1,na
10037,BERCENAY-EN-OTHE,0.1645,,1,na
09007,ALLIERES,0.3871,,1,na
57711,VIBERSVILLER,0.1294,,1,na
52310,MARBEVILLE,0.1744,,1,na
67353,OBERSTEINBACH,0.9455,,1,na
10096,CHENNEGY,0.1724,,1,na
88061,BLEURVILLE,0.1696,,1,na
60299,HARDIVILLERS,0.1641,,1,na
48124,RECOULES-DE-FUMAS,0.5021,,1,na
09035,BALAGUERES,0.1988,,1,na
55338,MILLY-SUR-BRADON,0.1825,,1,na
52007,AMBONVILLE,0.1557,,1,na
55110,CHAUVENCY-SAINT-HUBERT,0.1775,,1,na
10075,CHAMPFLEURY,0.1829,,1,na
52092,CHALANCEY,0.1673,,1,na
09085,CASTILLON-EN-COUSERANS,0.5235,,1,na
2A204,PASTRICCIOLA,0.5619,,1,na
52273,LARIVIERE-ARNONCOURT,0.8273,,1,na
55109,CHAUVENCY-LE-CHATEAU,0.1786,,1,na
51116,CHAMPGUYON,0.1614,,1,na
52403,PRASLAY,0.1882,,1,na
2A203,PARTINELLO,0.5938,,1,na
68276,RIMBACHZELL,0.464,,1,na
52232,GUINDRECOURT-SUR-BLAISE,0.1792,,1,na
2A312,SANTA-MARIA-SICHE,0.7536,,1,na
55422,REGNEVILLE-SUR-MEUSE,0.1761,,1,na
88473,TIGNECOURT,0.1836,,1,na
52047,BEURVILLE,0.1626,,1,na
55468,SAMOGNEUX,0.1758,,1,na
55022,AVIOTH,0.1957,,1,na
68190,LUCELLE,0.1678,,1,na
2A266,SALICE,0.5487,,1,na
88248,ISCHES,0.1294,,1,na
57036,ATTILLONCOURT,0.1294,,1,na
88450,SENAIDE,0.1294,,1,na
08143,DOUMELY-BEGNY,0.1294,,1,na
04237,VERNET (LE),0.1959,,1,na
57490,MOYENVIC,0.1124,,1,na
52037,BANNES,0.1669,,1,na
57399,LEZEY,0.111,,1,na
10029,BALNOT-SUR-LAIGNES,0.1586,,1,na
52397,POISEUL,0.1668,,1,na
57077,BEZANGE-LA-PETITE,0.1449,,1,na
78231,FAVRIEUX,0.1242,,1,na
67424,SAINT-BLAISE-LA-ROCHE,0.5767,,1,na
54049,BASLIEUX,0.1577,,1,na
68030,BERGHOLTZZELL,0.2,,1,na
68370,WILDENSTEIN,0.6724,,1,na
57473,MONCOURT,0.1124,,1,na
63184,LACHAUX,0.3938,,1,na
67470,SOLBACH,0.7743,,1,na
88152,DOMPIERRE,0.7454,,1,na
67091,DIEDENDORF,0.7067,,1,na
11260,MOUTHOUMET,0.1658,,1,na
52534,VILLIERS-EN-LIEU,0.1696,,1,na
66051,CLARA-VILLERACH,0.6056,,1,na
63313,SAINT-ALYRE-ES-MONTAGNE,0.5987,,1,na
67468,SILTZHEIM,0.1814,,1,na
11409,VIGNEVIEILLE,0.1612,,1,na
78410,MOISSON,0.1326,,1,na
88502,VERVEZELLE,0.4741,,1,na
42242,SAINT-JOSEPH,0.7946,,1,na
67088,DEHLINGEN,0.1531,,1,na
77266,MACHAULT,0.1552,,1,na
09274,SAINT-QUENTIN-LA-TOUR,0.4341,,1,na
77340,NONVILLE,0.1582,,1,na
88222,GUGNECOURT,0.7333,,1,na
52217,GERMAINVILLIERS,0.1208,,1,na
55007,AMBLY-SUR-MEUSE,0.1715,,1,na
57126,CHAMBREY,0.1294,,1,na
55449,RUPT-EN-WOEVRE,0.1959,,1,na
52085,BUXIERES-LES-CLEFMONT,0.1599,,1,na
55506,THILLOMBOIS,0.1926,,1,na
48058,FAGE-MONTIVERNOUX (LA),0.453,,1,na
66158,RASIGUERES,0.1685,,1,na
52195,FARINCOURT,0.5901,,1,na
10329,ROUILLY-SAINT-LOUP,0.1759,,1,na
31509,SAINT-PE-D'ARDET,0.1922,,1,na
52503,VALLEROY,0.1957,,1,na
31306,LOURDE,0.1792,,1,na
52428,ROCHEFORT-SUR-LA-COTE,0.1491,,1,na
52213,GENEVRIERES,0.7097,,1,na
12282,TOURNEMIRE,0.1821,,1,na
01117,CONZIEU,0.1894,,1,na
31405,ORE,0.1645,,1,na
48008,ARZENC-DE-RANDON,0.4159,,1,na
48048,CHEYLARD-L'EVEQUE,0.4432,,1,na
08317,NEUVILLE-A-MAIRE (LA),0.1872,,1,na
52464,SAULLES,0.1715,,1,na
02160,CHAOURSE,0.1852,,1,na
10372,SOULAINES-DHUYS,0.1733,,1,na
01302,POLLIEU,0.1539,,1,na
52228,GRANDCHAMP,0.5889,,1,na
54420,PETIT-FAILLY,0.175,,1,na
08020,PETITES-ARMOISES (LES),0.1609,,1,na
10377,THIL,0.1763,,1,na
42122,LEZIGNEUX,0.7162,,1,na
54476,SAINT-JEAN-LES-LONGUYON,0.1792,,1,na
2A100,CRISTINACCE,0.4851,,1,na
54576,VILLERS-LE-ROND,0.1792,,1,na
85013,BAZOGES-EN-PAILLERS,0.3426,,1,na
65206,GOUDON,0.1899,,1,na
88117,COURCELLES-SOUS-CHATENOIS,0.1807,,1,na
78194,DANNEMARIE,0.1431,,1,na
51206,DAMPIERRE-LE-CHATEAU,0.1701,,1,na
77342,OBSONVILLE,0.1735,,1,na
63158,FAYET-RONAYE,0.517,,1,na
51015,ARGERS,0.1387,,1,na
80307,FEUILLERES,0.1522,,1,na
85152,ACHARDS (LES),0.4444,,1,na
10263,NEUVILLE-SUR-VANNE,0.1696,,1,na
10205,LONGPRE-LE-SEC,0.1696,,1,na
48171,SAINT-MARTIN-DE-LANSUSCLE,0.4504,,1,na
67003,ALBE,0.8002,,1,na
31030,AUSSEING,0.2391,,1,na
80726,SANCOURT,0.1294,,1,na
60326,JONQUIERES,0.1637,,1,na
80314,FLERS,0.1531,,1,na
68104,GEISWASSER,0.1706,,1,na
02604,PITHON,0.1294,,1,na
10066,BUCEY-EN-OTHE,0.1605,,1,na
55201,FROMEZEY,0.1902,,1,na
10069,BUXIERES-SUR-ARCE,0.1605,,1,na
31314,MANCIOUX,0.2,,1,na
57289,HAMBACH,0.1845,,1,na
25106,CADEMENE,0.1634,,1,na
10342,SAINT-JEAN-DE-BONNEVAL,0.1698,,1,na
55192,FONTAINES-SAINT-CLAIR,0.1884,,1,na
10425,VILLERY,0.1614,,1,na
55292,LINY-DEVANT-DUN,0.1733,,1,na
52198,FAYS,0.1528,,1,na
08306,MONT-LAURENT,0.1311,,1,na
08010,AMBLY-FLEURY,0.13,,1,na
66081,FONTRABIOUSE,0.4565,,1,na
52542,VIVEY,0.1752,,1,na
88271,LIGNEVILLE,0.1476,,1,na
57561,RAHLING,0.1586,,1,na
10177,JAVERNANT,0.1623,,1,na
51259,FRANCHEVILLE,0.1778,,1,na
48153,SAINT-GAL,0.4748,,1,na
55345,MONT-DEVANT-SASSEY,0.1796,,1,na
51301,ISSE,0.1797,,1,na
68259,RAEDERSDORF,0.1788,,1,na
42310,THELIS-LA-COMBE,0.7776,,1,na
66047,CAUDIES-DE-CONFLENT,0.6004,,1,na
55365,MURVAUX,0.1715,,1,na
68165,KIFFIS,0.1586,,1,na
01174,GIRON,0.2374,,1,na
81321,VINTROU (LE),0.4745,,1,na
68373,WINKEL,0.1788,,1,na
55078,BRIEULLES-SUR-MEUSE,0.1752,,1,na
55473,SAULX-LES-CHAMPLON,0.1818,,1,na
08140,DOM-LE-MESNIL,0.1645,,1,na
57374,LAFRIMBOLLE,0.8185,,1,na
51465,ROMERY,0.1689,,1,na
51130,CHARMONT,0.144,,1,na
68183,LIEBENSWILLER,0.1807,,1,na
51039,BASSU,0.1743,,1,na
10011,ARRENTIERES,0.1696,,1,na
54164,DOMMARIE-EULMONT,0.1961,,1,na
10102,COLOMBE-LA-FOSSE,0.1733,,1,na
51094,BRUSSON,0.1559,,1,na
10378,THORS,0.1788,,1,na
54003,ABONCOURT,0.168,,1,na
09202,MONTEGUT-PLANTAUREL,0.1663,,1,na
02735,TANNIERES,0.1504,,1,na
04162,REVEST-DES-BROUSSES,0.1328,,1,na
09127,GABRE,0.1569,,1,na
57675,TORCHEVILLE,0.1294,,1,na
63441,VALCIVIERES,0.364,,1,na
52489,THOL-LES-MILLIERES,0.164,,1,na
52291,LONGCHAMP,0.1586,,1,na
52285,LEUCHEY,0.1554,,1,na
48136,SAINT-ANDRE-DE-LANCIZE,0.5193,,1,na
48001,ALBARET-LE-COMTAL,0.4495,,1,na
34030,BERLOU,0.5404,,1,na
65455,TUZAGUET,0.634,,1,na
02120,BRENELLE,0.1287,,1,na
09297,SOR,0.871,,1,na
65478,VISCOS,0.8279,,1,na
52183,ECOT-LA-COMBE,0.1942,,1,na
52354,NOIDANT-CHATENOY,0.1644,,1,na
48169,SAINT-LEGER-DU-MALZIEU,0.4117,,1,na
55530,VALBOIS,0.1734,,1,na
11183,LADERN-SUR-LAUQUET,0.1782,,1,na
09092,CAZENAVE-SERRES-ET-ALLENS,0.6425,,1,na
65061,BARBACHEN,0.4872,,1,na
09136,GOURBIT,0.5077,,1,na
10281,PAVILLON-SAINTE-JULIE (LE),0.1864,,1,na
09133,GENAT,0.5016,,1,na
52097,CHAMBRONCOURT,0.1741,,1,na
57721,VILSBERG,0.5957,,1,na
55536,VAUQUOIS,0.3509,,1,na
08083,BREVILLY,0.1616,,1,na
52131,CIRFONTAINES-EN-ORNOIS,0.137,,1,na
88069,BOUXIERES-AUX-BOIS,0.1477,,1,na
10269,NOZAY,0.1627,,1,na
34040,BRENAS,0.1266,,1,na
48185,SALELLES (LES),0.1832,,1,na
08052,BAYONVILLE,0.1638,,1,na
34045,CABRIERES,0.1464,,1,na
10348,SAINT-LUPIEN,0.1525,,1,na
04067,CUREL,0.5264,,1,na
48158,SAINT-HILAIRE-DE-LAVIT,0.4564,,1,na
80627,PLACHY-BUYON,0.1605,,1,na
31236,HERRAN,0.2801,,1,na
48021,BASTIDE-PUYLAURENT (LA),0.4188,,1,na
55549,VERY,0.1437,,1,na
08274,MARCQ,0.1513,,1,na
08120,CHEVIERES,0.1348,,1,na
34197,PERET,0.1265,,1,na
55113,CHEPPY,0.155,,1,na
03244,SAINT-MARCEL-EN-MARCILLAT,0.5006,,1,na
48063,FONTANS,0.4957,,1,na
51542,SOIZY-AUX-BOIS,0.1709,,1,na
48173,SAINT-MICHEL-DE-DEZE,0.4417,,1,na
66139,PEZILLA-DE-CONFLENT,0.1546,,1,na
51037,BASLIEUX-LES-FISMES,0.1294,,1,na
65202,GEZ,0.5492,,1,na
31296,LESTELLE-DE-SAINT-MARTORY,0.5376,,1,na
88449,SAVIGNY,0.1678,,1,na
54306,LAY-SAINT-REMY,0.1717,,1,na
52467,SAVIGNY,0.1928,,1,na
51283,HANS,0.1722,,1,na
85286,TAILLEE (LA),0.4088,,1,na
08305,MONTIGNY-SUR-VENCE,0.1713,,1,na
51253,FLORENT-EN-ARGONNE,0.1732,,1,na
57301,HASPELSCHIEDT,0.8338,,1,na
55571,VILOSNES-HARAUMONT,0.1813,,1,na
55095,CESSE,0.1678,,1,na
66090,JUJOLS,0.8739,,1,na
55310,LUZY-SAINT-MARTIN,0.1704,,1,na
54354,MARTHEMONT,0.1971,,1,na
51142,CHAVOT-COURCOURT,0.1711,,1,na
51062,BINARVILLE,0.3847,,1,na
48198,VILLEFORT,0.4069,,1,na
55124,CONSENVOYE,0.1696,,1,na
48053,CUBIERES,0.4497,,1,na
66206,TECH (LE),0.2418,,1,na
77521,VILLIERS-SUR-MORIN,0.1689,,1,na
48054,CUBIERETTES,0.4031,,1,na
55377,NEPVANT,0.1947,,1,na
55048,BETHINCOURT,0.1696,,1,na
60056,BEAUREPAIRE,0.1588,,1,na
51191,COURTEMONT,0.1324,,1,na
65458,UZ,0.8551,,1,na
08160,EVIGNY,0.1738,,1,na
09296,AULOS-SINSAT,0.178,,1,na
10432,VILLIERS-SOUS-PRASLIN,0.1484,,1,na
55023,AVOCOURT,0.1559,,1,na
11249,MONTJARDIN,0.1787,,1,na
68184,LIEBSDORF,0.1733,,1,na
55355,MONTZEVILLE,0.1502,,1,na
09045,BEDEILHAC-ET-AYNAT,0.4145,,1,na
68181,LEVONCOURT,0.1687,,1,na
85160,NESMY,0.4352,,1,na
02478,MERLIEUX-ET-FOUQUEROLLES,0.1839,,1,na
01411,SOUCLIN,0.1955,,1,na
65081,BENQUE-MOLERE,0.2297,,1,na
52223,GILLEY,0.1942,,1,na
66197,SOUANYAS,0.6668,,1,na
48157,SAINTE-HELENE,0.1777,,1,na
10208,LOUPTIERE-THENARD (LA),0.1825,,1,na
88401,ROUVRES-LA-CHETIVE,0.1708,,1,na
01242,MERIGNAT,0.1814,,1,na
88265,LEMMECOURT,0.1869,,1,na
48003,ALLENC,0.1842,,1,na
63104,CHAULME (LA),0.4545,,1,na
68209,MITTELWIHR,0.1197,,1,na
51319,LENHARREE,0.1631,,1,na
65283,LOUDERVIELLE,0.8724,,1,na
68210,MITTLACH,0.4562,,1,na
52362,ORBIGNY-AU-MONT,0.154,,1,na
51340,MAISONS-EN-CHAMPAGNE,0.1869,,1,na
67126,ERCKARTSWILLER,0.6868,,1,na
34195,PEGAIROLLES-DE-BUEGES,0.1877,,1,na
48111,PELOUSE,0.4217,,1,na
55188,FLASSIGNY,0.1908,,1,na
88195,GENDREVILLE,0.1723,,1,na
67521,WEINBOURG,0.485,,1,na
26015,AUBENASSON,0.1988,,1,na
26090,CHAUDIERE (LA),0.1748,,1,na
63086,CHAPELLE-AGNON (LA),0.3968,,1,na
26186,MISCON,0.1711,,1,na
08162,FAGNON,0.1716,,1,na
51038,BASLIEUX-SOUS-CHATILLON,0.1287,,1,na
26361,VALDROME,0.1961,,1,na
85254,SAINT-MESMIN,0.4678,,1,na
11235,MISSEGRE,0.8961,,1,na
77218,GRISY-SUR-SEINE,0.143,,1,na
08058,BELVAL,0.1784,,1,na
69189,SAINTE-COLOMBE,0.1742,,1,na
26309,SAINT-JULIEN-EN-VERCORS,0.1932,,1,na
08216,HAUDRECY,0.1784,,1,na
88293,MAXEY-SUR-MEUSE,0.1724,,1,na
60549,ROTANGY,0.1522,,1,na
08206,HAM-LES-MOINES,0.1788,,1,na
88305,MONCEL-SUR-VAIR,0.1675,,1,na
2A310,SANTA-MARIA-FIGANIELLA,0.8945,,1,na
77052,BREAU,0.1641,,1,na
55520,TROUSSEY,0.1691,,1,na
11377,SERRES,0.1823,,1,na
55263,KOEUR-LA-GRANDE,0.1835,,1,na
26344,SOYANS,0.1294,,1,na
26336,SAOU,0.1855,,1,na
09212,MONTSERON,0.152,,1,na
09014,ARGEIN,0.727,,1,na
26351,TONILS (LES),0.1927,,1,na
57087,BISTEN-EN-LORRAINE,0.1357,,1,na
09071,CADARCET,0.4612,,1,na
09018,ARROUT,0.1922,,1,na
26222,ORCINAS,0.1953,,1,na
77200,GARENTREVILLE,0.1714,,1,na
88168,FAUCONCOURT,0.1294,,1,na
88318,MOYEMONT,0.4562,,1,na
01210,LELEX,0.1957,,1,na
88338,ORTONCOURT,0.1593,,1,na
26018,AULAN,0.1674,,1,na
80319,FLUY,0.1582,,1,na
88291,MARTINVELLE,0.132,,1,na
09025,AUCAZEIN,0.8876,,1,na
26263,REILHANETTE,0.1873,,1,na
09027,AUGIREIN,0.3693,,1,na
2A022,ARRO,0.8262,,1,na
10319,RIGNY-LE-FERRON,0.188,,1,na
65393,SAINT-PASTOUS,0.8121,,1,na
10396,VAUCHASSIS,0.1752,,1,na
88332,NORROY,0.1636,,1,na
26266,RIMON-ET-SAVEL,0.1938,,1,na
51501,SAINTE-MARIE-A-PY,0.1722,,1,na
48029,BORN (LE),0.404,,1,na
10266,NOGENT-EN-OTHE,0.1825,,1,na
10417,VILLEMOIRON-EN-OTHE,0.1752,,1,na
01051,BOLOZON,0.1832,,1,na
03077,CHIRAT-L'EGLISE,0.6831,,1,na
51031,BACONNES,0.182,,1,na
68142,HOHROD,0.7406,,1,na
26352,TOUCHE (LA),0.1618,,1,na
65343,OSSEN,0.1942,,1,na
51320,LEUVRIGNY,0.1558,,1,na
08464,VAUX-LES-MOURON,0.1935,,1,na
65334,OMEX,0.1986,,1,na
48100,MONTBEL,0.4284,,1,na
57402,LIEDERSCHIEDT,0.7564,,1,na
51396,NESLE-LE-REPONS,0.1291,,1,na
48151,SAINT-FREZAL-D'ALBUGES,0.3976,,1,na
54379,MONT-L'ETROIT,0.1495,,1,na
65411,SASSIS,0.2,,1,na
51278,GRANDES-LOGES (LES),0.1809,,1,na
08109,CHATEL-CHEHERY,0.1503,,1,na
51298,IGNY-COMBLIZY,0.1591,,1,na
42115,JONZIEUX,0.7459,,1,na
07094,GILHAC-ET-BRUZAC,0.1854,,1,tds
26375,VILLEFRANCHE-LE-CHATEAU,0.1871,,1,na
51318,LAVANNES,0.1788,,1,na
11123,DUILHAC-SOUS-PEYREPERTUSE,0.1892,,1,na
48149,SAINTE-EULALIE,0.4127,,1,na
04118,MELVE,0.1294,,1,na
51439,POMACLE,0.1703,,1,na
55276,LANDRECOURT-LEMPIRE,0.1684,,1,na
51215,DOMPREMY,0.1692,,1,na
55297,LISSEY,0.1847,,1,na
11113,CUCUGNAN,0.1294,,1,na
01107,CLEYZIEU,0.1957,,1,na
48155,SAINT-GERMAIN-DE-CALBERTE,0.471,,1,na
77523,VILLUIS,0.1779,,1,na
55428,REVILLE-AUX-BOIS,0.1906,,1,na
31524,SALLES-ET-PRATVIEL,0.1957,,1,na
77143,CREGY-LES-MEAUX,0.1571,,1,na
11270,PADERN,0.1686,,1,na
2A028,BALOGNA,0.5105,,1,na
60661,VAUMOISE,0.1357,,1,na
52227,GRAFFIGNY-CHEMIN,0.1496,,1,na
01035,BELLEYDOUX,0.264,,1,na
55183,ETRAYE,0.1641,,1,na
51417,ORCONTE,0.1838,,1,na
80035,AUBERCOURT,0.1294,,1,na
11241,MONTBRUN-DES-CORBIERES,0.1599,,1,na
63468,VOLLORE-MONTAGNE,0.3851,,1,na
51522,SAPIGNICOURT,0.1864,,1,na
12025,BELMONT-SUR-RANCE,0.2972,,1,na
26372,VERS-SUR-MEOUGE,0.1957,,1,na
31313,MALVEZIE,0.1971,,1,na
81309,VAOUR,0.1484,,1,na
88303,MIDREVAUX,0.1814,,1,na
52482,SOULAUCOURT-SUR-MOUZON,0.1569,,1,na
51466,ROMIGNY,0.1272,,1,na
88344,PARGNY-SOUS-MUREAU,0.157,,1,na
31200,FRONTIGNAN-DE-COMMINGES,0.1916,,1,na
31064,BENQUE-DESSOUS-ET-DESSUS,0.6076,,1,na
52476,SOMMERECOURT,0.1533,,1,na
68161,KATZENTHAL,0.1433,,1,na
55556,VILLE-DEVANT-CHAUMONT,0.1939,,1,na
08460,TREMBLOIS-LES-ROCROI,0.176,,1,na
51173,CORMOYEUX,0.1505,,1,na
88074,BRECHAINVILLE,0.1792,,1,na
11386,TALAIRAN,0.1315,,1,na
51291,HERMONVILLE,0.166,,1,na
51329,LOIVRE,0.1641,,1,na
55503,TAILLANCOURT,0.1888,,1,na
66076,FEILLUNS,0.4072,,1,na
04210,SOLEILHAS,0.198,,1,na
85211,SAINTE-FLAIVE-DES-LOUPS,0.3291,,1,na
48067,GABRIAC,0.465,,1,na
69111,LEGNY,0.173,,1,na
08393,SAINT-PIERRE-A-ARNES,0.1866,,1,na
02644,RETHEUIL,0.1283,,1,na
52344,MOUILLERON,0.1763,,1,na
48148,SAINT-ETIENNE-VALLEE-FRANCAISE,0.4715,,1,na
02734,TAILLEFONTAINE,0.1265,,1,na
04203,SELONNET,0.1622,,1,na
52499,VAILLANT,0.1657,,1,na
2A254,QUENZA,0.6755,,1,na
52027,AUJEURRES,0.173,,1,na
04059,CLUMANC,0.1961,,1,na
08250,LEFFINCOURT,0.2277,,1,na
55410,QUINCY-LANDZECOURT,0.1611,,1,na
60546,ROSIERES,0.1428,,1,na
52035,BAISSEY,0.1684,,1,na
2A228,PIETROSELLA,0.755,,1,na
10291,PLESSIS-BARBUISE,0.1264,,1,na
08273,MARBY,0.1483,,1,na
10250,MONTIER-EN-L'ISLE,0.1605,,1,na
55034,BAZEILLES-SUR-OTHAIN,0.1678,,1,na
04206,SIGONCE,0.1434,,1,na
63323,SAINT-BONNET-LE-BOURG,0.4916,,1,na
63324,SAINT-BONNET-LE-CHASTEL,0.4949,,1,na
55404,PIERREFITTE-SUR-AIRE,0.1641,,1,na
26050,BESIGNAN,0.1781,,1,na
60273,GIRAUMONT,0.1421,,1,na
26306,SAINTE-JALLE,0.1974,,1,na
02417,LEMPIRE,0.1415,,1,na
55408,POUILLY-SUR-MEUSE,0.1788,,1,na
60070,BIENVILLE,0.1386,,1,na
52055,BLECOURT,0.1559,,1,na
52201,FLAMMERECOURT,0.1568,,1,na
57257,GREMECEY,0.1339,,1,na
66001,ALBERE (L'),0.5151,,1,na
55391,OLIZY-SUR-CHIERS,0.1917,,1,na
52109,CHARMES-EN-L'ANGLE,0.1554,,1,na
11363,SAINT-PIERRE-DES-CHAMPS,0.1742,,1,na
55275,LAMOUILLY,0.1641,,1,na
60283,GOUY-LES-GROSEILLERS,0.166,,1,na
54550,VATHIMENIL,0.123,,1,na
11083,CAUNETTES-EN-VAL,0.1581,,1,na
2A232,PILA-CANALE,0.7316,,1,na
65400,SALLES,0.1957,,1,na
31235,GURAN,0.2451,,1,na
26204,MONTLAUR-EN-DIOIS,0.1804,,1,na
48117,POURCHARESSES,0.4401,,1,na
31337,MELLES,0.5489,,1,na
03141,LAVOINE,0.3692,,1,na
55414,RANCOURT-SUR-ORNAIN,0.1605,,1,na
34205,PLANS (LES),0.1923,,1,na
48119,PREVENCHERES,0.4366,,1,na
52399,PONT-LA-VILLE,0.1737,,1,na
2A006,ALATA,0.9529,,1,na
80174,CARDONNOIS (LE),0.166,,1,na
52474,SILVAROUVRES,0.1719,,1,na
80337,FOUENCAMPS,0.1623,,1,na
2A358,ZEVACO,0.7727,,1,na
77201,GASTINS,0.1743,,1,na
65371,PRECHAC,0.571,,1,na
31010,ANTIGNAC,0.7108,,1,na
68340,UEBERSTRASS,0.1816,,1,na
26276,ROCHE-SAINT-SECRET-BECONNE,0.1974,,1,na
2A119,FRASSETO,0.7236,,1,na
2A056,CAMPO,0.7157,,1,na
55407,PONT-SUR-MEUSE,0.1623,,1,na
52278,LAVILLENEUVE-AU-ROI,0.1636,,1,na
2A060,CANNELLE,0.691,,1,na
2A326,TOLLA,0.5621,,1,na
52221,GILLANCOURT,0.1568,,1,na
26142,GLANDAGE,0.1942,,1,na
09171,LORDAT,0.3449,,1,na
09053,BESTIAC,0.1957,,1,na
09087,CAUSSOU,0.4033,,1,na
52370,OSNE-LE-VAL,0.1733,,1,na
09063,BOSC (LE),0.5024,,1,na
80514,MARIEUX,0.1429,,1,na
12274,SYLVANES,0.4467,,1,na
09311,TIGNAC,0.5698,,1,na
57080,BICKENHOLTZ,0.6031,,1,na
57577,REYERSVILLER,0.8008,,1,na
09017,ARRIEN-EN-BETHMALE,0.5542,,1,na
63172,GRANDEYROLLES,0.5286,,1,na
57761,ZILLING,0.5592,,1,na
80252,DOUILLY,0.1311,,1,na
57064,BERLING,0.5804,,1,na
09055,BETHMALE,0.5103,,1,na
26246,PONET-ET-SAINT-AUBAN,0.1594,,1,na
57033,ARZVILLER,0.5631,,1,na
54095,BRATTE,0.1953,,1,na
80771,UGNY-L'EQUIPEE,0.1366,,1,na
01233,MARCHAMP,0.1729,,1,na
04115,MEAILLES,0.8146,,1,na
77129,COULOMBS-EN-VALOIS,0.1543,,1,na
11096,COMUS,0.3147,,1,na
31133,CAZEAUX-DE-LARBOUST,0.9356,,1,na
12212,SAINT-BEAULIZE,0.1858,,1,na
01279,ONCIEU,0.1886,,1,na
54510,SORNEVILLE,0.1568,,1,na
31213,GARIN,0.8613,,1,na
65238,LABASSERE,0.1956,,1,na
02705,SELVE (LA),0.1921,,1,na
66083,FOSSE,0.1836,,1,na
09011,ANTRAS,0.1881,,1,na
63159,FERNOEL,0.5685,,1,na
68229,MURBACH,0.404,,1,na
26308,SAINT-JULIEN-EN-QUINT,0.1971,,1,na
68073,DOLLEREN,0.537,,1,na
09156,LARNAT,0.6668,,1,na
34163,MONTARNAUD,0.156,,1,na
03076,CHEZY,0.2417,,1,na
11036,BELVIS,0.1972,,1,na
57158,CRAINCOURT,0.1294,,1,na
52547,VOUECOURT,0.18,,1,na
52230,GUDMONT-VILLIERS,0.1696,,1,na
65082,BERBERUST-LIAS,0.2,,1,na
55005,AMANTY,0.1708,,1,na
51578,TRECON,0.1778,,1,na
66203,TAULIS,0.1746,,1,na
52346,MUSSEY-SUR-MARNE,0.1641,,1,na
48087,PRINSUEJOLS-MALBOUZON,0.5241,,1,na
63060,BUSSIERES,0.181,,1,na
52028,AULNOY-SUR-AUBE,0.1934,,1,na
52212,FRONVILLE,0.1664,,1,na
51275,GLANNES,0.1741,,1,na
51295,HUIRON,0.1713,,1,na
52137,COLMIER-LE-BAS,0.1727,,1,na
48123,RECOULES-D'AUBRAC,0.6627,,1,na
65352,OUZOUS,0.254,,1,na
52138,COLMIER-LE-HAUT,0.1884,,1,na
51117,CHAMPIGNEUL-CHAMPAGNE,0.1676,,1,na
88278,MACONCOURT,0.1666,,1,na
48071,GRANDVALS,0.5117,,1,na
51509,SAINT-PIERRE,0.1842,,1,na
51322,LIGNON,0.1531,,1,na
55084,BROUSSEY-EN-BLOIS,0.1586,,1,na
52023,AUBERIVE,0.1733,,1,na
51566,THIBIE,0.1795,,1,na
80533,MERS-LES-BAINS,0.1605,,1,na
51551,SOMSOIS,0.166,,1,na
65203,GEZ-EZ-ANGLES,0.2,,1,na
55171,EIX,0.1898,,1,na
51146,CHENIERS,0.1949,,1,na
55361,MOULAINVILLE,0.1852,,1,na
51556,SOUDRON,0.1747,,1,na
52384,PERROGNEY-LES-FONTAINES,0.1833,,1,na
55067,BOVIOLLES,0.1715,,1,na
48037,CHADENET,0.4029,,1,na
55237,HAUDIOMONT,0.1939,,1,na
51084,BREBAN,0.533,,1,na
08444,TETAIGNE,0.1609,,1,na
26283,ROTTIER,0.1895,,1,na
66102,MANTET,0.5717,,1,na
65058,AZET,0.8493,,1,na
88314,MORIZECOURT,0.1462,,1,na
42239,SAINT-JEAN-SAINT-MAURICE-SUR-LOIRE,0.824,,1,na
09196,MONTAGAGNE,0.4489,,1,na
51547,SOMME-TOURBE,0.1754,,1,na
68035,BIEDERTHAL,0.1752,,1,na
55511,THONNELLE,0.169,,1,na
48097,MOISSAC-VALLEE-FRANCAISE,0.5776,,1,na
51572,TILLOY-ET-BELLAY,0.1849,,1,na
12195,REBOURGUIL,0.3098,,1,na
54034,AVRAINVILLE,0.128,,1,na
63087,CHAPELLE-MARCOUSSE (LA),0.6914,,1,na
52019,ARNANCOURT,0.1607,,1,na
51097,BUSSY-LE-CHATEAU,0.1836,,1,na
55077,BREUX,0.1898,,1,na
88220,GRIGNONCOURT,0.1421,,1,na
52413,RACHECOURT-SUZEMONT,0.1598,,1,na
77075,CHALIFERT,0.1638,,1,na
54529,TRAMONT-EMY,0.1733,,1,na
55547,VERNEUIL-PETIT,0.181,,1,na
26145,GRANGES-GONTARDES (LES),0.1597,,1,na
51652,VOUARCES,0.1882,,1,na
55546,VERNEUIL-GRAND,0.1458,,1,na
54530,TRAMONT-LASSUS,0.1957,,1,na
54190,FECOCOURT,0.1778,,1,na
11176,JONQUIERES,0.152,,1,na
51060,BIGNICOURT-SUR-SAULX,0.144,,1,na
26137,FRANCILLON-SUR-ROUBION,0.1936,,1,na
51635,VILLERS-LE-SEC,0.1669,,1,na
26020,REPARA-AURIPLES (LA),0.152,,1,na
26021,AUTICHAMP,0.1473,,1,na
68033,BETTENDORF,0.1531,,1,na
52394,POINSON-LES-FAYL,0.1862,,1,na
48130,ROUSSES,0.4066,,1,na
10048,BLIGNY,0.1586,,1,na
26370,VERCOIRAN,0.1894,,1,na
34238,SAINT-ANDRE-DE-BUEGES,0.1857,,1,na
10012,ARSONVAL,0.1678,,1,na
65469,VIEY,0.5178,,1,na
48108,PANOUSE (LA),0.4416,,1,na
10103,COLOMBE-LE-SEC,0.1678,,1,na
10366,SAULCY,0.1774,,1,na
10428,VILLE-SUR-TERRE,0.1972,,1,na
81109,JONQUIERES,0.6304,,1,na
42259,SAINT-MARTIN-LA-PLAINE,0.779,,1,na
07028,BEAULIEU,0.1949,,1,na
68083,ESCHBACH-AU-VAL,0.6558,,1,na
51052,BERRU,0.1583,,1,na
52347,NARCY,0.1648,,1,na
48083,LAUBIES (LES),0.447,,1,na
51393,NANTEUIL-LA-FORET,0.1294,,1,na
48045,CHAUDEYRAC,0.4409,,1,na
65379,RIS,0.7891,,1,na
07053,CHANDOLAS,0.1957,,1,na
48079,LAJO,0.4322,,1,na
11125,EMBRES-ET-CASTELMAURE,0.1845,,1,na
68312,SONDERSDORF,0.1897,,1,na
52486,TERNAT,0.1807,,1,na
48110,PAULHAC-EN-MARGERIDE,0.3911,,1,na
85106,GUERINIERE (LA),0.3152,,1,na
11305,QUINTILLAN,0.1785,,1,na
51447,PROSNES,0.1803,,1,na
68067,COURTAVON,0.1715,,1,na
10133,EAUX-PUISEAUX,0.1807,,1,na
10108,COURTAOULT,0.1678,,1,na
52395,POINSON-LES-GRANCEY,0.1883,,1,na
34105,FOUZILHON,0.1294,,1,na
48038,BEL-AIR-VAL-D'ANCE,0.4302,,1,na
51470,ROUVROY-RIPONT,0.1577,,1,na
66018,BASTIDE (LA),0.9333,,1,na
65262,LARREULE,0.4018,,1,na
63431,THIOLIERES,0.5062,,1,na
52519,VESVRES-SOUS-CHALANCEY,0.1498,,1,na
65013,ANSOST,0.464,,1,na
48174,SAINT-PAUL-LE-FROID,0.4062,,1,na
2A284,SOLLACARO,0.8239,,1,na
31242,JURVIELLE,0.3983,,1,na
52132,CLEFMONT,0.1623,,1,na
52385,PERRUSSE,0.1632,,1,na
57247,GERBECOURT,0.1284,,1,na
85285,TABLIER (LE),0.6074,,1,na
51553,SOUAIN-PERTHES-LES-HURLUS,0.1978,,1,na
77335,CHAUCONIN-NEUFMONTIERS,0.1654,,1,na
12147,MONTAGNOL,0.1964,,1,na
51014,ARCIS-LE-PONSART,0.1316,,1,na
01076,CHALEY,0.1934,,1,na
52472,SEXFONTAINES,0.1785,,1,na
10154,FONTENAY-DE-BOSSERY,0.1755,,1,na
48187,SALCES (LES),0.4028,,1,na
85185,PUYRAVAULT,0.3877,,1,na
85161,NIEUL-LE-DOLENT,0.372,,1,na
51370,MOIREMONT,0.1737,,1,na
08201,GRUYERES,0.1622,,1,na
02056,BEAUMONT-EN-BEINE,0.1294,,1,na
55579,WATRONVILLE,0.1935,,1,na
55105,CHATILLON-SOUS-LES-COTES,0.1825,,1,na
55002,ABAUCOURT-HAUTECOURT,0.188,,1,na
46199,MONTCABRIER,0.186,,1,na
10149,FEUGES,0.1935,,1,na
55329,MECRIN,0.1799,,1,na
08071,BLOMBAY,0.159,,1,na
09263,SAINT-JEAN-DU-CASTILLONNAIS,0.8453,,1,na
09090,CAZAUX,0.1935,,1,na
26376,VILLEPERDRIX,0.1957,,1,na
52420,REYNEL,0.1917,,1,na
01298,PLAGNE,0.1935,,1,na
80204,COMBLES,0.1531,,1,na
31067,BEZINS-GARRAUX,0.1986,,1,na
48044,CHAUCHAILLES,0.5413,,1,na
65064,BAREILLES,0.6584,,1,na
57752,WOUSTVILLER,0.1837,,1,na
48161,SAINT-JUERY,0.4445,,1,na
57499,NEUFGRANGE,0.1843,,1,na
34053,CARLENCAS-ET-LEVAS,0.1494,,1,na
52256,LAFAUCHE,0.1513,,1,na
57636,SCHMITTVILLER,0.1497,,1,na
31176,ESTENOS,0.8863,,1,na
77386,RECLOSES,0.1766,,1,na
52179,DOULEVANT-LE-PETIT,0.1623,,1,na
11389,TERROLES,0.2626,,1,na
02330,FRANCILLY-SELENCY,0.1294,,1,na
54225,GEZONCOURT,0.1737,,1,na
02382,HOLNON,0.1294,,1,na
54573,VILLERS-EN-HAYE,0.1715,,1,na
57407,LIXHEIM,0.5609,,1,na
66221,VALMANYA,0.8313,,1,na
52436,ROUECOURT,0.1623,,1,na
10004,ALLIBAUDIERES,0.181,,1,na
02658,ROUPY,0.1294,,1,na
85264,SAINT-PIERRE-DU-CHEMIN,0.5274,,1,na
48126,LACHAMP-RIBENNES,0.6588,,1,na
65349,OURDON,0.1986,,1,na
63367,SAINT-JEAN-SAINT-GERVAIS,0.5187,,1,na
51464,ROMAIN,0.128,,1,na
02142,CASTRES,0.132,,1,na
02214,CONTESCOURT,0.1311,,1,na
51083,BRAUX-SAINT-REMY,0.1586,,1,na
34137,LIAUSSON,0.1846,,1,na
52371,OUDINCOURT,0.1651,,1,na
52367,ORMOY-LES-SEXFONTAINES,0.1678,,1,na
51591,VANDEUIL,0.1294,,1,na
2A066,CARGIACA,0.5034,,1,na
52358,NOYERS,0.1556,,1,na
09016,ARNAVE,0.1928,,1,na
88055,BETTEGNEY-SAINT-BRICE,0.147,,1,na
55487,SEUZEY,0.1917,,1,na
10143,ETOURVY,0.169,,1,na
55279,LANEUVILLE-SUR-MEUSE,0.1658,,1,na
09064,BOUAN,0.1696,,1,na
51059,BIGNICOURT-SUR-MARNE,0.1821,,1,na
55250,INOR,0.1918,,1,na
52297,LUZY-SUR-MARNE,0.1812,,1,na
55323,MARTINCOURT-SUR-MEUSE,0.1995,,1,na
10411,VILLE-AUX-BOIS,0.1421,,1,na
31505,SAINT-MICHEL,0.1602,,1,na
11155,FOURTOU,0.1958,,1,na
51051,BERMERICOURT,0.1683,,1,na
04023,BAYONS,0.1917,,1,na
51088,BRIMONT,0.1646,,1,na
26373,VESC,0.1945,,1,na
10301,POUY-SUR-VANNES,0.1778,,1,na
09249,ROQUEFIXADE,0.4108,,1,na
11347,SAINT-JULIA-DE-BEC,0.1891,,1,na
09316,TROYE-D'ARIEGE,0.4117,,1,na
52360,OCCEY,0.1669,,1,na
11137,FELINES-TERMENES,0.1682,,1,na
52185,ENFONVELLE,0.1579,,1,na
48167,SAINT-LAURENT-DE-VEYRES,0.4442,,1,na
26141,GIGORS-ET-LOZERON,0.1648,,1,na
09294,SIEURAS,0.1901,,1,na
01234,MARIGNIEU,0.1812,,1,na
11245,MONTGAILLARD,0.1656,,1,na
26128,EYGLUY-ESCOULIN,0.1658,,1,na
65278,LOMNE,0.1993,,1,na
31431,PORTET-D'ASPET,0.427,,1,na
31190,FOS,0.9261,,1,na
34283,SAINT-PIERRE-DE-LA-FAGE,0.1588,,1,na
65207,GOURGUE,0.2385,,1,na
10365,SALON,0.1884,,1,na
26192,MONTBRISON-SUR-LEZ,0.192,,1,na
51184,COURDEMANGES,0.157,,1,na
55508,THONNE-LA-LONG,0.1949,,1,na
03234,SAINT-GERAND-DE-VAUX,0.1736,,1,na
65447,TOURNAY,0.2361,,1,na
55544,VELOSNES,0.1703,,1,na
09001,AIGUES-JUNTES,0.6484,,1,na
54229,GLONVILLE,0.1779,,1,na
11117,DAVEJEAN,0.1657,,1,na
09031,AXIAT,0.3433,,1,na
68358,WASSERBOURG,0.6273,,1,na
51595,VATRY,0.1727,,1,na
08415,SERY,0.1294,,1,na
54251,HARBOUEY,0.6275,,1,na
30137,LAMELOUZE,0.4189,,1,na
51212,DOMMARTIN-LETTREE,0.1814,,1,na
51589,VANAULT-LE-CHATEL,0.1761,,1,na
26364,VASSIEUX-EN-VERCORS,0.1964,,1,na
54246,HALLOVILLE,0.6621,,1,na
51555,SOUDE,0.1753,,1,na
51098,BUSSY-LE-REPOS,0.1726,,1,na
26025,BARNAVE,0.1845,,1,na
11019,AUNAT,0.182,,1,na
55444,ROUVROIS-SUR-MEUSE,0.2,,1,na
67552,WOLFSKIRCHEN,0.6743,,1,na
51285,HAUSSIMONT,0.1723,,1,na
78324,JOUY-MAUVOISIN,0.1254,,1,na
26167,LUC-EN-DIOIS,0.1788,,1,na
30296,SAINT-ROMAN-DE-CODIERES,0.1917,,1,na
26349,TERSANNE,0.1875,,1,na
52311,MARCILLY-EN-BASSIGNY,0.1697,,1,na
26036,BEAUMONT-EN-DIOIS,0.1733,,1,na
26164,LESCHES-EN-DIOIS,0.1599,,1,na
34317,VACQUERIE-ET-SAINT-MARTIN-DE-CASTRIES (LA),0.1748,,1,na
26073,CHANTEMERLE-LES-GRIGNAN,0.1715,,1,na
48128,RIMEIZE,0.482,,1,na
66128,OREILLA,0.7595,,1,na
63162,FOURNOLS,0.4405,,1,na
2A360,ZIGLIARA,0.5325,,1,na
31434,POUBEAU,0.3963,,1,na
78444,NEAUPHLETTE,0.1267,,1,na
48046,CHAULHAC,0.7212,,1,na
31508,SAINT-PAUL-D'OUEIL,0.8083,,1,na
66184,SAINT-MARTIN-DE-FENOUILLET,0.1858,,1,na
26190,MONTAULIEU,0.194,,1,na
31335,MAYREGNE,0.7093,,1,na
65413,SAZOS,0.802,,1,na
66157,RAILLEU,0.8826,,1,na
31127,CAUBOUS,0.753,,1,na
2A117,FORCIOLO,0.8047,,1,na
78417,MONTCHAUVET,0.1645,,1,na
48077,JULIANGES,0.4544,,1,na
26244,POET-SIGILLAT (LE),0.1988,,1,na
66159,REAL,0.8587,,1,na
55257,JOUY-EN-ARGONNE,0.1568,,1,na
48112,PIERREFICHE,0.494,,1,na
51080,BRANDONVILLERS,0.1656,,1,na
54220,GEMONVILLE,0.1715,,1,na
63433,TORTEBESSE,0.4469,,1,na
77356,PASSY-SUR-SEINE,0.1847,,1,na
55180,ESNES-EN-ARGONNE,0.1568,,1,na
52541,VITRY-LES-NOGENT,0.1586,,1,na
51463,RIVIERES-HENRUEL (LES),0.1591,,1,na
01280,ORDONNAZ,0.1942,,1,na
51473,SAINT-BON,0.1611,,1,na
51296,HUMBAUVILLE,0.1742,,1,na
52295,LOUVIERES,0.1853,,1,na
65384,SAILHAN,0.2113,,1,na
52406,PRESSIGNY,0.1873,,1,na
2A024,AULLENE,0.799,,1,na
55349,MONTIGNY-DEVANT-SASSEY,0.1797,,1,na
48115,POMPIDOU (LE),0.3091,,1,na
2A357,ZERUBIA,0.8976,,1,na
55293,LION-DEVANT-DUN,0.1898,,1,na
2A278,SERRA-DI-SCOPAMENE,0.7367,,1,na
77087,CHAPELLE-IGER (LA),0.1513,,1,na
51557,SOULANGES,0.1748,,1,na
48144,SAINTE-CROIX-VALLEE-FRANCAISE,0.4601,,1,na
2A285,SORBOLLANO,0.7832,,1,na
08411,SEMUY,0.1504,,1,na
34306,SOUMONT,0.1294,,1,na
04037,CAIRE (LE),0.1781,,1,na
51167,COOLE,0.1762,,1,na
34286,SAINT-PRIVAT,0.1799,,1,na
2A018,ARBELLARA,0.8154,,1,na
2A118,FOZZANO,0.6307,,1,na
08387,SAINT-LOUP-TERRIER,0.155,,1,na
68361,WEGSCHEID,0.8377,,1,na
12069,COMBRET,0.311,,1,na
55247,HORVILLE-EN-ORNOIS,0.1599,,1,na
65431,SOST,0.6965,,1,na
63331,SAINT-CLEMENT-DE-VALORGUE,0.5144,,1,na
34104,FOS,0.1491,,1,na
02569,OISY,0.1408,,1,na
63394,SAINT-ROMAIN,0.4221,,1,na
12192,MOUNES-PROHENCOUX,0.2339,,1,na
55474,SAUVIGNY,0.1641,,1,na
52160,DAILLANCOURT,0.1572,,1,na
2A064,CARDO-TORGIA,0.7948,,1,na
55153,DIEPPE-SOUS-DOUAUMONT,0.1976,,1,na
51126,CHAPELLE-FELCOURT (LA),0.1652,,1,na
12152,MONTFRANC,0.4875,,1,na
52326,MIRBEL,0.1568,,1,na
51211,DOMMARTIN-DAMPIERRE,0.1497,,1,na
81058,CARBES,0.6271,,1,na
51415,OMEY,0.1911,,1,na
51354,MARSON,0.1827,,1,na
52549,VRONCOURT-LA-COTE,0.169,,1,na
55301,LONGCHAMPS-SUR-AIRE,0.166,,1,na
85008,AUBIGNY-LES CLOUZEAUX,0.3436,,1,na
55157,DOMMARTIN-LA-MONTAGNE,0.1826,,1,na
52455,SAINT-THIEBAULT,0.184,,1,na
52315,MARNAY-SUR-MARNE,0.1586,,1,na
55465,SAINT-REMY-LA-CALONNE,0.1788,,1,na
04175,SAINTE-CROIX-A-LAUZE,0.1561,,1,na
26080,CHASTEL-ARNAUD,0.1976,,1,na
08230,HOULDIZY,0.1718,,1,na
26122,ESPENEL,0.1826,,1,na
55416,RARECOURT,0.1605,,1,na
63230,MONESTIER (LE),0.4644,,1,na
52095,CHALVRAINES,0.1627,,1,na
55199,FROIDOS,0.1537,,1,na
34316,USCLAS-DU-BOSC,0.1376,,1,na
51317,LAVAL-SUR-TOURBE,0.1812,,1,na
2A196,ORTO,0.6128,,1,na
02522,MONT-SAINT-JEAN,0.1472,,1,na
65023,ARDENGOST,0.8903,,1,na
80237,DEMUIN,0.1294,,1,na
30246,SAINTE-CROIX-DE-CADERLE,0.196,,1,na
69173,SARCEY,0.1608,,1,na
55083,BROUENNES,0.1826,,1,na
04169,ROCHEGIRON (LA),0.199,,1,na
48082,LAUBERT,0.4237,,1,na
65209,GREZIAN,0.2557,,1,na
55510,THONNE-LES-PRES,0.1914,,1,na
26329,SAINT-SAUVEUR-GOUVERNET,0.178,,1,na
65124,CAMPARAN,0.2,,1,na
2A359,ZICAVO,0.6655,,1,na
88003,AINGEVILLE,0.1824,,1,na
2A099,COZZANO,0.4969,,1,na
2A200,PALNECA,0.5479,,1,na
26046,BELLECOMBE-TARENDOL,0.2,,1,na
65180,FRECHET-AURE,0.7998,,1,na
2A089,CIAMANNACCE,0.5543,,1,na
34282,SAINT-PAUL-ET-VALMALLE,0.1578,,1,na
55252,IRE-LE-SEC,0.191,,1,na
88443,SARTES,0.1788,,1,na
09298,SORGEAT,0.346,,1,na
25464,PONTETS (LES),0.1942,,1,na
09197,MONTAILLOU,0.8088,,1,na
48177,SAINT-PIERRE-LE-VIEUX,0.501,,1,na
52350,NEUVELLE-LES-VOISEY,0.1294,,1,na
48131,ROZIER (LE),0.1569,,1,na
25142,CHAUX-NEUVE,0.1838,,1,na
02183,CHEVREGNY,0.1891,,1,na
09222,ORUS,0.727,,1,na
63259,OLLOIX,0.5292,,1,na
65046,AULON,0.8881,,1,na
26236,PIERRELONGUE,0.1753,,1,na
26302,SAINTE-EULALIE-EN-ROYANS,0.1966,,1,na
34049,CAMPLONG,0.5579,,1,na
09162,LERCOUL,0.653,,1,na
51336,MAFFRECOURT,0.1421,,1,na
63407,SAULZET-LE-FROID,0.5669,,1,na
66091,LAMANERE,0.6343,,1,na
34083,COMBES,0.5835,,1,na
65314,MONFAUCON,0.508,,1,na
65450,TRAMEZAIGUES,0.4182,,1,na
08304,MONTIGNY-SUR-MEUSE,0.1718,,1,na
65117,CADEILHAN-TRACHERE,0.8811,,1,na
63401,SAINT-VICTOR-LA-RIVIERE,0.6493,,1,na
65144,CHEUST,0.1935,,1,na
88025,AVRANVILLE,0.1745,,1,na
52289,LIFFOL-LE-PETIT,0.1623,,1,na
2B184,OLCANI,0.8817,,1,na
2B003,AITI,0.4343,,1,na
48004,ALTIER,0.4511,,1,na
2B005,ALANDO,0.1712,,1,na
41250,SOUGE,0.1947,TROO,1,tds
41236,SASNIERES,0.1947,ST RIMAY-HOUSSAY,1,tds
41259,THORE-LA-ROCHETTE,0.1991,,1,tds
36026,BRION,0.2,,1,tds
36027,BRIVES,0.2,,1,tds
41226,SAINT-OUEN,0.1947,,1,tds
38454,SAINT-SAUVEUR,0.1621,,1,ca_hardness
06020,BOLLENE-VESUBIE (LA),0.1929,,1,ca_hardness
38554,VILLEMOIRIEU,0.1723,,1,ca_hardness
04051,CHATEAUNEUF-MIRAVAIL,0.504,CHATEAUNEUF-MIRAVAIL VILLAGE,1,na
36211,SASSIERGES-SAINT-GERMAIN,0.1982,LE LIENNET SUD,1,tds
36064,DIORS,0.1965,LA RINGOIRE,1,tds
36228,VALENCAY,0.2,,1,tds
58155,MARCHE (LA),0.1794,,1,na
2B234,PIOBETTA,0.7706,,1,na
2B227,PIETRICAGGIO,0.2134,,1,na
2B149,LUGO-DI-NAZZA,0.4967,,1,na
2B238,POGGIO-DI-VENACO,0.4417,,1,na
2B260,RIVENTOSA,0.4396,,1,na
2B236,POGGIO-DI-NAZZA,0.6534,,1,na
06037,CAUSSOLS,0.1946,,1,ca_hardness
36162,POULAINES,0.1967,,1,tds
06140,TIGNET (LE),0.1929,,1,ca_hardness
36229,VAL-FOUZON,0.1999,,1,tds
06137,SPERACEDES,0.193,,1,ca_hardness
36004,ANJOUIN,0.7873,,1,tds
41089,FONTENELLE (LA),0.2,LA FONTENELLE,1,tds
58222,RIX,0.1647,,1,ca_hardness
36240,VIJON,0.8757,,1,tds
58041,BRINON-SUR-BEUVRON,0.1691,,1,ca_hardness
41007,AUTHON,0.1823,PRUNAY CASSEREAU,1,tds
38195,IZERON,0.1881,,1,ca_hardness
41186,RAHART,0.1982,DANZE,1,tds
58180,MONTSAUCHE-LES-SETTONS,0.5142,,1,ca_hardness
41087,FONTAINE-LES-COTEAUX,0.2,CELLE,1,tds
41149,MONTOIRE-SUR-LE-LOIR,0.1763,,1,tds
38495,SONE (LA),0.1621,,1,ca_hardness
36184,SAINT-CHARTIER,0.1956,,1,tds
58249,SAINT-LEGER-DE-FOUGERET,0.5837,,1,ca_hardness
38500,TECHE,0.1635,,1,ca_hardness
41128,MAROLLES,0.1982,FOSSE,1,tds
36236,VICQ-EXEMPLET,0.5914,,1,tds
41167,VEUZAIN-SUR-LOIRE,0.2,VAL DE CISSE,1,tds
36220,THENAY,0.2,,1,tds
36221,THEVET-SAINT-JULIEN,0.2,,1,tds
2B122,GAVIGNANO,0.734,,1,na
26089,CHAUDEBONNE,0.1722,,1,ca_hardness
35260,SAINT-CHRISTOPHE-DES-BOIS,0.898,EAU PORTES BRETAGNE_BILLERIE/GRANGE_TAILLIS,1,na
41190,ROCE,0.2,VILLETRUN,1,tds
58212,POISEUX,0.1918,,1,ca_hardness
36050,CHEZELLES,0.2,,1,tds
58052,CHAMPALLEMENT,0.1619,,1,ca_hardness
36057,COINGS,0.2,,1,tds
58014,ARZEMBOUY,0.1642,,1,ca_hardness
58117,FOURCHAMBAULT,0.1583,,1,ca_hardness
36193,SAINTE-GEMME,0.2,BRENNE VENDOEUVRES,1,tds
36204,SAINT-MICHEL-EN-BRENNE,0.2,MEZIERES ST MICHEL,1,tds
36096,LINGE,0.2,FONTGOMBAULT LUREUIL,1,tds
36167,PREUILLY-LA-VILLE,0.2,FONTGOMBAULT,1,tds
38337,RIVES,0.1713,,1,ca_hardness
41249,SOUESMES,0.2821,,1,tds
36160,POMMIERS,0.1912,MAILLET,1,tds
41296,VOUZON,0.228,,1,tds
36099,LOURDOUEIX-SAINT-MICHEL,0.7028,,1,tds
41134,MENARS,0.1991,,1,tds
06086,MOULINET,0.245,,1,ca_hardness
58235,SAINT-BRISSON,0.5767,,1,ca_hardness
58213,POUGNY,0.2771,COSNE SUD,1,na
41044,CHATRES-SUR-CHER,0.1921,MENNETOU SUR CHER,1,tds
41193,ROMILLY,0.2,ST MARC  DU COR,1,tds
06143,TOUET-SUR-VAR,0.1897,,1,ca_hardness
41041,CHAPELLE-VICOMTESSE (LA),0.6795,,1,tds
38058,BREZINS,0.1982,,1,ca_hardness
2B291,STAZZONA,0.7574,,1,na
36244,VILLENTROIS-FAVEROLLES-EN-BERRY,0.1974,,1,tds
95056,BELLOY-EN-FRANCE,0.1947,SYNDICAT DE NORD-ECOUEN,1,tds
95426,MONTLIGNON,0.193,SEDIF 95 EAU DE MERY/OISE,1,tds
95625,US,0.2,SIEVA UDI,1,tds
06126,SAINT-MARTIN-DU-VAR,0.1964,,1,ca_hardness
36054,CLERE-DU-BOIS,0.2,CHATILLON CLERE DU BOIS,1,tds
36145,OBTERRE,0.2,,1,tds
36153,PAULNAY,0.2,AZAY LE FERRON,1,tds
26288,SAHUNE,0.1834,,1,ca_hardness
89019,ARTHONNAY,0.1572,,1,na
41271,VERNOU-EN-SOLOGNE,0.1965,COURMEMIN,1,tds
06115,SAINT-ANTONIN,0.1818,,1,ca_hardness
06051,CROIX-SUR-ROUDOULE (LA),0.182,,1,ca_hardness
06024,BRIANCONNET,0.1962,,1,ca_hardness
06008,AUVARE,0.1861,,1,ca_hardness
41002,ANGE,0.1879,POUILLE,1,tds
06154,VALDEROURE,0.1874,,1,ca_hardness
36161,PONT-CHRETIEN-CHABENET (LE),0.1991,LA PHILIPPIERE CHASSENEUIL,1,tds
36033,CELON,0.2681,CELON,1,tds
06135,SIGALE,0.1921,,1,ca_hardness
36174,ROUSSINES,0.1965,ABLOUX SACIERGES,1,tds
36168,PRISSAC,0.2,,1,tds
06093,PENNE (LA),0.1566,,1,ca_hardness
36094,LIGNAC,0.2,ABLOUX CHAILLAC,1,tds
06005,ASCROS,0.1945,,1,ca_hardness
40165,LUGLON,0.3372,,1,na
41080,FAVEROLLES-SUR-CHER,0.1911,ST JULIEN DE CHEDON,1,tds
41146,MONTHOU-SUR-CHER,0.1448,,1,tds
2B256,RAPAGGIO,0.1863,,1,na
26100,COMBOVIN,0.1873,S SUD VAL COMBOVIN ET PLATEAU,1,na
41132,MEHERS,0.1448,CHEMERY,1,tds
06081,MAS (LE),0.1941,,1,ca_hardness
41004,ARTINS,0.1876,COUTURE SUR LOIR,1,tds
41153,MONTROUVEAU,0.1982,LES HAYES,1,tds
36068,DUN-LE-POELIER,0.4909,ST CHRISTOPHE EN BAZELLE,1,tds
2B068,CARTICASI,0.4924,,1,na
2B029,BARBAGGIO,0.1978,,1,na
2B182,OCCHIATANA,0.6277,,1,na
41114,LESTIOU,0.2,AVARAY- LESTIOU-COURBOUZON-MER,1,tds
04152,PIERREVERT,0.1598,PIERREVERT VILLAGE,1,na
2B252,PRUNO,0.186,,1,na
06016,BEUIL,0.1951,,1,ca_hardness
41182,PRAY,0.2,LANDES LE GAULOIS,1,tds
41287,VILLERABLE,0.1978,NAVEIL,1,tds
06151,UTELLE,0.1838,,1,ca_hardness
41104,HUISSEAU-SUR-COSSON,0.1974,,1,tds
36226,TRANZAULT,0.2423,LA COUARDE OUEST,1,tds
41129,MASLIVES,0.193,ST DYE SUR LOIRE,1,tds
41136,MER,0.2,,1,tds
2B243,POLVEROSO,0.444,,1,na
41156,MULSANS,0.1982,LA CHAPELLE ST MARTIN,1,tds
41085,FERTE-SAINT-CYR (LA),0.1925,LA FERTE ST CYR,1,tds
06162,BRIGUE (LA),0.1944,,1,ca_hardness
2B264,RUSIO,0.4317,,1,na
26277,ROCHE-SUR-GRANE (LA),0.1674,,1,ca_hardness
36091,LACS,0.1912,LA COUARDE MONTGIVRAY,1,tds
2B106,ERONE,0.1903,,1,na
06082,MASSOINS,0.1394,,1,ca_hardness
06139,THIERY,0.1957,,1,ca_hardness
41246,SEUR,0.1369,CHAILLES,1,tds
41006,AUTAINVILLE,0.2,,1,tds
36231,VELLES,0.2,,1,tds
21636,THURY,0.5986,"CABCS, R. THURY",1,na
37124,LARCAY,0.1192,,1,ca_hardness
25590,VAUDRIVILLERS,0.198,VAUDRIVILLERS,1,na
06158,VILLARS-SUR-VAR,0.1959,,1,ca_hardness
41057,CONAN,0.2,OUCQUES,1,tds
2B105,ERBAJOLO,0.713,,1,na
2B255,QUERCITELLO,0.8176,,1,na
2B241,POGGIO-MARINACCIO,0.4203,,1,na
36135,MOULINS-SUR-CEPHONS,0.2,LEVROUX RURAL,1,tds
36237,VICQ-SUR-NAHON,0.2,VALENCAY CHOIZEAU,1,tds
58009,ARBOURSE,0.6213,,1,ca_hardness
58089,COULOUTRE,0.2,,1,ca_hardness
36081,GARGILESSE-DAMPIERRE,0.1965,MAILLET,1,tds
58048,CESSY-LES-BOIS,0.582,,1,ca_hardness
41031,CELLETTES,0.2,,1,tds
41131,MAZANGE,0.1982,LUNAY,1,tds
58072,CHEVENON,0.1592,,1,na
24190,FOULEIX,0.1869,VERGT BOURG,1,ph
41200,SAINTE-ANNE,0.1925,NAVEIL,1,tds
41026,BREVAINVILLE,0.1982,OUZOUER LE DOYEN,1,tds
26112,CURNIER,0.1674,,1,ca_hardness
41216,SAINT-JEAN-FROIDMENTEL,0.193,MOREE,1,tds
40154,LEVIGNACQ,0.8231,,1,na
36076,FONTGOMBAULT,0.2,,1,tds
58279,SICHAMPS,0.2,,1,ca_hardness
06160,VILLENEUVE-D'ENTRAUNES,0.1855,,1,ca_hardness
36117,MENOUX (LE),0.1947,UDI DU SIAEP DE LA GRAVE,1,tds
41038,CHAPELLE-MONTMARTIN (LA),0.2292,ST JULIEN SUR CHER,1,tds
58092,CRUX-LA-VILLE,0.1966,,1,na
2B233,PINO,0.1274,,1,na
41110,LANGON-SUR-CHER,0.1971,VILLEFRANCHE SUR CHER,1,tds
41177,PLESSIS-DORIN (LE),0.2,LE GAULT DU PERCHE,1,tds
41060,CORMENON,0.1982,MONDOUBLEAU,1,tds
06106,ROQUESTERON,0.1942,,1,ca_hardness
41214,SAINT-HILAIRE-LA-GRAVELLE,0.2,FRETEVAL,1,tds
36137,NEONS-SUR-CREUSE,0.193,FONTGOMBAULT,1,tds
41254,TEMPLE (LE),0.193,SARGE SUR BRAYE,1,tds
36177,SACIERGES-SAINT-MARTIN,0.2,,1,tds
41014,BEAUCHENE,0.1965,ST MARC  DU COR,1,tds
41229,SAINT-ROMAIN-SUR-CHER,0.1541,,1,tds
36035,CHAILLAC,0.2,,1,tds
41195,ROUGEOU,0.1947,SOINGS EN SOLOGNE,1,tds
2B059,CANAVAGGIA,0.5719,,1,na
2B333,VALLECALLE,0.2561,,1,na
2B180,NOVELLA,0.6773,,1,na
41030,CELLE,0.1982,,1,tds
35330,TAILLIS,0.8705,EAU PORTES BRETAGNE_BILLERIE/GRANGE_TAILLIS,1,na
41024,BOURSAY,0.1947,,1,tds
2B329,TRALONCA,0.1912,,1,na
06076,LIEUCHE,0.1992,,1,ca_hardness
41081,FAYE,0.1979,VILLETRUN,1,tds
41103,HUISSEAU-EN-BEAUCE,0.193,ST AMAND LONGPRE,1,tds
58079,CLAMECY,0.1692,,1,ca_hardness
58073,CHEVROCHES,0.1655,,1,na
58154,MAISON-DIEU (LA),0.182,,1,ca_hardness
36010,AZAY-LE-FERRON,0.1994,,1,tds
41135,MENNETOU-SUR-CHER,0.195,,1,tds
58053,CHAMPLEMY,0.1819,,1,ca_hardness
41282,VILLEHERVIERS,0.3573,VILLEHERVIERS,1,tds
41289,VILLERMAIN,0.1997,,1,tds
41191,ROCHES,0.1965,TALCY,1,tds
41008,AVARAY,0.2,AVARAY- LESTIOU-COURBOUZON-MER,1,tds
58043,BUSSY-LA-PESLE,0.1774,,1,ca_hardness
26066,CHAFFAL (LE),0.1908,CHAFFAL VILLAGE,1,na
58070,CHAZEUIL,0.1972,,1,ca_hardness
38033,BEAULIEU,0.163,,1,ca_hardness
06036,CASTILLON,0.1742,,1,ca_hardness
36143,NOHANT-VIC,0.1991,,1,tds
36186,SAINT-CHRISTOPHE-EN-BOUCHERIE,0.2,IGNERAIE NORD,1,tds
41155,MUIDES-SUR-LOIRE,0.193,ST DYE SUR LOIRE,1,tds
41070,VALLEE-DE-RONSARD,0.1884,,1,tds
58291,THIANGES,0.7352,,1,na
06063,GARS,0.1976,,1,ca_hardness
41042,CHATEAUVIEUX,0.1947,VILLENTROIS,1,tds
41192,ROCHES-L'EVEQUE (LES),0.1763,MONTOIRE,1,tds
41124,MARCILLY-EN-BEAUCE,0.1925,NAVEIL,1,tds
2B317,SANTA-REPARATA-DI-MORIANI,0.6829,,1,na
41163,NOURRAY,0.1947,CRUCHERAY,1,tds
2B289,SOVERIA,0.199,,1,na
41281,VILLEFRANCOEUR,0.2,SELOMMES,1,tds
58112,FERMETE (LA),0.1718,,1,ca_hardness
36025,BRIANTES,0.1943,LA COUARDE SUD,1,tds
58232,SAINT-BENIN-D'AZY,0.1809,,1,ca_hardness
58231,SAINT-AUBIN-LES-FORGES,0.416,,1,ca_hardness
58239,SAINT-FIRMIN,0.1722,,1,ca_hardness
36214,SAZERAY,0.8468,,1,tds
36055,CLION,0.1997,,1,tds
2B244,POPOLASCA,0.4445,,1,na
36073,FEUSINES,0.6063,STE SEVERE,1,tds
2B081,CASTIGLIONE,0.4716,,1,na
2B248,PRATO-DI-GIOVELLINA,0.7432,,1,na
06116,SAINT-AUBAN,0.1949,,1,ca_hardness
04091,GANAGOBIE,0.142,GANAGOBIE VILLAGE,1,na
37219,SAINT-GENOUPH,0.4749,,1,ca_hardness
36089,JEU-LES-BOIS,0.2423,LA COUARDE OUEST,1,tds
2B183,OGLIASTRO,0.6584,,1,na
41069,COUR-SUR-LOIRE,0.1978,MENARS_COUR/LOIRE,1,tds
2B178,NONZA,0.6217,,1,na
36134,MOUHET,0.2,ABLOUX CHAILLAC,1,tds
36191,SAINT-FLORENTIN,0.2,VATAN,1,tds
36205,SAINT-PIERRE-DE-JARDS,0.2,REUILLY DIOU,1,tds
36146,ORSENNES,0.1965,VAL DE CREUSE ORSENNES,1,tds
36028,BUXERETTE (LA),0.3235,AUZON CLUIS,1,tds
41297,YVOY-LE-MARRON,0.193,,1,tds
2B355,VOLPAJOLA,0.6102,,1,na
2B235,PIOGGIOLA,0.9021,,1,na
41168,ORCAY,0.1947,THEILLAY,1,tds
41109,LANDES-LE-GAULOIS,0.2,,1,tds
58226,SAINT-AGNAN-EN-MORVAN,0.8114,,1,na
41091,FOSSE,0.1912,,1,tds
41093,FRANCAY,0.1883,HERBAULT,1,tds
41234,SANTENAY,0.1885,ORCHAISE,1,tds
41205,SAINT-CYR-DU-GAULT,0.1714,ST NICOLAS DES MOTETS,1,tds
06119,SAINT-DALMAS-LE-SELVAGE,0.5086,,1,ca_hardness
58152,MAGNY-COURS,0.6987,,1,ca_hardness
36209,SAINT-VALENTIN,0.1982,BRION,1,tds
58134,IMPHY,0.1901,,1,ca_hardness
36125,MIGNY,0.2,,1,tds
41285,VILLENY,0.1922,,1,tds
41288,VILLERBON,0.1996,AVERDON VILLERBON,1,tds
58158,MARS-SUR-ALLIER,0.1881,,1,ca_hardness
41074,DHUIZON,0.2586,,1,tds
36071,ETRECHET,0.4021,ARDENTES ETRECHET,1,tds
41119,LORGES,0.2,,1,tds
41219,SAINT-LAURENT-DES-BOIS,0.1991,AUTAINVILLE,1,tds
36248,VOUILLON,0.2,LE LIENNET SUD,1,tds
36007,ARGY,0.1982,LA DEMOISELLE NORD,1,tds
36128,MONTIERCHAUME,0.1965,LA RINGOIRE,1,tds
2B306,SANTA-LUCIA-DI-MERCURIO,0.8186,,1,na
41054,CHOUSSY,0.1343,SASSAY,1,tds
2B078,CASTELLARE-DI-MERCURIO,0.7514,,1,na
2B015,AMPRIANI,0.6516,,1,na
2B080,CASTIFAO,0.5322,,1,na
36158,BADECON-LE-PIN,0.1982,MAILLET,1,tds
06041,CIPIERES,0.1922,,1,ca_hardness
38093,CHATENAY,0.1953,,1,ca_hardness
41228,SAINT-RIMAY,0.1982,ST RIMAY-HOUSSAY,1,tds
36062,CUZION,0.1947,VAL DE CREUSE ORSENNES,1,tds
41065,COULOMMIERS-LA-TOUR,0.2,VILLETRUN,1,tds
36156,PERASSAY,0.9577,STE SEVERE VIJON,1,tds
41243,SELOMMES,0.2,SELOMMES,1,tds
40040,BEYLONGUE,0.3775,,1,na
36185,SAINT-CHRISTOPHE-EN-BAZELLE,0.3201,ST CHRISTOPHE EN BAZELLE,1,tds
36230,VATAN,0.2,,1,tds
36215,SEGRY,0.2,LE COUSSERON,1,tds
41100,HAYES (LES),0.1982,,1,tds
41050,CHEVERNY,0.1965,COUR CHEVERNY,1,tds
58261,SAINT-PERE,0.2,,1,na
36154,PECHEREAU (LE),0.1947,UDI DU SIAEP DE LA GRAVE,1,tds
06053,DALUIS,0.2988,,1,ca_hardness
41237,SASSAY,0.1378,,1,tds
2B335,VALLE-DI-CAMPOLORO,0.8885,,1,na
36003,AMBRAULT,0.2,LE LIENNET SUD,1,tds
41072,CRUCHERAY,0.1965,,1,tds
41279,VILLEDIEU-LE-CHATEAU,0.1893,COUTURE SUR LOIR,1,tds
41184,PRUNAY-CASSEREAU,0.177,,1,tds
41175,PEZOU,0.1982,,1,tds
36136,MURS,0.1982,CLION SUR INDRE,1,tds
41241,SELLES-SAINT-DENIS,0.1982,SELLES ST DENIS,1,tds
36139,NEUILLAY-LES-BOIS,0.2,BRENNE VENDOEUVRES,1,tds
36210,SARZAY,0.2136,,1,tds
2B097,COSTA,0.5476,,1,na
35192,MONTREUIL-DES-LANDES,0.8361,,1,na
2B112,FELICETO,0.7586,,1,na
36032,CEAULMONT,0.275,CELON,1,tds
58125,GIEN-SUR-CURE,0.5422,,1,ca_hardness
41029,CANDE-SUR-BEUVRON,0.136,CHAILLES,1,tds
41233,SAMBIN,0.2,,1,tds
06145,TOURETTE-DU-CHATEAU,0.193,,1,ca_hardness
06052,CUEBRIS,0.191,,1,ca_hardness
36043,CHASSIGNOLLES,0.1965,LA COUARDE SUD,1,tds
2B217,PIAZZOLE,0.189,,1,na
2B202,PARATA,0.191,,1,na
2B164,MONACIA-D'OREZZA,0.1916,,1,na
36163,POULIGNY-NOTRE-DAME,0.1947,LA COUARDE SUD,1,tds
36038,CHAMPILLET,0.5804,IGNERAIE SUD,1,tds
04127,MONTFORT,0.1299,MONTFORT VILLAGE,1,na
06134,SERANON,0.193,,1,ca_hardness
58109,ENTRAINS-SUR-NOHAIN,0.1569,,1,na
58137,LAMENAY-SUR-LOIRE,0.1918,,1,ca_hardness
36129,MONTIPOURET,0.2,LA COUARDE NORD,1,tds
36224,TOURNON-SAINT-MARTIN,0.1965,FONTGOMBAULT,1,tds
36234,VERNEUIL-SUR-IGNERAIE,0.1947,LA COUARDE EST,1,tds
36105,LUREUIL,0.2,,1,tds
36017,BERTHENOUX (LA),0.2,IGNERAIE NORD,1,tds
36066,DOUADIC,0.2,,1,tds
41141,MOISY,0.1978,OUZOUER LE DOYEN,1,tds
58103,DORNECY,0.14,,1,ca_hardness
2B179,NOVALE,0.2028,,1,na
58151,MACHINE (LA),0.7312,,1,na
06026,CABRIS,0.1928,,1,ca_hardness
36216,SELLES-SUR-NAHON,0.1982,ECUEILLE,1,tds
36172,RIVARENNES,0.1965,ST GAULTIER HAUT,1,tds
36053,CIRON,0.2,CIRON OULCHES,1,tds
06056,ENTRAUNES,0.1935,,1,ca_hardness
06040,CHATEAUNEUF-D'ENTRAUNES,0.1936,,1,ca_hardness
2B088,CHIATRA,0.1604,,1,na
2B225,PIETRA-DI-VERDE,0.1721,,1,na
45188,LOURY,0.1346,TRAINOU - LOURY,1,ph
51650,VOILEMONT,0.1582,CCAC VOILEMONT-GIZAUCOURT,1,na
23255,TROIS-FONDS,0.6531,,1,ph
57267,VAL-DE-GUEBLANGE (LE),0.1733,SARRALBE,1,na
57330,HOLVING,0.1696,SARRALBE,1,na
52286,LEURVILLE,0.1726,SYNDICAT DE LA MANOISE,1,ph
55099,CHAMPNEUVILLE,0.1748,RESEAU FGE REGNEVILLE-SUR-MEUSE,1,na
51528,SCRUPT,0.1619,SCRUPT DISTRIBUTION,1,na
08309,MONT-SAINT-REMY,0.2236,S17 CHEMIN BELOEUVRE,1,na
58174,MONTENOISON,0.1711,GIRY,1,ca_hardness
85042,CHAILLE-LES-MARAIS,0.3775,NALLIERS,1,na
78245,FONTENAY-MAUVOISIN,0.1233,JOUY MAUVOISIN PERDREAUVILLE,1,na
57566,REDING,0.6026,WINTERSBOURG,1,na
51102,CAUROY-LES-HERMONVILLE,0.1614,CUGR REGION SAINT THIERRY-CAUROY LES H.,1,na
09325,VAYCHIS,0.3877,,1,na
57614,SAINT-JEAN-KOURTZERODE,0.6059,WINTERSBOURG,1,na
51342,MANCY,0.1759,CAECPC SECTEUR MOSLINS,1,na
65317,MONT,0.9105,,1,na
51453,RECY,0.1739,RECY,1,na
55344,MONTBRAS,0.1921,SIAEP TAILLANCOURT-MONTBRAS,1,na
80142,BRIQUEMESNIL-FLOXICOURT,0.1586,SUD OUEST AMIENOIS UDI,1,na
85118,LANDERONDE,0.431,RESERVOIR DU FOUR,1,na
85138,MARTINET,0.4306,RESERVOIR DU FOUR,1,na
58156,MARCY,0.1892,CHEVANNES-CHANGY,1,ca_hardness
58018,AUTHIOU,0.1886,CHEVANNES-CHANGY,1,ca_hardness
65066,BARRANCOUEU,0.8081,,1,na
55469,SASSEY-SUR-MEUSE,0.1778,MONT DEVANT SASSEY - SASSEY,1,na
77369,POINCY,0.1631,CREGY LES MEAUX - CDA PM,1,na
65140,CAZAUX-DEBAT,0.8059,,1,na
51403,NOGENT-L'ABBESSE,0.1637,CUGR BERRU-BEINE-NOGENT,1,na
30018,ASPERES,0.1294,,1,na
64071,ATHOS-ASPIS,0.1596,REGION DE SAUVETERRE,1,ph
58217,POUSSEAUX,0.1717,CLAMECY,1,ca_hardness
81084,ESCOUSSENS,0.6081,SYNDICAT DU PAS DU SANT,1,ph
65157,ENS,0.8517,,1,na
80521,MAUREPAS,0.154,COMBLES UDI,1,na
51543,SOMME-BIONNE,0.1728,CCAC HANS SOMME-BIONNE,1,na
2B110,FAVALELLO,0.1957,,1,na
09262,SAINT-JEAN-D'AIGUES-VIVES,0.43,LAVELANET/HAUT CANTON MIREPOIX,1,na
60023,ARMANCOURT,0.175,LONGUEUIL SAINTE MARIE RÉSEAU ARCBA,1,na
85105,GUE-DE-VELLUIRE (LE),0.3856,NALLIERS,1,na
31195,FRANCAZAL,0.1874,,1,na
31015,ARGUT-DESSOUS,0.1845,,1,na
02524,MONT-SAINT-PERE,0.157,UDI DE CHATEAU THIERRY,1,ph
02013,AMIFONTAINE,0.1435,,1,ph
46142,LACAPELLE-CABANAC,0.1284,,1,ph
72236,PINCE,0.1887,SABLE SUR SARTHE,1,tds
31355,MONS,0.6321,TM PRODUCTION MONTAGNE NOIRE,1,tds
72330,SAVIGNE-SOUS-LE-LUDE,0.1998,THOREE LES PINS-LES CARTES,1,tds
72167,LOUAILLES,0.1868,SABLE SUR SARTHE,1,tds
81247,SAINT-CIRGUE,0.2687,,1,tds
57107,BREHAIN,0.3763,CHATEAU-SALINS,1,tds
72126,EPINEU-LE-CHEVREUIL,0.1728,BRAINS SUR GEE,1,tds
57050,BARCHAIN,0.6474,LORQUIN-GONDREXANGE,1,tds
63389,SAINT-QUENTIN-SUR-SAUXILLANGES,0.5868,SME D'ISSOIRE SUD,1,tds
72106,COURTILLERS,0.188,SABLE SUR SARTHE,1,tds
72110,CROSMIERES,0.1927,BAZOUGES SUR LE LOIR,1,tds
16068,CELLEFROUIN,0.1999,MOUVIERE,1,tds
16330,SAINT-LAURENT-DE-COGNAC,0.2,ILE MARTEAU,1,tds
49236,PASSAVANT-SUR-LAYON,0.4372,VIHIERSOIS,1,tds
19289,YSSANDON,0.7987,AGUDOUR,1,tds
49334,SERMAISE,0.2078,JARZE,1,tds
49109,CORON,0.4371,VIHIERSOIS,1,tds
81271,SAINT-SULPICE-LA-POINTE,0.7177,SYNDICAT MONTAGNE NOIRE,1,tds
42273,SAINT-PIERRE-LA-NOAILLE,0.2,,1,tds
17388,SAINT-QUANTIN-DE-RANCANNE,0.2,,1,tds
17259,NEULLES,0.1997,,1,tds
03021,BEGUES,0.8365,,1,tds
50455,SAINT-CLAIR-SUR-L'ELLE,0.9079,BOIS BRETEL,1,tds
50356,MOON-SUR-ELLE,0.9156,BOIS BRETEL,1,tds
71323,MORNAY,0.8446,ARCONCE-VINDECY-BEAUBERY,1,tds
76441,MONCHAUX-SORENG,0.2,,1,tds
76172,CHAPELLE-SUR-DUN (LA),0.2,ANGIENS,1,tds
03150,LOUROUX-BOURBONNAIS,0.4924,RESEAU NORD RIVE DROITE CHER,1,tds
42225,GENILAC,0.6702,GENILAC,1,tds
40170,MAILLERES,0.193,SECTEUR_PAR_LA_BACHE_DE_LABRIT,1,tds
95024,ARTHIES,0.193,SYNDICAT SOURCE ST ROMAIN,1,tds
35357,VILLAMEE,0.7202,EAU PAYS FOUGERES_PONT JUHEL_LOUVIGNE DU DESERT,1,tds
50507,SAINT-MARCOUF,0.3857,MONTEBOURG,1,tds
